source_url,source_url_citation,page_title,page_title_citation,breadcrumb_path_citation,section_heading,section_heading_citation,content_body,content_body_citation,crawl_depth,crawl_depth_citation,image_source_urls,image_source_urls_citation,breadcrumb_path,table_data_raw,table_data_raw_citation
https://support.google.com/googlepixelbuds/answer/10964222,https://support.google.com/googlepixelbuds/answer/10964222,Troubleshoot a pairing issue,https://support.google.com/googlepixelbuds/answer/10964222,https://support.google.com/googlepixelbuds/answer/10964222,Step 3: Reset your Google Pixel Buds,https://support.google.com/googlepixelbuds/answer/10964222,"Resetting your Pixel Buds and their case will reset all settings. This includes the device name and your preferences for enabling and disabling features. For Pixel Buds Pro 2, this also resets the ability to locate them using Find Hub. To reset your Pixel Buds:

1. Go to your device’s Bluetooth settings and forget Google Pixel Buds.
2. Plug the charging case into a power source with a USB-C® cable.
3. Make sure the Pixel Buds are seated within the charging case and leave the charging case open.

**Tip:** If buds aren't placed correctly in the charging case, the reset process won't begin.

![Store & charge your buds](https://storage.googleapis.com/support-kms-prod/fkCPBCOVWFBKVTOvTwtZCmRfA4qyhwpdDbkL)

4. On the back of the case, press and hold the pairing button for 30 seconds. Leave the charging case open the entire time.
5. When the earbuds status light stops bouncing and turns off, let go of the pairing button.
   - For Google Pixel Buds, this is the light inside the opened case.
6. Check the earbuds status lights.
   - **During the reset process:** The status light will blink orange and white.
   - **After the reset process:** The status light will bounce white again. This means your Pixel Buds have been reset and are ready for pairing with your devices.

**Tip:** Pixel Buds Pro 2 or 2a acquired from a previous owner or a reseller need to be reset to transfer ownership of the Pixel Buds to you. This is necessary for the Find Hub network to find or track your Pixel Buds Pr",https://support.google.com/googlepixelbuds/answer/10964222,1,https://support.google.com/googlepixelbuds/answer/10964222,,,,,
https://support.google.com/googlepixelbuds/answer/10964222,https://support.google.com/googlepixelbuds/answer/10964222,Troubleshoot a pairing issue,https://support.google.com/googlepixelbuds/answer/10964222,https://support.google.com/googlepixelbuds/answer/10964222,Pixel Buds won't enter pairing mode,https://support.google.com/googlepixelbuds/answer/10964222,"1. Ensure the charging case has power by plugging it in using the included USB-C cable.
2. Place the Pixel Buds in the charging case with the lid closed for 10 minutes.
3. Remove the Pixel Buds from the charging case for at least 3 seconds.
4. Replace the Pixel Buds back in the charging case. Match the L & R indicators of the Pixel Buds to the charging case magnetized pockets, a green LED ![](https://lh3.googleusercontent.com/JH-ueU_mI5cElLnwBm3TiRL68Zd22ZxBgGPXUlZrY6A9plXv6PDYxx6GsnYEmT5NIRY=h36) will appear, and close the case.
5. Open the charging case next to your phone with Google Pixel Buds still inside.
6. If there's one white LED pulsing ![](https://lh3.googleusercontent.com/5n_h97RJSNUWJBm3DZPZJXAO72nie7-iiS0P02xE4_zGdqu3jRJ-trgOcIZHgdc0KA=h36)**,** your device is ready to pair.
7. Find a pop-up notification on your phone that'll take you through the rest of the set up.",https://support.google.com/googlepixelbuds/answer/10964222,1,https://support.google.com/googlepixelbuds/answer/10964222,,,,,
https://support.google.com/googlepixelbuds/answer/10964222,https://support.google.com/googlepixelbuds/answer/10964222,Troubleshoot a pairing issue,https://support.google.com/googlepixelbuds/answer/10964222,https://support.google.com/googlepixelbuds/answer/10964222,Reset your charging case,https://support.google.com/googlepixelbuds/answer/10964222,"1. Remove the Pixel Buds from the charging case.
2. Press and hold the charging case button for 40 seconds. Upon initial button press, white LEDs ![](https://lh3.googleusercontent.com/rTWRLumHzH80AdWaZKVIsshIfdel8ynbKBHuaOLIFOSrE3kpJ7Pn2_IlMjPVzaFhRn4=h36) will appear.

![Button located above right Pixel Bud in charging case](https://lh3.googleusercontent.com/CDHWBcbm6-8Fc71KdMhzepHkxgRkCqwQAfTA-ox1OqPaCFe6zjosjsgT4JujK5Yo_3yY=w600)
3. After 7 seconds, the LEDs will turn off. Continue to press the charging case button.

![](https://lh3.googleusercontent.com/siLfAfNPluGmiCPfMOhyRCBzcDfChSBGnJ4srQiTttASxQfYSEQx27sWlOKJ8ziWmyBX=w600)
4. At the end of 40 seconds, the leftmost LED will dimly flash amber ![](https://lh3.googleusercontent.com/Tt1k2dogoQztmEQ-woN9Qvnwxseqj5KbDcBfKf1bi6x4SA7pHafidftk9TO6grGlk1Q=w64) 7 times.

After resetting your charging case, the Pixel Buds will respond while inside the case. This includes:

- 
- 
-",https://support.google.com/googlepixelbuds/answer/10964222,1,https://support.google.com/googlepixelbuds/answer/10964222,,,,,
https://support.google.com/googlepixelbuds/answer/10964222,https://support.google.com/googlepixelbuds/answer/10964222,Troubleshoot a pairing issue,https://support.google.com/googlepixelbuds/answer/10964222,https://support.google.com/googlepixelbuds/answer/10964222,Re-pair your Pixel Buds with your phone,https://support.google.com/googlepixelbuds/answer/10964222,"1. While the charging case shows a green LED ![](https://lh3.googleusercontent.com/JH-ueU_mI5cElLnwBm3TiRL68Zd22ZxBgGPXUlZrY6A9plXv6PDYxx6GsnYEmT5NIRY=h36), hold the case button for 3 seconds.
2. If you see one white LED pulsing ![](https://lh3.googleusercontent.com/5n_h97RJSNUWJBm3DZPZJXAO72nie7-iiS0P02xE4_zGdqu3jRJ-trgOcIZHgdc0KA=h36), your device is ready to pair.
3. Find a pop-up notification on your phone that'll take you through the rest of the setup.
4. On certain Android devices, you may need to find your Google Pixel Buds in the Bluetooth settings menu and add them as a new device.

Google, Pixel, G logo, and related logos and marks are trademarks of Google LLC.

USB-C® is a registered trademark of USB Implementers Forum.

The Bluetooth® word mark and logo are registered trademarks owned by Bluetooth SIG, Inc.

Give feedback about this article

Choose a section to give feedback on",https://support.google.com/googlepixelbuds/answer/10964222,1,https://support.google.com/googlepixelbuds/answer/10964222,,,,,
https://support.google.com/googlepixelbuds/answer/16671581,https://support.google.com/googlepixelbuds/answer/16671581,Fix Pixel Buds that won't charge,https://support.google.com/googlepixelbuds/answer/16671581,https://support.google.com/googlepixelbuds/answer/16671581,Step 3: Charge your Pixel Buds for at least 30 minutes,https://support.google.com/googlepixelbuds/answer/16671581,"1. **Plug in the case:** While your earbuds are inside, connect the charging case to a power source.

2. **Charge for 30 minutes:** Let your Pixel Buds charge for at least 30 minutes before trying to pair them again.

3. **Pair your earbuds:** After charging, follow the steps to pair your Pixel Buds with your device. .",https://support.google.com/googlepixelbuds/answer/16671581,1,https://support.google.com/googlepixelbuds/answer/16671581,,,,,
https://support.google.com/googlepixelbuds/answer/16671581,https://support.google.com/googlepixelbuds/answer/16671581,Fix Pixel Buds that won't charge,https://support.google.com/googlepixelbuds/answer/16671581,https://support.google.com/googlepixelbuds/answer/16671581,Charge your Google Pixel Buds,https://support.google.com/googlepixelbuds/answer/16671581,"1. Match the L and R indicators of the Pixel Buds to the charging case magnetized pockets.

2. Once they're in, press down to make sure the charging pins are firmly in place. After placing your earbuds in their pockets, secure the cord by wrapping it around the rim of the charging case. This helps you carry your Pixel Buds while they're charging.

![](https://lh3.googleusercontent.com/YBk0M3Zl7G31ZDrs-Ssmx-9pRvJsCedwDYRFbnpde0d9X38jmgqbuTlow-SQLjE6bA=w600)

3. A green LED light appears, indicating that your Pixel Buds are charging.

![](https://lh3.googleusercontent.com/zlhFpUqAVik0U3JsVKYAVyOLEkvq5DTbEKyz4rfhcs7LqPkThlUPgwtT5CotRzbX_KI=w600)

**Tip:** The charging case must be closed for your Pixel Buds to charge properly.",https://support.google.com/googlepixelbuds/answer/16671581,1,https://support.google.com/googlepixelbuds/answer/16671581,,,,,
https://support.google.com/googlepixelbuds/answer/16671581,https://support.google.com/googlepixelbuds/answer/16671581,Fix Pixel Buds that won't charge,https://support.google.com/googlepixelbuds/answer/16671581,https://support.google.com/googlepixelbuds/answer/16671581,Charge your Google Pixel Buds case,https://support.google.com/googlepixelbuds/answer/16671581,"Plug the included USB-C to USB-A cable into a power source. It will take about 1.5 hours to fully charge the case from 0% to 100%.

![](https://lh3.googleusercontent.com/VdAJEAtHzNrd7vymNxPKGCig7L63MO7J48a7h0KCUd5wTZytViL355pWknuqL1Dllg=w320)",https://support.google.com/googlepixelbuds/answer/16671581,1,https://support.google.com/googlepixelbuds/answer/16671581,,,,,
https://support.google.com/googlepixelbuds/answer/16671581,https://support.google.com/googlepixelbuds/answer/16671581,Fix Pixel Buds that won't charge,https://support.google.com/googlepixelbuds/answer/16671581,https://support.google.com/googlepixelbuds/answer/16671581,Learn when to charge your Pixel Buds,https://support.google.com/googlepixelbuds/answer/16671581,"Get up to 5 hours of listening time on a single charge. When you're running low, simply place your Pixel Buds back in their charging case.

A fully charged case can recharge your earbuds multiple times, giving you up to 24 hours of total listening time.

Google Pixel Buds battery performance statistics are approximate and are based on listening time, audio control, and other factors. Actual results may vary. The case must be sufficiently charged. Testing conducted September 2017 on pre-production Pixel Buds connected to a pre-production Pixel 2 phone. Total listening times are approximate and are measured using fully charged Google Pixel Buds and a fully charged case for the first Google Pixel Buds recharge cycle. Actual results may vary. Google Pixel Buds battery testing conducted in September 2017 on pre-production Pixel Buds connected to a pre-production Pixel 2 phone.",https://support.google.com/googlepixelbuds/answer/16671581,1,https://support.google.com/googlepixelbuds/answer/16671581,,,,,
https://support.google.com/googlepixelbuds/answer/16671581,https://support.google.com/googlepixelbuds/answer/16671581,Fix Pixel Buds that won't charge,https://support.google.com/googlepixelbuds/answer/16671581,https://support.google.com/googlepixelbuds/answer/16671581,Check the battery level of your Pixel Buds,https://support.google.com/googlepixelbuds/answer/16671581,"**Bluetooth settings (Requires a Pixel 2 or later)**

![](https://lh3.googleusercontent.com/YY9OizY_W7fkVM_AQ0PJBO3C-EAus-94T-MdHzCQAhf23Sak2ZYEyMo1PqHsl6lp9w=w700)

**Headphones settings in Google Assistant**

1. Press and hold the center button on your phone to invoke your Google Assistant.

![](https://lh3.googleusercontent.com/K8RfmjwmxqM1KoQM98N9DElsqTzAaYLpeSrQCmkRp5iIckz-k01Ze5berqrZQL55Vg=w700)

2. Tap on Headphones settings ![](https://lh3.googleusercontent.com/gvZNGtKIrXkYO92cPB8HbjQ3Tfjn4Nq7Hyg9YDTKoPpzDgsQKSZqMyKVbxaeYxfJO6E=w18).

![](https://lh3.googleusercontent.com/gXUbkvdQHlJMyg8i8CH2AvBmPRlceV1A7pYabHZlekoP89GAX_HTh2X6FAbq35xK9TU=w700)

3. Your device settings display the Pixel Buds battery level.

Give feedback about this article

Choose a section to give feedback on",https://support.google.com/googlepixelbuds/answer/16671581,1,https://support.google.com/googlepixelbuds/answer/16671581,,,,,
https://support.google.com/googlepixelbuds/answer/9991816,https://support.google.com/googlepixelbuds/answer/9991816,Troubleshoot connectivity issues,https://support.google.com/googlepixelbuds/answer/9991816,https://support.google.com/googlepixelbuds/answer/9991816,Check the connection between your Pixel Buds and your host device and update your firmware,https://support.google.com/googlepixelbuds/answer/9991816,"1. Confirm that your Pixel Buds and charging case .
2. Confirm that your source device's (phone/laptop/tablet) Bluetooth® is on, and that your Pixel Buds are close by and .
3. On your source device (may be your phone or laptop), turn Bluetooth off, then turn it back on.
4. Wait for the Pixel Buds to automatically reconnect with your previously connected source device. This can take several seconds. If necessary, please make sure your source device is connected by selecting ""Pixel Buds"" from the source device's Bluetooth menu.
5. Make sure you have the .",https://support.google.com/googlepixelbuds/answer/9991816,1,https://support.google.com/googlepixelbuds/answer/9991816,,,,,
https://support.google.com/googlepixelbuds/answer/9991816,https://support.google.com/googlepixelbuds/answer/9991816,Troubleshoot connectivity issues,https://support.google.com/googlepixelbuds/answer/9991816,https://support.google.com/googlepixelbuds/answer/9991816,Test your internet connection,https://support.google.com/googlepixelbuds/answer/9991816,"1. Try downloading the content you are playing to ensure that the problem isn't from streaming or poor internet connection.
2. While testing, make sure your source device is not transitioning from Wi-Fi to Cellular data as this can impact Bluetooth connectivity.

**Note**: This could happen right outside your home or apartment, where the Wi-Fi signal is very low but still connected.",https://support.google.com/googlepixelbuds/answer/9991816,1,https://support.google.com/googlepixelbuds/answer/9991816,,,,,
https://support.google.com/googlepixelbuds/answer/9991816,https://support.google.com/googlepixelbuds/answer/9991816,Troubleshoot connectivity issues,https://support.google.com/googlepixelbuds/answer/9991816,https://support.google.com/googlepixelbuds/answer/9991816,If you are still experiencing connectivity issues try these steps,https://support.google.com/googlepixelbuds/answer/9991816,"1. , restart the device you wish to connect with your Pixel Buds, and pair your Pixel Buds with the device again.
2. Try .
3. If you need additional help, you can contact .

Google, Pixel, and related logos and marks are trademarks of Google LLC.

The Bluetooth® word mark and logo are registered trademarks owned by Bluetooth SIG, Inc.

Give feedback about this article

Choose a section to give feedback on",https://support.google.com/googlepixelbuds/answer/9991816,1,https://support.google.com/googlepixelbuds/answer/9991816,,,,,
https://support.google.com/googlepixelbuds/answer/10964222,https://support.google.com/googlepixelbuds/answer/10964222,Troubleshoot a pairing issue,https://support.google.com/googlepixelbuds/answer/10964222,https://support.google.com/googlepixelbuds/answer/10964222,Overview,https://support.google.com/googlepixelbuds/answer/10964222,"# Troubleshoot a pairing issue

**Important:** If you received a replacement or purchased a single part replacement, you’ll use the same pairing process.

Pixel Buds won't connect to my device",https://support.google.com/googlepixelbuds/answer/10964222,1,https://support.google.com/googlepixelbuds/answer/10964222,"https://storage.googleapis.com/support-kms-prod/fkCPBCOVWFBKVTOvTwtZCmRfA4qyhwpdDbkL,https://lh3.googleusercontent.com/JH-ueU_mI5cElLnwBm3TiRL68Zd22ZxBgGPXUlZrY6A9plXv6PDYxx6GsnYEmT5NIRY=h36,https://lh3.googleusercontent.com/5n_h97RJSNUWJBm3DZPZJXAO72nie7-iiS0P02xE4_zGdqu3jRJ-trgOcIZHgdc0KA=h36,https://lh3.googleusercontent.com/5n_h97RJSNUWJBm3DZPZJXAO72nie7-iiS0P02xE4_zGdqu3jRJ-trgOcIZHgdc0KA=h36,https://lh3.googleusercontent.com/CDHWBcbm6-8Fc71KdMhzepHkxgRkCqwQAfTA-ox1OqPaCFe6zjosjsgT4JujK5Yo_3yY=w600,https://lh3.googleusercontent.com/rTWRLumHzH80AdWaZKVIsshIfdel8ynbKBHuaOLIFOSrE3kpJ7Pn2_IlMjPVzaFhRn4=h36,https://lh3.googleusercontent.com/JH-ueU_mI5cElLnwBm3TiRL68Zd22ZxBgGPXUlZrY6A9plXv6PDYxx6GsnYEmT5NIRY=h36,https://lh3.googleusercontent.com/JH-ueU_mI5cElLnwBm3TiRL68Zd22ZxBgGPXUlZrY6A9plXv6PDYxx6GsnYEmT5NIRY=h36,https://lh3.googleusercontent.com/rTWRLumHzH80AdWaZKVIsshIfdel8ynbKBHuaOLIFOSrE3kpJ7Pn2_IlMjPVzaFhRn4=h36,https://lh3.googleusercontent.com/CDHWBcbm6-8Fc71KdMhzepHkxgRkCqwQAfTA-ox1OqPaCFe6zjosjsgT4JujK5Yo_3yY=w600,https://lh3.googleusercontent.com/siLfAfNPluGmiCPfMOhyRCBzcDfChSBGnJ4srQiTttASxQfYSEQx27sWlOKJ8ziWmyBX=w600,https://lh3.googleusercontent.com/Tt1k2dogoQztmEQ-woN9Qvnwxseqj5KbDcBfKf1bi6x4SA7pHafidftk9TO6grGlk1Q=w64,https://lh3.googleusercontent.com/rTWRLumHzH80AdWaZKVIsshIfdel8ynbKBHuaOLIFOSrE3kpJ7Pn2_IlMjPVzaFhRn4=h36,https://lh3.googleusercontent.com/JH-ueU_mI5cElLnwBm3TiRL68Zd22ZxBgGPXUlZrY6A9plXv6PDYxx6GsnYEmT5NIRY=h36,https://lh3.googleusercontent.com/JH-ueU_mI5cElLnwBm3TiRL68Zd22ZxBgGPXUlZrY6A9plXv6PDYxx6GsnYEmT5NIRY=h36,https://lh3.googleusercontent.com/5n_h97RJSNUWJBm3DZPZJXAO72nie7-iiS0P02xE4_zGdqu3jRJ-trgOcIZHgdc0KA=h36",https://support.google.com/googlepixelbuds/answer/10964222,,,
https://support.google.com/googlepixelbuds/answer/10964222,https://support.google.com/googlepixelbuds/answer/10964222,Troubleshoot a pairing issue,https://support.google.com/googlepixelbuds/answer/10964222,https://support.google.com/googlepixelbuds/answer/10964222,Step 1: Forget Bluetooth® device on your phones,https://support.google.com/googlepixelbuds/answer/10964222,"1. Go to your device’s Bluetooth settings and forget Google Pixel Buds.
2. Leave the charging case open and ensure the Pixel Buds are securely seated inside.
3. Press and hold the pairing button for 3 seconds.
4. If you detect the bouncing white case status light, your device is ready to pair.
5. Find a pop-up notification on your phone that will take you through the rest of the setup.
6. On some Android devices, you may need to find your Google Pixel Buds in the Bluetooth settings menu and add them as a new device.",https://support.google.com/googlepixelbuds/answer/10964222,1,https://support.google.com/googlepixelbuds/answer/10964222,,,,,
https://support.google.com/googlepixelbuds/answer/10964222,https://support.google.com/googlepixelbuds/answer/10964222,Troubleshoot a pairing issue,https://support.google.com/googlepixelbuds/answer/10964222,https://support.google.com/googlepixelbuds/answer/10964222,Step 2: Ensure your earbuds are responding,https://support.google.com/googlepixelbuds/answer/10964222,"1. Plug the charging case into a power source with the included USB-A to USB-C® cable.
2. Remove the Pixel Buds from the case.
3. Replace one earbud and observe the . It’ll blink when the earbud is inserted into the case. The light turns orange if the earbud is charging, or white if it’s fully charged.
4. Replace the other earbud and wait for the earbuds status light to blink.
   - If either earbud is charging, the light will be orange.
   - If both are fully charged the light will be white.",https://support.google.com/googlepixelbuds/answer/10964222,1,https://support.google.com/googlepixelbuds/answer/10964222,,,,,
https://support.google.com/googlepixelbuds/answer/10964222,https://support.google.com/googlepixelbuds/answer/10964222,Troubleshoot a pairing issue,https://support.google.com/googlepixelbuds/answer/10964222,https://support.google.com/googlepixelbuds/answer/10964222,If a set up notification didn't pop up:,https://support.google.com/googlepixelbuds/answer/10964222,"1. Remove the Pixel buds from the charging case for more than 3 seconds, then put them back in the case.
2. Close and reopen the case.
3. Press and hold the case button for 3 seconds. If there’s one white LED pulsing ![](https://lh3.googleusercontent.com/5n_h97RJSNUWJBm3DZPZJXAO72nie7-iiS0P02xE4_zGdqu3jRJ-trgOcIZHgdc0KA=h36), your device is ready to pair.

![Button located above right Pixel Bud in charging case](https://lh3.googleusercontent.com/CDHWBcbm6-8Fc71KdMhzepHkxgRkCqwQAfTA-ox1OqPaCFe6zjosjsgT4JujK5Yo_3yY=w600)
4. Find a pop-up notification on your phone that’ll take you through the rest of the setup.
5. On certain Android devices, you may need to find your Google Pixel Buds and add them as a new device.",https://support.google.com/googlepixelbuds/answer/10964222,1,https://support.google.com/googlepixelbuds/answer/10964222,,,,,
https://support.google.com/googlepixelbuds/answer/10964222,https://support.google.com/googlepixelbuds/answer/10964222,Troubleshoot a pairing issue,https://support.google.com/googlepixelbuds/answer/10964222,https://support.google.com/googlepixelbuds/answer/10964222,Buds do not respond inside of the case,https://support.google.com/googlepixelbuds/answer/10964222,"Before you attempt to reset your charging case, make sure that your Pixel Buds are unable to respond to any interactions with the charging case. To test this:

1. Remove and replace the Pixel Buds inside of the charging case. Gently press them into their slots to ensure they are seated properly.
2. Once seated, press the case button.

If working properly, pressing the case button should toggle between the charging case battery level, white LEDs ![](https://lh3.googleusercontent.com/rTWRLumHzH80AdWaZKVIsshIfdel8ynbKBHuaOLIFOSrE3kpJ7Pn2_IlMjPVzaFhRn4=h36), and the Pixel Buds' charging status, green LED ![](https://lh3.googleusercontent.com/JH-ueU_mI5cElLnwBm3TiRL68Zd22ZxBgGPXUlZrY6A9plXv6PDYxx6GsnYEmT5NIRY=h36). This indicates your buds are able to respond to the case and no further action is necessary.

If you're unable to toggle to a green LED ![](https://lh3.googleusercontent.com/JH-ueU_mI5cElLnwBm3TiRL68Zd22ZxBgGPXUlZrY6A9plXv6PDYxx6GsnYEmT5NIRY=h36) after the steps above, begin the reset process:",https://support.google.com/googlepixelbuds/answer/10964222,1,https://support.google.com/googlepixelbuds/answer/10964222,,,,,
https://support.google.com/googlepixelbuds/answer/10964222,https://support.google.com/googlepixelbuds/answer/10964222,Troubleshoot a pairing issue,https://support.google.com/googlepixelbuds/answer/10964222,https://support.google.com/googlepixelbuds/answer/10964222,Ensure you can toggle between LEDs,https://support.google.com/googlepixelbuds/answer/10964222,"1. Replace the Pixel Buds inside the case.
2. Verify that you can toggle between white LEDs ![](https://lh3.googleusercontent.com/rTWRLumHzH80AdWaZKVIsshIfdel8ynbKBHuaOLIFOSrE3kpJ7Pn2_IlMjPVzaFhRn4=h36) and a single green LED ![](https://lh3.googleusercontent.com/JH-ueU_mI5cElLnwBm3TiRL68Zd22ZxBgGPXUlZrY6A9plXv6PDYxx6GsnYEmT5NIRY=h36) by pressing the charging case button.",https://support.google.com/googlepixelbuds/answer/10964222,1,https://support.google.com/googlepixelbuds/answer/10964222,,,,,
https://support.google.com/googlepixelbuds/answer/10964222,https://support.google.com/googlepixelbuds/answer/10964222,Troubleshoot a pairing issue,https://support.google.com/googlepixelbuds/answer/10964222,https://support.google.com/googlepixelbuds/answer/10964222,Try these next steps:,https://support.google.com/googlepixelbuds/answer/10964222,"true

Search

Clear search

Close search

Main menu

Google apps

10322817529138184680

true

Search Help Center

false

true

true

true

    

 [Google Pixel Buds](https://store.google.com/product/google_pixel_buds?utm_source=help_center&utm_medium=google_oo&utm_campaign=GS105480)

[Privacy Policy](https://www.google.com/intl/en/privacy.html) [Terms of Service",https://support.google.com/googlepixelbuds/answer/10964222,1,https://support.google.com/googlepixelbuds/answer/10964222,,,,,
https://support.google.com/googlepixelbuds/answer/10964222,https://support.google.com/googlepixelbuds/answer/10964222,Troubleshoot a pairing issue,https://support.google.com/googlepixelbuds/answer/10964222,https://support.google.com/googlepixelbuds/answer/10964222,What is the issue with this selection?,https://support.google.com/googlepixelbuds/answer/10964222,"What is the issue with this selection?

Inaccurate - doesn't match what I see in the product

Hard to understand - unclear or translation is wrong

Missing info - relevant but not comprehensive

Irrelevant - doesn’t match the title and / or my expectations

Minor errors - formatting issues, typos, and / or broken links

Other suggestions - ideas to improve the content",https://support.google.com/googlepixelbuds/answer/10964222,1,https://support.google.com/googlepixelbuds/answer/10964222,,,,,
https://support.google.com/googlepixelbuds/answer/10964222,https://support.google.com/googlepixelbuds/answer/10964222,Troubleshoot a pairing issue,https://support.google.com/googlepixelbuds/answer/10964222,https://support.google.com/googlepixelbuds/answer/10964222,Share additional info or suggestions,https://support.google.com/googlepixelbuds/answer/10964222,"​

​

Do not share any personal info

Cancel

Submit

By continuing, you agree Google uses your answers,  to improve services, per our [Privacy](https://myaccount.google.com/privacypolicy?hl=en) & [Terms](https://policies.google.com/terms?hl=en).

false

false

false",https://support.google.com/googlepixelbuds/answer/10964222,1,https://support.google.com/googlepixelbuds/answer/10964222,,,,,
https://support.google.com/googlepixelbuds/answer/16671581,https://support.google.com/googlepixelbuds/answer/16671581,Fix Pixel Buds that won't charge,https://support.google.com/googlepixelbuds/answer/16671581,https://support.google.com/googlepixelbuds/answer/16671581,Overview,https://support.google.com/googlepixelbuds/answer/16671581,"# Fix Pixel Buds that won't charge

**Important:** Allow your earbuds’ battery to fully empty before recharging them to 100%.

If you're having trouble charging your Pixel Buds or their charging case, it can be due to a few different issues. Sometimes, it's a simple fix like a poor connection or a dirty charging port.

This guide will walk you through common scenarios and provide troubleshooting steps to help you get your Pixel Buds back to a full charge.",https://support.google.com/googlepixelbuds/answer/16671581,1,https://support.google.com/googlepixelbuds/answer/16671581,"https://lh3.googleusercontent.com/YBk0M3Zl7G31ZDrs-Ssmx-9pRvJsCedwDYRFbnpde0d9X38jmgqbuTlow-SQLjE6bA=w600,https://lh3.googleusercontent.com/zlhFpUqAVik0U3JsVKYAVyOLEkvq5DTbEKyz4rfhcs7LqPkThlUPgwtT5CotRzbX_KI=w600,https://lh3.googleusercontent.com/VdAJEAtHzNrd7vymNxPKGCig7L63MO7J48a7h0KCUd5wTZytViL355pWknuqL1Dllg=w320,https://lh3.googleusercontent.com/YY9OizY_W7fkVM_AQ0PJBO3C-EAus-94T-MdHzCQAhf23Sak2ZYEyMo1PqHsl6lp9w=w700,https://lh3.googleusercontent.com/K8RfmjwmxqM1KoQM98N9DElsqTzAaYLpeSrQCmkRp5iIckz-k01Ze5berqrZQL55Vg=w700,https://lh3.googleusercontent.com/gvZNGtKIrXkYO92cPB8HbjQ3Tfjn4Nq7Hyg9YDTKoPpzDgsQKSZqMyKVbxaeYxfJO6E=w18,https://lh3.googleusercontent.com/gXUbkvdQHlJMyg8i8CH2AvBmPRlceV1A7pYabHZlekoP89GAX_HTh2X6FAbq35xK9TU=w700",https://support.google.com/googlepixelbuds/answer/16671581,,,
https://support.google.com/googlepixelbuds/answer/16671581,https://support.google.com/googlepixelbuds/answer/16671581,Fix Pixel Buds that won't charge,https://support.google.com/googlepixelbuds/answer/16671581,https://support.google.com/googlepixelbuds/answer/16671581,"Step 1: Make sure your Pixel Buds are clean, the charging case has power, and you have the charging cord",https://support.google.com/googlepixelbuds/answer/16671581,"**Tip:** Your Google Pixel Buds and Google Pixel Buds A come with a USB-A to USB-C cable.

- **Clean the charging contacts:** Use a dry, soft cloth to wipe the magnetic charging contacts on both your Pixel Buds and inside the charging case. .

- **Charge the case:** Make sure your charging case is fully charged. You can check the case's status light if it's charging properly. .

- **Check the charging cord:** Ensure your charging cable is undamaged and free of any obstructions.

- **For wireless charging:** Try repositioning the case on the charging surface.",https://support.google.com/googlepixelbuds/answer/16671581,1,https://support.google.com/googlepixelbuds/answer/16671581,,,,,
https://support.google.com/googlepixelbuds/answer/16671581,https://support.google.com/googlepixelbuds/answer/16671581,Fix Pixel Buds that won't charge,https://support.google.com/googlepixelbuds/answer/16671581,https://support.google.com/googlepixelbuds/answer/16671581,Step 2: Put your Pixel Buds back in the charging case,https://support.google.com/googlepixelbuds/answer/16671581,"1. **Check the eartips:** Make sure the eartips are securely attached to your earbuds.

2. **Place the earbuds in the case:** Put each Pixel Bud back into its charging case.

3. **Check on the status light:** The status light on the case should blink when each earbud is correctly placed. If a light doesn't appear, gently adjust the earbud until the light comes on.

**Tip:** You can also try to close and open the lid. This helps to adjust your buds into the exact right sitting orientation.",https://support.google.com/googlepixelbuds/answer/16671581,1,https://support.google.com/googlepixelbuds/answer/16671581,,,,,
https://support.google.com/googlepixelbuds/answer/16671581,https://support.google.com/googlepixelbuds/answer/16671581,Fix Pixel Buds that won't charge,https://support.google.com/googlepixelbuds/answer/16671581,https://support.google.com/googlepixelbuds/answer/16671581,Pixel Buds (Gen 1),https://support.google.com/googlepixelbuds/answer/16671581,"**Important:** For safe charging of your Pixel Buds, be sure to read and follow the safety instructions in the ""Be Safe"" guide that comes with your earbuds.",https://support.google.com/googlepixelbuds/answer/16671581,1,https://support.google.com/googlepixelbuds/answer/16671581,,,,,
https://support.google.com/googlepixelbuds/answer/16671581,https://support.google.com/googlepixelbuds/answer/16671581,Fix Pixel Buds that won't charge,https://support.google.com/googlepixelbuds/answer/16671581,https://support.google.com/googlepixelbuds/answer/16671581,Try these next steps:,https://support.google.com/googlepixelbuds/answer/16671581,"true

744178342265022396

true

Search Help Center

false

true

true

true

    

 [Google Pixel Buds](https://store.google.com/product/google_pixel_buds?utm_source=help_center&utm_medium=google_oo&utm_campaign=GS105480)

[Privacy Policy](https://www.google.com/intl/en/privacy.html) [Terms of Service](https://www.google.com/accounts/TOS)Submit feedbac",https://support.google.com/googlepixelbuds/answer/16671581,1,https://support.google.com/googlepixelbuds/answer/16671581,,,,,
https://support.google.com/googlepixelbuds/answer/16671581,https://support.google.com/googlepixelbuds/answer/16671581,Fix Pixel Buds that won't charge,https://support.google.com/googlepixelbuds/answer/16671581,https://support.google.com/googlepixelbuds/answer/16671581,What is the issue with this selection?,https://support.google.com/googlepixelbuds/answer/16671581,"What is the issue with this selection?

Inaccurate - doesn't match what I see in the product

Hard to understand - unclear or translation is wrong

Missing info - relevant but not comprehensive

Irrelevant - doesn’t match the title and / or my expectations

Minor errors - formatting issues, typos, and / or broken links

Other suggestions - ideas to improve the content",https://support.google.com/googlepixelbuds/answer/16671581,1,https://support.google.com/googlepixelbuds/answer/16671581,,,,,
https://support.google.com/googlepixelbuds/answer/16671581,https://support.google.com/googlepixelbuds/answer/16671581,Fix Pixel Buds that won't charge,https://support.google.com/googlepixelbuds/answer/16671581,https://support.google.com/googlepixelbuds/answer/16671581,Share additional info or suggestions,https://support.google.com/googlepixelbuds/answer/16671581,"​

​

Do not share any personal info

Cancel

Submit

By continuing, you agree Google uses your answers,  to improve services, per our [Privacy](https://myaccount.google.com/privacypolicy?hl=en) & [Terms](https://policies.google.com/terms?hl=en).

false

false

false

Search

Clear search

Close search

Main menu

Google apps",https://support.google.com/googlepixelbuds/answer/16671581,1,https://support.google.com/googlepixelbuds/answer/16671581,,,,,
https://support.google.com/googlepixelbuds/answer/9811459,https://support.google.com/googlepixelbuds/answer/9811459,Fix Google Pixel Buds audio issues,https://support.google.com/googlepixelbuds/answer/9811459,https://support.google.com/googlepixelbuds/answer/9811459,Overview,https://support.google.com/googlepixelbuds/answer/9811459,"# Fix Google Pixel Buds audio issues

Use the steps below to fix common issues such as no audio, low volume, unwanted noise, or audio cutting out from your Google Pixel Buds, or if your left or right earbud isn’t working.

Pixel Buds doesn't play audio

**On your Pixel Buds:**

- Tap the earbuds or your device.
  - Some apps don't work with touch controls on the earbud.
- Make sure your Pixel Buds and case are charged.
- Make sure your Google Pixel Buds are on the .
- Remove dirt around the microphone or speaker holes. Do not insert anything inside these openings. .

**On your device:**

1. Confirm that Bluetooth® is on and your Pixel Buds are both in range and paired with your device.
2. On your device, turn off **Bluetooth**, wait for a few seconds then turn it back on.
3. Your Pixel Buds should automatically reconnect with your device.
   - You can go to your device’s bluetooth settings to connect it with your Pixel Buds if it doesn’t reconnect automatically.
4. . Restart your device and pair it with your Pixel Buds again.

Pixel Buds have low volume

If the volume on both earbuds is too low:

**Pixel Buds",https://support.google.com/googlepixelbuds/answer/9811459,1,https://support.google.com/googlepixelbuds/answer/9811459,"https://lh3.googleusercontent.com/3_l97rr0GvhSP2XV5OoCkV2ZDTIisAOczrSdzNCBxhIKWrjXjHucxNwocghoUa39gw=h36,https://lh3.googleusercontent.com/3_l97rr0GvhSP2XV5OoCkV2ZDTIisAOczrSdzNCBxhIKWrjXjHucxNwocghoUa39gw=h36,https://lh3.googleusercontent.com/3_l97rr0GvhSP2XV5OoCkV2ZDTIisAOczrSdzNCBxhIKWrjXjHucxNwocghoUa39gw=h36,https://lh3.googleusercontent.com/Nxx8mLhGiqucernOm6K70o65mHfQwSWdRvL1JyfyZlqdTRpl_Yc_xz0jdqohuQ=w18,https://lh3.googleusercontent.com/3_l97rr0GvhSP2XV5OoCkV2ZDTIisAOczrSdzNCBxhIKWrjXjHucxNwocghoUa39gw=h36",https://support.google.com/googlepixelbuds/answer/9811459,,,
https://support.google.com/googlepixelbuds/answer/9811459,https://support.google.com/googlepixelbuds/answer/9811459,Fix Google Pixel Buds audio issues,https://support.google.com/googlepixelbuds/answer/9811459,https://support.google.com/googlepixelbuds/answer/9811459,Try these next steps:,https://support.google.com/googlepixelbuds/answer/9811459,"true

5915383446941054020

true

Search Help Center

false

true

true

true

    

 [Google Pixel Buds](https://store.google.com/product/google_pixel_buds?utm_source=help_center&utm_medium=google_oo&utm_campaign=GS105480)

[Privacy Policy](https://www.google.com/intl/en/privacy.html) [Terms of Service](https://www.google.com/accounts/TOS)Submit",https://support.google.com/googlepixelbuds/answer/9811459,1,https://support.google.com/googlepixelbuds/answer/9811459,,,,,
https://support.google.com/googlepixelbuds/answer/9811459,https://support.google.com/googlepixelbuds/answer/9811459,Fix Google Pixel Buds audio issues,https://support.google.com/googlepixelbuds/answer/9811459,https://support.google.com/googlepixelbuds/answer/9811459,What is the issue with this selection?,https://support.google.com/googlepixelbuds/answer/9811459,"What is the issue with this selection?

Inaccurate - doesn't match what I see in the product

Hard to understand - unclear or translation is wrong

Missing info - relevant but not comprehensive

Irrelevant - doesn’t match the title and / or my expectations

Minor errors - formatting issues, typos, and / or broken links

Other suggestions - ideas to improve the content",https://support.google.com/googlepixelbuds/answer/9811459,1,https://support.google.com/googlepixelbuds/answer/9811459,,,,,
https://support.google.com/googlepixelbuds/answer/9811459,https://support.google.com/googlepixelbuds/answer/9811459,Fix Google Pixel Buds audio issues,https://support.google.com/googlepixelbuds/answer/9811459,https://support.google.com/googlepixelbuds/answer/9811459,Share additional info or suggestions,https://support.google.com/googlepixelbuds/answer/9811459,"​

​

Do not share any personal info

Cancel

Submit

By continuing, you agree Google uses your answers,  to improve services, per our [Privacy](https://myaccount.google.com/privacypolicy?hl=en) & [Terms](https://policies.google.com/terms?hl=en).

false

false

false

Search

Clear search

Close search

Main menu

Google apps",https://support.google.com/googlepixelbuds/answer/9811459,1,https://support.google.com/googlepixelbuds/answer/9811459,,,,,
https://support.google.com/googlepixelbuds/answer/9991816,https://support.google.com/googlepixelbuds/answer/9991816,Troubleshoot connectivity issues,https://support.google.com/googlepixelbuds/answer/9991816,https://support.google.com/googlepixelbuds/answer/9991816,Overview,https://support.google.com/googlepixelbuds/answer/9991816,"# Troubleshoot connectivity issues

If Pixel Buds lose connection or if they are connected but you can't hear sound from them, troubleshoot your Pixel Bud connection issues with the steps below.",https://support.google.com/googlepixelbuds/answer/9991816,1,https://support.google.com/googlepixelbuds/answer/9991816,,,,,
https://support.google.com/googlepixelbuds/answer/9991816,https://support.google.com/googlepixelbuds/answer/9991816,Troubleshoot connectivity issues,https://support.google.com/googlepixelbuds/answer/9991816,https://support.google.com/googlepixelbuds/answer/9991816,Move away from other devices that could cause interference,https://support.google.com/googlepixelbuds/answer/9991816,"Try moving out of the room that has devices that can cause interference such as running microwave ovens, wireless speakers, baby monitors, Wi-Fi routers, and other wireless devices that run on the 2.4 GHz band.",https://support.google.com/googlepixelbuds/answer/9991816,1,https://support.google.com/googlepixelbuds/answer/9991816,,,,,
https://support.google.com/googlepixelbuds/answer/9991816,https://support.google.com/googlepixelbuds/answer/9991816,Troubleshoot connectivity issues,https://support.google.com/googlepixelbuds/answer/9991816,https://support.google.com/googlepixelbuds/answer/9991816,Try these next steps:,https://support.google.com/googlepixelbuds/answer/9991816,"true

Search

Clear search

Close search

Main menu

Google apps

9230720884622177202

true

Search Help Center

false

true

true

true

    

 [Google Pixel Buds](https://store.google.com/product/google_pixel_buds?utm_source=help_center&utm_medium=google_oo&utm_campaign=GS105480)

[Privacy Policy](https://www.google.com/intl/en/privacy.html) [Terms o",https://support.google.com/googlepixelbuds/answer/9991816,1,https://support.google.com/googlepixelbuds/answer/9991816,,,,,
https://support.google.com/googlepixelbuds/answer/9991816,https://support.google.com/googlepixelbuds/answer/9991816,Troubleshoot connectivity issues,https://support.google.com/googlepixelbuds/answer/9991816,https://support.google.com/googlepixelbuds/answer/9991816,What is the issue with this selection?,https://support.google.com/googlepixelbuds/answer/9991816,"What is the issue with this selection?

Inaccurate - doesn't match what I see in the product

Hard to understand - unclear or translation is wrong

Missing info - relevant but not comprehensive

Irrelevant - doesn’t match the title and / or my expectations

Minor errors - formatting issues, typos, and / or broken links

Other suggestions - ideas to improve the content",https://support.google.com/googlepixelbuds/answer/9991816,1,https://support.google.com/googlepixelbuds/answer/9991816,,,,,
https://support.google.com/googlepixelbuds/answer/9991816,https://support.google.com/googlepixelbuds/answer/9991816,Troubleshoot connectivity issues,https://support.google.com/googlepixelbuds/answer/9991816,https://support.google.com/googlepixelbuds/answer/9991816,Share additional info or suggestions,https://support.google.com/googlepixelbuds/answer/9991816,"​

​

Do not share any personal info

Cancel

Submit

By continuing, you agree Google uses your answers,  to improve services, per our [Privacy](https://myaccount.google.com/privacypolicy?hl=en) & [Terms](https://policies.google.com/terms?hl=en).

false

false

false",https://support.google.com/googlepixelbuds/answer/9991816,1,https://support.google.com/googlepixelbuds/answer/9991816,,,,,
https://support.google.com/googlepixelbuds/answer/12319417,https://support.google.com/googlepixelbuds/answer/12319417,Use Multipoint and audio switch on Google Pixel Buds 2a and Pro,https://support.google.com/googlepixelbuds/answer/12319417,https://support.google.com/googlepixelbuds/answer/12319417,Multipoint connectivity,https://support.google.com/googlepixelbuds/answer/12319417,"**Important:** Multipoint connectivity is only available on Google Pixel Buds 2a and Pixel Buds Pro.

Your Pixel Buds can automatically switch between 2 concurrently paired Bluetooth devices. This includes laptops, tablets, TVs, and Android and iOS phones. Both Multipoint and audio switch can be enabled simultaneously. Multipoint turned on makes the audio switch faster.",https://support.google.com/googlepixelbuds/answer/12319417,1,https://support.google.com/googlepixelbuds/answer/12319417,,,,,
https://support.google.com/googlepixelbuds/answer/12319417,https://support.google.com/googlepixelbuds/answer/12319417,Use Multipoint and audio switch on Google Pixel Buds 2a and Pro,https://support.google.com/googlepixelbuds/answer/12319417,https://support.google.com/googlepixelbuds/answer/12319417,Enable Multipoint connectivity,https://support.google.com/googlepixelbuds/answer/12319417,"**Important:** Multipoint connectivity is off by default.

Change the settings of your earbuds depending on your device:",https://support.google.com/googlepixelbuds/answer/12319417,1,https://support.google.com/googlepixelbuds/answer/12319417,,,,,
https://support.google.com/googlepixelbuds/answer/12319417,https://support.google.com/googlepixelbuds/answer/12319417,Use Multipoint and audio switch on Google Pixel Buds 2a and Pro,https://support.google.com/googlepixelbuds/answer/12319417,https://support.google.com/googlepixelbuds/answer/12319417,To set up your 2 audio sources for Multipoint,https://support.google.com/googlepixelbuds/answer/12319417,"'- You must have previously paired with the 2 desired audio sources.
- Make sure Multipoint is enabled in the Pixel Buds app.
- Wear your Pixel Buds 2a or Pro.
- If your Pixel Buds aren't connected to your first device, go to the audio source's Bluetooth settings and connect to your Pixel Buds.
- If Pixel Buds aren't already connected to your second device, go to the audio source's Bluetooth settings and connect to your Pixel Buds.
- Both audio sources should now be connected to your Pixel Buds.",https://support.google.com/googlepixelbuds/answer/12319417,1,https://support.google.com/googlepixelbuds/answer/12319417,,,,,
https://support.google.com/googlepixelbuds/answer/12319417,https://support.google.com/googlepixelbuds/answer/12319417,Use Multipoint and audio switch on Google Pixel Buds 2a and Pro,https://support.google.com/googlepixelbuds/answer/12319417,https://support.google.com/googlepixelbuds/answer/12319417,Audio switch,https://support.google.com/googlepixelbuds/answer/12319417,"**Important:** Audio switch is enabled by default.

Android devices running Google Play Services and Android 8+ and connected to your same Google account can switch seamlessly between Fast paired devices based on what you're doing. If you end a video call on your tablet to head out on a walk and listen to music on your phone, you won't need to open your Bluetooth® settings to manually switch your headset.",https://support.google.com/googlepixelbuds/answer/12319417,1,https://support.google.com/googlepixelbuds/answer/12319417,,,,,
https://support.google.com/googlepixelbuds/answer/12319417,https://support.google.com/googlepixelbuds/answer/12319417,Use Multipoint and audio switch on Google Pixel Buds 2a and Pro,https://support.google.com/googlepixelbuds/answer/12319417,https://support.google.com/googlepixelbuds/answer/12319417,How audio switch works,https://support.google.com/googlepixelbuds/answer/12319417,"To make sure that Pixel Buds Pro and Pro 2 only switch devices when you want them to switch, they follow a set of guidelines:

- The order of priority for the audio switch is based on what you're doing (like watching a movie) or on prioritized events (like receiving a phone call).
- Each switch will notify you and give you the option to revert the switch. You can disable all switching by going to your audio switch settings.",https://support.google.com/googlepixelbuds/answer/12319417,1,https://support.google.com/googlepixelbuds/answer/12319417,,,,,
https://support.google.com/googlepixelbuds/answer/12921041,https://support.google.com/googlepixelbuds/answer/12921041,Use Spatial Audio and head tracking,https://support.google.com/googlepixelbuds/answer/12921041,https://support.google.com/googlepixelbuds/answer/12921041,Turn on Spatial Audio and head tracking,https://support.google.com/googlepixelbuds/answer/12921041,"**Important:**

- When you enable Spatial Audio, Premium Audio will be deactivated.
- By default, head tracking is off.",https://support.google.com/googlepixelbuds/answer/12921041,1,https://support.google.com/googlepixelbuds/answer/12921041,,,,,
https://support.google.com/googlepixelbuds/answer/16675512,https://support.google.com/googlepixelbuds/answer/16675512,Get your Google Pixel Buds 2a charging case battery replaced,https://support.google.com/googlepixelbuds/answer/16675512,https://support.google.com/googlepixelbuds/answer/16675512,Check warranty status before you start your battery replacement,https://support.google.com/googlepixelbuds/answer/16675512,"At the Google Store repair center in a supported country or region, [start the repair process to check warranty status](https://store.google.com/magazine/repaircenter).

**Tip:** You need to sign into your Google Account.

To learn more about your limited warranty on your Pixel buds:

- Navigate to settings. Select **About Buds**![and then](https://lh3.googleusercontent.com/3_l97rr0GvhSP2XV5OoCkV2ZDTIisAOczrSdzNCBxhIKWrjXjHucxNwocghoUa39gw=h36) **Limited Warranty**.",https://support.google.com/googlepixelbuds/answer/16675512,1,https://support.google.com/googlepixelbuds/answer/16675512,,,,,
https://support.google.com/googlepixelbuds/answer/16675512,https://support.google.com/googlepixelbuds/answer/16675512,Get your Google Pixel Buds 2a charging case battery replaced,https://support.google.com/googlepixelbuds/answer/16675512,https://support.google.com/googlepixelbuds/answer/16675512,Self-Repair,https://support.google.com/googlepixelbuds/answer/16675512,"If your device is **out of warranty**, you can purchase the [Pixel Buds 2a service bill of materials](https://storage.googleapis.com/support-kms-prod/2zGVZG5GQhQmdLDebyiqAqdndtzpkiFMIxUP) and follow the instructions in the [Pixel Buds 2a repair manual](https://storage.googleapis.com/support-kms-prod/llet051ZGSHW6lEUuctSchCEbc7h30TFJqmZ) to replace it yourself.",https://support.google.com/googlepixelbuds/answer/16675512,1,https://support.google.com/googlepixelbuds/answer/16675512,,,,,
https://support.google.com/googlepixelbuds/answer/7556060,https://support.google.com/googlepixelbuds/answer/7556060,Charge your Google Pixel Buds & charging case,https://support.google.com/googlepixelbuds/answer/7556060,https://support.google.com/googlepixelbuds/answer/7556060,Pixel Buds battery life,https://support.google.com/googlepixelbuds/answer/7556060,"Your Pixel Buds' battery life depends on how you use them. Certain features and how often you use the charging case can affect how long they last.

To extend your Pixel Buds' battery life, always fully charge both the earbuds and the case. You can also turn off features like Active Noise Cancellation (ANC) to save power.

Disabling features like Active Noise Cancellation (ANC), Adaptive Audio, and Transparency modes can extend the Pixel Buds’ charge.

|     |     |
| --- | --- |
| **Pixel Buds 2a** **1** | **Pixel Buds alone** **5**<br>- 10 hours listening time<br>  <br>- 7 hours listening time with ANC turned on<br>  <br>**With fully charged charging case** **5**<br>- 27 hours total listening time<br>  <br>- 20 hours with ANC turned on<br>  <br>**Tip:** A 5-minute charge of the earbuds in the case gives up to one hour of listening time with ANC on.12 |
| **Pixel Buds Pro 2** **1** | **Pixel Buds alone**<br>- 12 hours listening time<br>  <br>- 8 hours listening time with ANC turned on<br>  <br>**With fully charged charging case**<br>- 48 hours total listening time<br>  <br>- 30 hours with ANC turned on<br>  <br>**Tip:** A 5-minute charge of the earbuds in the case gives up to one hour of listening time with ANC on and 90 minutes with ANC off. |
| **Pixel Buds Pro1** | **Pixel Buds alone**<br>- 11 hours listening time<br>  <br>- 7 hours listening time with ANC turned on<br>  <br>**With fully charged charging case**<br>- 31 hours total listening time<br>  <br>- 20 hours total l",https://support.google.com/googlepixelbuds/answer/7556060,1,https://support.google.com/googlepixelbuds/answer/7556060,,,,,
https://support.google.com/googlepixelbuds/answer/7556060,https://support.google.com/googlepixelbuds/answer/7556060,Charge your Google Pixel Buds & charging case,https://support.google.com/googlepixelbuds/answer/7556060,https://support.google.com/googlepixelbuds/answer/7556060,Battery widget,https://support.google.com/googlepixelbuds/answer/7556060,"To add a battery widget on your homescreen:

1. Touch and hold an empty space on your homescreen.

2. Tap Widgets ![](https://lh3.googleusercontent.com/n0ftnuG6hLtGvDLevopBEUkBjJUt7slpKSNwAqTKzuMR0aBb_WTpowYLZn2Xgh4T_pg=w36-h36)![and then](https://lh3.googleusercontent.com/3_l97rr0GvhSP2XV5OoCkV2ZDTIisAOczrSdzNCBxhIKWrjXjHucxNwocghoUa39gw=h36)**Battery**.

3. Touch and hold, then drag the battery widget out and into your homescreen.

4. For Pixel Buds Pro 2 and Pixel Buds 2a, you will always be able to see battery info on the battery widget if Bluetooth is on and your Pixel Buds are near to your phone. For all other Pixel Buds, battery info will show up in the widget if the Pixel Buds are connected to your phone.",https://support.google.com/googlepixelbuds/answer/7556060,1,https://support.google.com/googlepixelbuds/answer/7556060,,,,,
https://support.google.com/googlepixelbuds/answer/12319417,https://support.google.com/googlepixelbuds/answer/12319417,Use Multipoint and audio switch on Google Pixel Buds 2a and Pro,https://support.google.com/googlepixelbuds/answer/12319417,https://support.google.com/googlepixelbuds/answer/12319417,Overview,https://support.google.com/googlepixelbuds/answer/12319417,"# Use Multipoint and audio switch on Google Pixel Buds 2a and Pro

Audio switch moves you seamlessly between devices based on your activity, while Multipoint connectivity lets you maintain connections to 2 devices at the same time.",https://support.google.com/googlepixelbuds/answer/12319417,1,https://support.google.com/googlepixelbuds/answer/12319417,"https://lh3.googleusercontent.com/3_l97rr0GvhSP2XV5OoCkV2ZDTIisAOczrSdzNCBxhIKWrjXjHucxNwocghoUa39gw=h36,https://lh3.googleusercontent.com/OdQ-5nNTs1ww_dhJCNTYOXtynhc17fTqQknS68XydLp9b1qRe2ctadcMqrnxB1wzZQ=w36-h36,https://lh3.googleusercontent.com/uFnGX4KCxGIOhVa8najUzwHTWFyab0xto5DcVbVJcC1XJDKDTouAENIog5w12ESil0o=h36,https://lh3.googleusercontent.com/3_l97rr0GvhSP2XV5OoCkV2ZDTIisAOczrSdzNCBxhIKWrjXjHucxNwocghoUa39gw=h36,https://lh3.googleusercontent.com/3_l97rr0GvhSP2XV5OoCkV2ZDTIisAOczrSdzNCBxhIKWrjXjHucxNwocghoUa39gw=h36,https://lh3.googleusercontent.com/3_l97rr0GvhSP2XV5OoCkV2ZDTIisAOczrSdzNCBxhIKWrjXjHucxNwocghoUa39gw=h36,https://lh3.googleusercontent.com/OdQ-5nNTs1ww_dhJCNTYOXtynhc17fTqQknS68XydLp9b1qRe2ctadcMqrnxB1wzZQ=w36-h36,https://lh3.googleusercontent.com/uFnGX4KCxGIOhVa8najUzwHTWFyab0xto5DcVbVJcC1XJDKDTouAENIog5w12ESil0o=h36",https://support.google.com/googlepixelbuds/answer/12319417,,,
https://support.google.com/googlepixelbuds/answer/12319417,https://support.google.com/googlepixelbuds/answer/12319417,Use Multipoint and audio switch on Google Pixel Buds 2a and Pro,https://support.google.com/googlepixelbuds/answer/12319417,https://support.google.com/googlepixelbuds/answer/12319417,How Multipoint works,https://support.google.com/googlepixelbuds/answer/12319417,"To make sure that your Pixel Buds only switch devices when you want them to switch, they follow a set of guidelines:

- Phone calls or video calls take precedence over Google Assistant and Google Assistant will take precedence over media like music, notifications, or system sounds.
  - If you're listening to music and you receive a phone call on the other connected audio source, the music will pause and you'll hear the phone call or video call.
  - After your call ends, you can tap the earbud to resume music playback on your previous audio source.
- Ongoing music or video media from one audio source can't be interrupted by the other audio source.
  - Playback on one audio source has to be paused before you can start playing music from the other audio source.

**Tip:** When Premium Audio is turned on, it will disable Multipoint connectivity.",https://support.google.com/googlepixelbuds/answer/12319417,1,https://support.google.com/googlepixelbuds/answer/12319417,,,,,
https://support.google.com/googlepixelbuds/answer/12319417,https://support.google.com/googlepixelbuds/answer/12319417,Use Multipoint and audio switch on Google Pixel Buds 2a and Pro,https://support.google.com/googlepixelbuds/answer/12319417,https://support.google.com/googlepixelbuds/answer/12319417,On a Pixel phone with Android 10+,https://support.google.com/googlepixelbuds/answer/12319417,"1. Go to **Settings**![and then](https://lh3.googleusercontent.com/3_l97rr0GvhSP2XV5OoCkV2ZDTIisAOczrSdzNCBxhIKWrjXjHucxNwocghoUa39gw=h36) **Connected Devices**.
2. Tap Settings ![](https://lh3.googleusercontent.com/OdQ-5nNTs1ww_dhJCNTYOXtynhc17fTqQknS68XydLp9b1qRe2ctadcMqrnxB1wzZQ=w36-h36) beside the name of your paired Pixel Buds.",https://support.google.com/googlepixelbuds/answer/12319417,1,https://support.google.com/googlepixelbuds/answer/12319417,,,,,
https://support.google.com/googlepixelbuds/answer/12319417,https://support.google.com/googlepixelbuds/answer/12319417,Use Multipoint and audio switch on Google Pixel Buds 2a and Pro,https://support.google.com/googlepixelbuds/answer/12319417,https://support.google.com/googlepixelbuds/answer/12319417,On other Android devices,https://support.google.com/googlepixelbuds/answer/12319417,"1. Open the Google Pixel Buds app ![Pixel Buds](https://lh3.googleusercontent.com/uFnGX4KCxGIOhVa8najUzwHTWFyab0xto5DcVbVJcC1XJDKDTouAENIog5w12ESil0o=h36).
2. Scroll and select **More settings**![and then](https://lh3.googleusercontent.com/3_l97rr0GvhSP2XV5OoCkV2ZDTIisAOczrSdzNCBxhIKWrjXjHucxNwocghoUa39gw=h36) **Multipoint**![and then](https://lh3.googleusercontent.com/3_l97rr0GvhSP2XV5OoCkV2ZDTIisAOczrSdzNCBxhIKWrjXjHucxNwocghoUa39gw=h36) **Use Multipoint**.",https://support.google.com/googlepixelbuds/answer/12319417,1,https://support.google.com/googlepixelbuds/answer/12319417,,,,,
https://support.google.com/googlepixelbuds/answer/12319417,https://support.google.com/googlepixelbuds/answer/12319417,Use Multipoint and audio switch on Google Pixel Buds 2a and Pro,https://support.google.com/googlepixelbuds/answer/12319417,https://support.google.com/googlepixelbuds/answer/12319417,Try these next steps:,https://support.google.com/googlepixelbuds/answer/12319417,"true

Search

Clear search

Close search

Main menu

Google apps

3262335800354274993

true

Search Help Center

false

true

true

true

    

 [Google Pixel Buds](https://store.google.com/product/google_pixel_buds?utm_source=help_center&utm_medium=google_oo&utm_campai",https://support.google.com/googlepixelbuds/answer/12319417,1,https://support.google.com/googlepixelbuds/answer/12319417,,,,,
https://support.google.com/googlepixelbuds/answer/12319417,https://support.google.com/googlepixelbuds/answer/12319417,Use Multipoint and audio switch on Google Pixel Buds 2a and Pro,https://support.google.com/googlepixelbuds/answer/12319417,https://support.google.com/googlepixelbuds/answer/12319417,What is the issue with this selection?,https://support.google.com/googlepixelbuds/answer/12319417,"What is the issue with this selection?

Inaccurate - doesn't match what I see in the product

Hard to understand - unclear or translation is wrong

Missing info - relevant but not comprehensive

Irrelevant - doesn’t match the title and / or my expectations

Minor errors - formatting issues, typos, and / or broken links

Other suggestions - ideas to improve the content",https://support.google.com/googlepixelbuds/answer/12319417,1,https://support.google.com/googlepixelbuds/answer/12319417,,,,,
https://support.google.com/googlepixelbuds/answer/12319417,https://support.google.com/googlepixelbuds/answer/12319417,Use Multipoint and audio switch on Google Pixel Buds 2a and Pro,https://support.google.com/googlepixelbuds/answer/12319417,https://support.google.com/googlepixelbuds/answer/12319417,Share additional info or suggestions,https://support.google.com/googlepixelbuds/answer/12319417,"​

​

Do not share any personal info

Cancel

Submit

By continuing, you agree Google uses your answers,  to improve services, per our [Privacy](https://myaccount.google.com/privacypolicy?hl=en) & [Terms](https://policies.google.com/terms?hl=en).

false

false

false",https://support.google.com/googlepixelbuds/answer/12319417,1,https://support.google.com/googlepixelbuds/answer/12319417,,,,,
https://support.google.com/googlepixelbuds/answer/12921041,https://support.google.com/googlepixelbuds/answer/12921041,Use Spatial Audio and head tracking,https://support.google.com/googlepixelbuds/answer/12921041,https://support.google.com/googlepixelbuds/answer/12921041,Overview,https://support.google.com/googlepixelbuds/answer/12921041,"# Use Spatial Audio and head tracking

**Important:**

- Spatial Audio with head tracking is compatible withGoogle Pixel Buds Pro and Pro 2 with Pixel 6, Pixel 6 Pro, or newer Pixel phones. This feature is not compatible with A-Series Pixel phones.
- Only stereo Spatial Audio (Spatial Audio without head tracking) is available for Pixel Buds 2a.

Spatial audio is an immersive audio experience that puts you at the center of the action, making content sound more realistic. The sound is ""spatialized"" to create a multi-speaker effect, similar to a surround sound setup. This effect works best with movies and TV shows.

You can try out this new feature on streaming services such as HBO Max and Netflix Premium (subscription required.)",https://support.google.com/googlepixelbuds/answer/12921041,1,https://support.google.com/googlepixelbuds/answer/12921041,"https://lh3.googleusercontent.com/3_l97rr0GvhSP2XV5OoCkV2ZDTIisAOczrSdzNCBxhIKWrjXjHucxNwocghoUa39gw=h36,https://lh3.googleusercontent.com/oll1KGViCoguQYVavv09eo--pUEybV2IqMpznhv1_4YADKxxuLSZsygPhMjbLntwnuSK=h36,https://lh3.googleusercontent.com/3_l97rr0GvhSP2XV5OoCkV2ZDTIisAOczrSdzNCBxhIKWrjXjHucxNwocghoUa39gw=h36,https://lh3.googleusercontent.com/3_l97rr0GvhSP2XV5OoCkV2ZDTIisAOczrSdzNCBxhIKWrjXjHucxNwocghoUa39gw=h36,https://lh3.googleusercontent.com/oll1KGViCoguQYVavv09eo--pUEybV2IqMpznhv1_4YADKxxuLSZsygPhMjbLntwnuSK=h36,https://lh3.googleusercontent.com/uFnGX4KCxGIOhVa8najUzwHTWFyab0xto5DcVbVJcC1XJDKDTouAENIog5w12ESil0o=h36,https://lh3.googleusercontent.com/3_l97rr0GvhSP2XV5OoCkV2ZDTIisAOczrSdzNCBxhIKWrjXjHucxNwocghoUa39gw=h36",https://support.google.com/googlepixelbuds/answer/12921041,,,
https://support.google.com/googlepixelbuds/answer/12921041,https://support.google.com/googlepixelbuds/answer/12921041,Use Spatial Audio and head tracking,https://support.google.com/googlepixelbuds/answer/12921041,https://support.google.com/googlepixelbuds/answer/12921041,On a Pixel phone with Android 10+:,https://support.google.com/googlepixelbuds/answer/12921041,"1. Go to your Settings ![and then](https://lh3.googleusercontent.com/3_l97rr0GvhSP2XV5OoCkV2ZDTIisAOczrSdzNCBxhIKWrjXjHucxNwocghoUa39gw=h36)**Connected devices**.
2. Under ""Saved devices,"" tap your paired Pixel Buds' Settings ![Settings](https://lh3.googleusercontent.com/oll1KGViCoguQYVavv09eo--pUEybV2IqMpznhv1_4YADKxxuLSZsygPhMjbLntwnuSK=h36)![and then](https://lh3.googleusercontent.com/3_l97rr0GvhSP2XV5OoCkV2ZDTIisAOczrSdzNCBxhIKWrjXjHucxNwocghoUa39gw=h36)**Device details**![and then](https://lh3.googleusercontent.com/3_l97rr0GvhSP2XV5OoCkV2ZDTIisAOczrSdzNCBxhIKWrjXjHucxNwocghoUa39gw=h36) **Sounds**. For quick access:

1. Swipe down from the top of your screen for Quick Settings.
2. Touch and hold the Bluetooth menu.
3. Go to your paired Pixel Buds’ Settings ![Settings](https://lh3.googleusercontent.com/oll1KGViCoguQYVavv09eo--pUEybV2IqMpznhv1_4YADKxxuLSZsygPhMjbLntwnuSK=h36).
4. Tap **Sound**.
3. Turn on **Spatial Audio** and **Head tracking**.",https://support.google.com/googlepixelbuds/answer/12921041,1,https://support.google.com/googlepixelbuds/answer/12921041,,,,,
https://support.google.com/googlepixelbuds/answer/12921041,https://support.google.com/googlepixelbuds/answer/12921041,Use Spatial Audio and head tracking,https://support.google.com/googlepixelbuds/answer/12921041,https://support.google.com/googlepixelbuds/answer/12921041,On other Android devices:,https://support.google.com/googlepixelbuds/answer/12921041,"1. Open the Google Pixel Buds app ![Pixel Buds](https://lh3.googleusercontent.com/uFnGX4KCxGIOhVa8najUzwHTWFyab0xto5DcVbVJcC1XJDKDTouAENIog5w12ESil0o=h36).
2. Tap **Device details**![and then](https://lh3.googleusercontent.com/3_l97rr0GvhSP2XV5OoCkV2ZDTIisAOczrSdzNCBxhIKWrjXjHucxNwocghoUa39gw=h36) **Sound**.
3. Turn on **Spatial Audio** and **Head tracking**.

.

Give feedback about this article

Choose a section to give feedback on",https://support.google.com/googlepixelbuds/answer/12921041,1,https://support.google.com/googlepixelbuds/answer/12921041,,,,,
https://support.google.com/googlepixelbuds/answer/12921041,https://support.google.com/googlepixelbuds/answer/12921041,Use Spatial Audio and head tracking,https://support.google.com/googlepixelbuds/answer/12921041,https://support.google.com/googlepixelbuds/answer/12921041,Try these next steps:,https://support.google.com/googlepixelbuds/answer/12921041,"true

Search

Clear search

Close search

Main menu

Google apps

7275974089998358466

true

Search Help Center

false

true

true

true

    

 [Google Pixel Buds](https://store.google.com/product/google_pixel_buds?utm_source=help_center&utm_medium=google_oo&utm_campaign=GS105480)

[Privacy Policy](https://www.google.com/intl/en/privacy.html)",https://support.google.com/googlepixelbuds/answer/12921041,1,https://support.google.com/googlepixelbuds/answer/12921041,,,,,
https://support.google.com/googlepixelbuds/answer/12921041,https://support.google.com/googlepixelbuds/answer/12921041,Use Spatial Audio and head tracking,https://support.google.com/googlepixelbuds/answer/12921041,https://support.google.com/googlepixelbuds/answer/12921041,What is the issue with this selection?,https://support.google.com/googlepixelbuds/answer/12921041,"What is the issue with this selection?

Inaccurate - doesn't match what I see in the product

Hard to understand - unclear or translation is wrong

Missing info - relevant but not comprehensive

Irrelevant - doesn’t match the title and / or my expectations

Minor errors - formatting issues, typos, and / or broken links

Other suggestions - ideas to improve the content",https://support.google.com/googlepixelbuds/answer/12921041,1,https://support.google.com/googlepixelbuds/answer/12921041,,,,,
https://support.google.com/googlepixelbuds/answer/12921041,https://support.google.com/googlepixelbuds/answer/12921041,Use Spatial Audio and head tracking,https://support.google.com/googlepixelbuds/answer/12921041,https://support.google.com/googlepixelbuds/answer/12921041,Share additional info or suggestions,https://support.google.com/googlepixelbuds/answer/12921041,"​

​

Do not share any personal info

Cancel

Submit

By continuing, you agree Google uses your answers,  to improve services, per our [Privacy](https://myaccount.google.com/privacypolicy?hl=en) & [Terms](https://policies.google.com/terms?hl=en).

false

false

false",https://support.google.com/googlepixelbuds/answer/12921041,1,https://support.google.com/googlepixelbuds/answer/12921041,,,,,
https://support.google.com/googlepixelbuds/answer/16675512,https://support.google.com/googlepixelbuds/answer/16675512,Get your Google Pixel Buds 2a charging case battery replaced,https://support.google.com/googlepixelbuds/answer/16675512,https://support.google.com/googlepixelbuds/answer/16675512,Overview,https://support.google.com/googlepixelbuds/answer/16675512,"# Get your Google Pixel Buds 2a charging case battery replaced

For in-warranty and out-of-warranty damages, Pixel buds have support options.",https://support.google.com/googlepixelbuds/answer/16675512,1,https://support.google.com/googlepixelbuds/answer/16675512,https://lh3.googleusercontent.com/3_l97rr0GvhSP2XV5OoCkV2ZDTIisAOczrSdzNCBxhIKWrjXjHucxNwocghoUa39gw=h36,https://support.google.com/googlepixelbuds/answer/16675512,,,
https://support.google.com/googlepixelbuds/answer/16675512,https://support.google.com/googlepixelbuds/answer/16675512,Get your Google Pixel Buds 2a charging case battery replaced,https://support.google.com/googlepixelbuds/answer/16675512,https://support.google.com/googlepixelbuds/answer/16675512,Try these next steps:,https://support.google.com/googlepixelbuds/answer/16675512,"true

10313831153271640876

true

Search Help Center

false

true

true

true

    

 [Google Pixel Buds](https://store.google.com/product/google_pixel_buds?utm_source=help_center&utm_medium=google_oo&utm_campaign=GS105480)

[Privacy Policy](https://www.google.com/intl/en/priva",https://support.google.com/googlepixelbuds/answer/16675512,1,https://support.google.com/googlepixelbuds/answer/16675512,,,,,
https://support.google.com/googlepixelbuds/answer/16675512,https://support.google.com/googlepixelbuds/answer/16675512,Get your Google Pixel Buds 2a charging case battery replaced,https://support.google.com/googlepixelbuds/answer/16675512,https://support.google.com/googlepixelbuds/answer/16675512,What is the issue with this selection?,https://support.google.com/googlepixelbuds/answer/16675512,"What is the issue with this selection?

Inaccurate - doesn't match what I see in the product

Hard to understand - unclear or translation is wrong

Missing info - relevant but not comprehensive

Irrelevant - doesn’t match the title and / or my expectations

Minor errors - formatting issues, typos, and / or broken links

Other suggestions - ideas to improve the content",https://support.google.com/googlepixelbuds/answer/16675512,1,https://support.google.com/googlepixelbuds/answer/16675512,,,,,
https://support.google.com/googlepixelbuds/answer/16675512,https://support.google.com/googlepixelbuds/answer/16675512,Get your Google Pixel Buds 2a charging case battery replaced,https://support.google.com/googlepixelbuds/answer/16675512,https://support.google.com/googlepixelbuds/answer/16675512,Share additional info or suggestions,https://support.google.com/googlepixelbuds/answer/16675512,"​

​

Do not share any personal info

Cancel

Submit

By continuing, you agree Google uses your answers,  to improve services, per our [Privacy](https://myaccount.google.com/privacypolicy?hl=en) & [Terms](https://policies.google.com/terms?hl=en).

false

false

false

Search

Clear search

Close search

Main menu

Google apps",https://support.google.com/googlepixelbuds/answer/16675512,1,https://support.google.com/googlepixelbuds/answer/16675512,,,,,
https://support.google.com/googlepixelbuds/answer/7549807,https://support.google.com/googlepixelbuds/answer/7549807,"Safety, Warranty & Regulatory Guide (Pixel Buds 2017)",https://support.google.com/googlepixelbuds/answer/7549807,https://support.google.com/googlepixelbuds/answer/7549807,California Battery Charger Efficiency,https://support.google.com/googlepixelbuds/answer/7549807,**![BC_logo_white.png](https://lh5.googleusercontent.com/RdJo84sw6-EzLWxkU_AVatu49iVbVCr5Z3KOInATl4-05VkssNGNntvgBlHoVdpEP8hhkhHWuS-bMJ18ZlOwRvgNdgXvrnO4rDpYPx9Qy6XYDKmCiKD3VHdn7ca34fKw2albrQ1d)**,https://support.google.com/googlepixelbuds/answer/7549807,1,https://support.google.com/googlepixelbuds/answer/7549807,,,SafetyInfo or in the Assistant app at Settings > Devices > Pixel Buds,,
https://support.google.com/googlepixelbuds/answer/7556060,https://support.google.com/googlepixelbuds/answer/7556060,Charge your Google Pixel Buds & charging case,https://support.google.com/googlepixelbuds/answer/7556060,https://support.google.com/googlepixelbuds/answer/7556060,Wireless charging,https://support.google.com/googlepixelbuds/answer/7556060,"**Important:** Failure to use compatible charging accessories can cause fire, electric shock, injury, or damage to the device and the accessories.

Wirelessly charge your Pixel Buds (2020), Pixel Buds Pro, and Pixel Buds Pro 2 charging case with a **Qi-certified charger**(sold separately by other retailers).

Qi-certified chargers have passed the safety standards tests for wireless charging set by Wireless Power Consortium (WPC). Examples of a Qi-certified charger: Pixel Stand, Belkin, and Mophie charging mats.

To know if your wireless charger is Qi Certified, check for the Qi logo. You can also refer to the manual that came with your charger.

.",https://support.google.com/googlepixelbuds/answer/7556060,1,https://support.google.com/googlepixelbuds/answer/7556060,,,,,
https://support.google.com/googlepixelbuds/answer/7556060,https://support.google.com/googlepixelbuds/answer/7556060,Charge your Google Pixel Buds & charging case,https://support.google.com/googlepixelbuds/answer/7556060,https://support.google.com/googlepixelbuds/answer/7556060,Google Pixel Buds app,https://support.google.com/googlepixelbuds/answer/7556060,"1. Ensure Bluetooth® is turned on and your Pixel Buds are near your device.
   - **Pixel:** Go to your Bluetooth menu and tap the Settings ![](https://storage.googleapis.com/support-kms-prod/YhYIK7TkWoNRkVHA6rsx6prgLR8kwZeNXtFs) by your Pixel Buds name

   - **Other Android devices:** Search for the Google Pixel Buds app in your app drawer
2. Your Pixel Buds battery levels for each earbud displays on the main screen.

**Tip:** For Pixel Buds Pro or earlier, your buds should be connected to your device.",https://support.google.com/googlepixelbuds/answer/7556060,1,https://support.google.com/googlepixelbuds/answer/7556060,,,,,
https://support.google.com/googlepixelbuds/answer/7556060,https://support.google.com/googlepixelbuds/answer/7556060,Charge your Google Pixel Buds & charging case,https://support.google.com/googlepixelbuds/answer/7556060,https://support.google.com/googlepixelbuds/answer/7556060,Notification,https://support.google.com/googlepixelbuds/answer/7556060,"1. Open your charging case with both buds inside next to a paired Android 6.0+ phone. Turn on Fast Pair and Location Reporting.

2. Your phone displays a notification with the battery levels of your Pixel Buds.

3. For Pixel Buds Pro 2 and Pixel Buds 2a, you will get a notification if your charging case is low on battery or fully charged.

1All listening times are approximate and were measured using music playback with pre-production hardware and software, with fully charged Pixel Buds Pro 2 and case, and other features disabled. Case is used to recharge Pixel Buds Pro 2. Charging times are approximate. Use of other features will reduce battery life. Battery life depends on device, features enabled, usage, environment, and many other factors. Actual battery life may be lower.

5All listening times are approximate and were measured using music playback (continuous music at 50% volume) with pre-production hardware and software, with fully-charged Pixel Buds 2a and case, and other features disabled. Case is used to recharge Pixel Buds 2a. Use of other features will decrease battery life. Battery life depends on device, features enabled, usage, environment, and many other factors. Actual battery life may be lower.

12Listening time is approximate and was measured using music playback (continuous music at 50% volume) with pre-production hardware and software, and using Pixel Buds 2a default settings. Case is used to charge Pixel Buds.

Google, Pixel, G logo, and related logos and",https://support.google.com/googlepixelbuds/answer/7556060,1,https://support.google.com/googlepixelbuds/answer/7556060,,,,,
https://support.google.com/googlepixelbuds/answer/7556060,https://support.google.com/googlepixelbuds/answer/7556060,Charge your Google Pixel Buds & charging case,https://support.google.com/googlepixelbuds/answer/7556060,https://support.google.com/googlepixelbuds/answer/7556060,Try these next steps:,https://support.google.com/googlepixelbuds/answer/7556060,"true

Search

Clear search

Close search

Main menu

Google apps

14922659535915696733

true

Search Help Center

false

true

true

true

    

 [Google Pixel Buds](https://store.google.com/product/google_pixel_buds?utm_source=help_center&utm_medium=google_oo&utm_campaign=GS105480)

[Privacy Policy](https:",https://support.google.com/googlepixelbuds/answer/7556060,1,https://support.google.com/googlepixelbuds/answer/7556060,,,,,
https://support.google.com/googlepixelbuds/answer/7556060,https://support.google.com/googlepixelbuds/answer/7556060,Charge your Google Pixel Buds & charging case,https://support.google.com/googlepixelbuds/answer/7556060,https://support.google.com/googlepixelbuds/answer/7556060,What is the issue with this selection?,https://support.google.com/googlepixelbuds/answer/7556060,"What is the issue with this selection?

Inaccurate - doesn't match what I see in the product

Hard to understand - unclear or translation is wrong

Missing info - relevant but not comprehensive

Irrelevant - doesn’t match the title and / or my expectations

Minor errors - formatting issues, typos, and / or broken links

Other suggestions - ideas to improve the content",https://support.google.com/googlepixelbuds/answer/7556060,1,https://support.google.com/googlepixelbuds/answer/7556060,,,,,
https://support.google.com/googlepixelbuds/answer/7556060,https://support.google.com/googlepixelbuds/answer/7556060,Charge your Google Pixel Buds & charging case,https://support.google.com/googlepixelbuds/answer/7556060,https://support.google.com/googlepixelbuds/answer/7556060,Share additional info or suggestions,https://support.google.com/googlepixelbuds/answer/7556060,"​

​

Do not share any personal info

Cancel

Submit

By continuing, you agree Google uses your answers,  to improve services, per our [Privacy](https://myaccount.google.com/privacypolicy?hl=en) & [Terms](https://policies.google.com/terms?hl=en).

false

false

false",https://support.google.com/googlepixelbuds/answer/7556060,1,https://support.google.com/googlepixelbuds/answer/7556060,,,,,
https://support.google.com/googlepixelbuds/answer/9642886,https://support.google.com/googlepixelbuds/answer/9642886,Reset your Google Pixel Buds,https://support.google.com/googlepixelbuds/answer/9642886,https://support.google.com/googlepixelbuds/answer/9642886,Overview,https://support.google.com/googlepixelbuds/answer/9642886,"# Reset your Google Pixel Buds

Resetting your Pixel Buds and their case will reset all settings. This includes the device name and your preferences for enabling and disabling features. For Pixel Buds Pro 2, this also resets the ability to locate them using Find Hub. To reset your Pixel Buds:

1. Go to your device’s Bluetooth settings and forget Google Pixel Buds.
2. Plug the charging case into a power source with a USB-C® cable.
3. Make sure the Pixel Buds are seated within the charging case and leave the charging case open.

**Tip:** If buds aren't placed correctly in the charging case, the reset process won't begin.

![Store & charge your buds](https://storage.googleapis.com/support-kms-prod/fkCPBCOVWFBKVTOvTwtZCmRfA4qyhwpdDbkL)

4. On the back of the case, press and hold the pairing button for 30 seconds. Leave the charging case open the entire time.
5. When the earbuds status light stops bouncing and turns off, let go of the pairing button.
   - For Google Pixel Buds, this is the light inside the opened case.
6. Check the earbuds status lights.
   - **During the reset process:** The status light will blink orange and white.
   - **After the reset process:** The status light will bounce white again. This means your Pixel Buds have been reset and are ready for pairing with your devices.

**Tip:** Pixel Buds Pro 2 or 2a acquired from a previous owner or a reseller need to be reset",https://support.google.com/googlepixelbuds/answer/9642886,1,https://support.google.com/googlepixelbuds/answer/9642886,https://storage.googleapis.com/support-kms-prod/fkCPBCOVWFBKVTOvTwtZCmRfA4qyhwpdDbkL,https://support.google.com/googlepixelbuds/answer/9642886,,,
https://support.google.com/googlepixelbuds/answer/9642886,https://support.google.com/googlepixelbuds/answer/9642886,Reset your Google Pixel Buds,https://support.google.com/googlepixelbuds/answer/9642886,https://support.google.com/googlepixelbuds/answer/9642886,Try these next steps:,https://support.google.com/googlepixelbuds/answer/9642886,"true

13707673420306430001

true

Search Help Center

false

true

true

true

    

 [Google Pixel Buds](https://store.google.com/product/google_pixel_buds?utm_source=help_center&utm_medium=google_oo&utm_campaign=GS105480)

[Privacy Policy](https://www.google.com/intl/en/privacy.html) [Terms of Service](https://www.google.com/accounts/TOS)Submit feedback

[Safe",https://support.google.com/googlepixelbuds/answer/9642886,1,https://support.google.com/googlepixelbuds/answer/9642886,,,,,
https://support.google.com/googlepixelbuds/answer/9642886,https://support.google.com/googlepixelbuds/answer/9642886,Reset your Google Pixel Buds,https://support.google.com/googlepixelbuds/answer/9642886,https://support.google.com/googlepixelbuds/answer/9642886,What is the issue with this selection?,https://support.google.com/googlepixelbuds/answer/9642886,"What is the issue with this selection?

Inaccurate - doesn't match what I see in the product

Hard to understand - unclear or translation is wrong

Missing info - relevant but not comprehensive

Irrelevant - doesn’t match the title and / or my expectations

Minor errors - formatting issues, typos, and / or broken links

Other suggestions - ideas to improve the content",https://support.google.com/googlepixelbuds/answer/9642886,1,https://support.google.com/googlepixelbuds/answer/9642886,,,,,
https://support.google.com/googlepixelbuds/answer/9642886,https://support.google.com/googlepixelbuds/answer/9642886,Reset your Google Pixel Buds,https://support.google.com/googlepixelbuds/answer/9642886,https://support.google.com/googlepixelbuds/answer/9642886,Share additional info or suggestions,https://support.google.com/googlepixelbuds/answer/9642886,"​

​

Do not share any personal info

Cancel

Submit

By continuing, you agree Google uses your answers,  to improve services, per our [Privacy](https://myaccount.google.com/privacypolicy?hl=en) & [Terms](https://policies.google.com/terms?hl=en).

false

false

false

Search

Clear search

Close search

Main menu

Google apps",https://support.google.com/googlepixelbuds/answer/9642886,1,https://support.google.com/googlepixelbuds/answer/9642886,,,,,
https://support.google.com/googlepixelbuds/answer/10500249,https://support.google.com/googlepixelbuds/answer/10500249,"Safety, Warranty & Regulatory Guide for Pixel Buds A-Series",https://support.google.com/googlepixelbuds/answer/10500249,https://support.google.com/googlepixelbuds/answer/10500249,**Repair & Service**,https://support.google.com/googlepixelbuds/answer/10500249,"Do not attempt to repair your Pixel Buds A-Series yourself. Disassembling the device may result in loss of water resistance or cause injury or damage to your device. For example, the Pixel Buds A-Series earbuds contain lasers that can be damaged during disassembly which might expose you to hazardous laser emissions which are not visible.

Contact customer service and do not use your Pixel Buds A-Series if it isn’t working properly or has been damaged. [g.co/pixelbudsaseries/help](https://g.co/pixelbudsaseries/help)",https://support.google.com/googlepixelbuds/answer/10500249,1,https://support.google.com/googlepixelbuds/answer/10500249,,,OR Settings > Connected devices > Google Pixel Buds A,,
https://support.google.com/googlepixelbuds/answer/10500249,https://support.google.com/googlepixelbuds/answer/10500249,"Safety, Warranty & Regulatory Guide for Pixel Buds A-Series",https://support.google.com/googlepixelbuds/answer/10500249,https://support.google.com/googlepixelbuds/answer/10500249,**Battery**,https://support.google.com/googlepixelbuds/answer/10500249,"Pixel Buds A-Series contains rechargeable lithium-ion batteries, which is a sensitive component that can cause injury if damaged. Do not attempt to remove the battery. Contact Google or a Google authorized service provider to replace the battery. For contact information, visit [g.co/pixelbudsaseries/contact](https://g.co/pixelbudsaseries/contact). Replacement by non-qualified professionals can damage your device. Improper replacement or use of a non-qualified battery may present a risk of fire, explosion, leakage, or other hazard.

![](https://lh3.googleusercontent.com/-j6yHkPc0oGVQlGwDB1fNPy3zBuUQxR7cQHEs7A0-UhwIbxTkahOCrNFdH6nQ-sgdw=w400)

Models: GPQY2, G7YPJ, G7T9J

Chongqing VDL Electronics Co., Ltd.

Building 1-4, Puli Industrial New Zone, Zhaojia Street, Kaizhou District, Chongqing

Sunny.liu@gdvdl.com

Battery Model ID: GYJS0, VDL1238C

Do not modify or remanufacture/refurbish the battery, puncture or attempt to insert objects into the battery, immerse or expose the battery to water or other liquids, or expose the battery to fire, excessive heat, and/or other hazards.

This device comes with a battery that has proper certifications. In addition, the battery complies with IEEE 1725 standard.",https://support.google.com/googlepixelbuds/answer/10500249,1,https://support.google.com/googlepixelbuds/answer/10500249,,,OR Settings > Connected devices > Google Pixel Buds A,,
https://support.google.com/googlepixelbuds/answer/10500249,https://support.google.com/googlepixelbuds/answer/10500249,"Safety, Warranty & Regulatory Guide for Pixel Buds A-Series",https://support.google.com/googlepixelbuds/answer/10500249,https://support.google.com/googlepixelbuds/answer/10500249,**Waste Electrical and Electronic Equipment (WEEE) Directive and Battery Directive**,https://support.google.com/googlepixelbuds/answer/10500249,"![](https://lh3.googleusercontent.com/N-KsY1c41tGftOA_hsFTLbFnN-mEElWrvjHZp3qVYkSQmmgbZN2JQncLS-0If3xi6jI=w200)

The WEEE symbol above means that according to local laws and regulations your product and its battery(ies) should be disposed of separately from household waste. When this product reaches its end of life, take it to a collection point designated by local authorities for safe disposal or recycling. The separate collection and recycling of your product, its electrical accessories, and its battery(ies) will help conserve natural resources, protect human health, and help the environment.",https://support.google.com/googlepixelbuds/answer/10500249,1,https://support.google.com/googlepixelbuds/answer/10500249,,,OR Settings > Connected devices > Google Pixel Buds A,,
https://support.google.com/googlepixelbuds/answer/10500249,https://support.google.com/googlepixelbuds/answer/10500249,"Safety, Warranty & Regulatory Guide for Pixel Buds A-Series",https://support.google.com/googlepixelbuds/answer/10500249,https://support.google.com/googlepixelbuds/answer/10500249,**COMMON CHARGER DIRECTIVE**,https://support.google.com/googlepixelbuds/answer/10500249,"The power delivered by the charger must be between min 2.5 Watts required by the radio equipment, and max 2.5 Watts in order to achieve the maximum charging speed.",https://support.google.com/googlepixelbuds/answer/10500249,1,https://support.google.com/googlepixelbuds/answer/10500249,,,OR Settings > Connected devices > Google Pixel Buds A,,
https://support.google.com/googlepixelbuds/answer/12045780,https://support.google.com/googlepixelbuds/answer/12045780,Customize EQ with Google Pixel Buds Pro 2 and Pixel Buds 2a,https://support.google.com/googlepixelbuds/answer/12045780,https://support.google.com/googlepixelbuds/answer/12045780,Choose a Preset,https://support.google.com/googlepixelbuds/answer/12045780,"You can choose one of these presets as a starting point to get audio that works for you.

- **Default:** Google-tuned to work best across all types of audio content
- **Light bass:** Reduces bass to highlight everything else
- **Heavy bass:** Boosts lower frequencies to put bass first
- **Balanced:** A more neutral sound that balances the instruments in all ranges
- **Vocal boost:** Makes vocals stand out
- **Clarity:** Boosts the highs for better understanding of the words in speech and more sparkle and brilliance in music
- **Last saved:** Restores your last saved equalizer setting",https://support.google.com/googlepixelbuds/answer/12045780,1,https://support.google.com/googlepixelbuds/answer/12045780,,,,,
https://support.google.com/googlepixelbuds/answer/12309768,https://support.google.com/googlepixelbuds/answer/12309768,"Safety, Warranty & Regulatory Guide for Google Pixel Buds Pro",https://support.google.com/googlepixelbuds/answer/12309768,https://support.google.com/googlepixelbuds/answer/12309768,**Repair & Service**,https://support.google.com/googlepixelbuds/answer/12309768,"Do not attempt to repair your Pixel Buds Pro yourself. Disassembling the device may result in loss of water resistance or cause injury or damage to your device. For example, the device contains a laser that can be damaged during disassembly which might expose you to hazardous laser emissions which are not visible.

Contact customer service if your Pixel Buds Pro isn’t working properly or has been damaged. [g.co/pixelbudspro/help](https://g.co/pixelbudspro/help)",https://support.google.com/googlepixelbuds/answer/12309768,1,https://support.google.com/googlepixelbuds/answer/12309768,,,and at Settings > Connected devices > Pixel Buds Pro,,
https://support.google.com/googlepixelbuds/answer/12309768,https://support.google.com/googlepixelbuds/answer/12309768,"Safety, Warranty & Regulatory Guide for Google Pixel Buds Pro",https://support.google.com/googlepixelbuds/answer/12309768,https://support.google.com/googlepixelbuds/answer/12309768,**Battery**,https://support.google.com/googlepixelbuds/answer/12309768,"This device contains a rechargeable - lithium-ion battery, which is a sensitive component that can cause injury if damaged. Do not attempt to remove the battery. Contact Google or a Google authorized service provider to replace the battery.  For contact information, visit  g.co/pixelbudspro/help. Replacement by non-qualified professionals can damage your device. Improper replacement or use of a non-qualified battery may present a risk of fire, explosion, leakage, or other hazard. Do not modify or remanufacture/refurbish the battery, puncture or attempt to insert objects into the battery, immerse or expose the battery to water or other liquids, or expose the battery to fire, excessive heat, and/or other hazards.

This device comes with a battery that has proper certifications.  In addition, the battery complies with IEEE 1725 standard.

The Pixel Buds Pro contain lithium coin cells which are sensitive components that can cause injury if damaged or ingested. Keep away from children. These batteries are hazardous to young children. If ingested, seek medical attention immediately. Swallowing may lead to serious injury in as little as 2 hours or death, due to chemical burns and potential perforations of the esophagus. If you suspect your child has swallowed or inserted a button battery, immediately call your local poison control center. Examine the device(s) and make sure the battery compartment is correctly secured. Dispose of used button cell batteries immediately and safely.

T",https://support.google.com/googlepixelbuds/answer/12309768,1,https://support.google.com/googlepixelbuds/answer/12309768,,,and at Settings > Connected devices > Pixel Buds Pro,,
https://support.google.com/googlepixelbuds/answer/12309768,https://support.google.com/googlepixelbuds/answer/12309768,"Safety, Warranty & Regulatory Guide for Google Pixel Buds Pro",https://support.google.com/googlepixelbuds/answer/12309768,https://support.google.com/googlepixelbuds/answer/12309768,**Waste Electrical and Electronic Equipment (WEEE) Directive and Battery Directive**,https://support.google.com/googlepixelbuds/answer/12309768,"![](https://storage.googleapis.com/support-kms-prod/iWW5BDyuU7aUKhpTaNLplyFdlvhczH9xccHE)

The WEEE symbol above means that according to local laws and regulations your product and its battery(ies) should be disposed of separately from household waste. When this product reaches its end of life, take it to a collection point designated by local authorities for safe disposal or recycling. The separate collection and recycling of your product, its electrical accessories, and its battery(ies) will help conserve natural resources,  protect human health, and help the environment.

Manufacturer: Google LLC 1600 Amphitheatre Parkway Mountain View, CA, USA 94043

Google Commerce Limited UK establishment, Belgrave House, 76 Buckingham Palace Road, London, SW1W 9TQ",https://support.google.com/googlepixelbuds/answer/12309768,1,https://support.google.com/googlepixelbuds/answer/12309768,,,and at Settings > Connected devices > Pixel Buds Pro,,
https://support.google.com/googlepixelbuds/answer/15009837,https://support.google.com/googlepixelbuds/answer/15009837,"Safety, Warranty & Regulatory Guide for Google Pixel Buds Pro 2",https://support.google.com/googlepixelbuds/answer/15009837,https://support.google.com/googlepixelbuds/answer/15009837,REPAIR & SERVICE,https://support.google.com/googlepixelbuds/answer/15009837,"Do not attempt to repair your Pixel Buds Pro 2 yourself. Disassembling the device may result in loss of water or dust resistance or cause injury or damage to your device.

Contact customer service if Pixel Buds Pro 2 is not working properly or has been damaged.",https://support.google.com/googlepixelbuds/answer/15009837,1,https://support.google.com/googlepixelbuds/answer/15009837,,,on paired Pixel phones running Android 10 or newer under Settings > Connected devices > Pixel Buds Pro 2,,
https://support.google.com/googlepixelbuds/answer/15009837,https://support.google.com/googlepixelbuds/answer/15009837,"Safety, Warranty & Regulatory Guide for Google Pixel Buds Pro 2",https://support.google.com/googlepixelbuds/answer/15009837,https://support.google.com/googlepixelbuds/answer/15009837,BATTERY,https://support.google.com/googlepixelbuds/answer/15009837,"This Pixel Buds Pro 2 contains a rechargeable lithium-ion battery, which is a sensitive component that can cause injury if damaged. Do not attempt to remove the battery. Contact Google or a Google authorized service provider to replace the battery. For contact information, visit . Replacement by non-qualified professionals can damage your device. Improper replacement or use of a non-qualified battery may present a risk of fire, explosion, leakage, or other hazard. Do not modify or remanufacture/refurbish the battery, puncture or attempt to insert objects into the battery, immerse or expose the battery to water or other liquids, or expose the battery to fire, excessive heat, and/or other hazards.

|     |     |
| --- | --- |
| ![Caution](https://lh3.googleusercontent.com/bMJy6MjN-Q3pRNC49Rmkl3cCAiTxYTqP_4El0JMY2RyyumgbChXgDRf6TT7qn1PpMe3Z=w200) | WARNING: This Pixel Buds Pro 2 contains coin cells which are sensitive components that can cause injury if damaged or ingested. Keep away from children. These batteries are hazardous to young children. If ingested or placed inside any part of the body, seek medical attention immediately. Swallowing or insertion may lead to serious injury in as little as 2 hours or death, due to chemical burns and potential perforations of the esophagus. If you suspect your child has swallowed or inserted a battery, seek immediate medical attention. Examine the device(s) and ma",https://support.google.com/googlepixelbuds/answer/15009837,1,https://support.google.com/googlepixelbuds/answer/15009837,,,on paired Pixel phones running Android 10 or newer under Settings > Connected devices > Pixel Buds Pro 2,,
https://support.google.com/googlepixelbuds/answer/15009837,https://support.google.com/googlepixelbuds/answer/15009837,"Safety, Warranty & Regulatory Guide for Google Pixel Buds Pro 2",https://support.google.com/googlepixelbuds/answer/15009837,https://support.google.com/googlepixelbuds/answer/15009837,COMMON CHARGER DIRECTIVE,https://support.google.com/googlepixelbuds/answer/15009837,"The power delivered by the charger must be between min 2.5 Watts required by the radio equipment, and max 2.5 Watts in order to achieve the maximum charging speed.

![](https://storage.googleapis.com/support-kms-prod/b7Sb3CHFLxuYM4QPpZjvMz36QhhL1ofSNj10)",https://support.google.com/googlepixelbuds/answer/15009837,1,https://support.google.com/googlepixelbuds/answer/15009837,,,on paired Pixel phones running Android 10 or newer under Settings > Connected devices > Pixel Buds Pro 2,,
https://support.google.com/googlepixelbuds/answer/15440013,https://support.google.com/googlepixelbuds/answer/15440013,Understand Google Pixel Buds charging status lights,https://support.google.com/googlepixelbuds/answer/15440013,https://support.google.com/googlepixelbuds/answer/15440013,How to check the battery level of your charging case,https://support.google.com/googlepixelbuds/answer/15440013,"1. If your charging case is empty, the white LED lights show the battery level of the case itself.
2. If your Pixel Buds are in the charging case, you can press the case button to check your Pixel Buds' battery or the battery in the charging case.

|     |     |
| --- | --- |
| ![](https://lh3.googleusercontent.com/JVbzKDYrgJiHE6eHJ-PoEnAtQBZo_cRNdzuMTAuEfPPTc9TbBZrUWyhUmqMZ_i2XyT0=h36)<br>3 solid white LEDs | The case battery is at 75% or higher. |
| ![](https://lh3.googleusercontent.com/9jRIeft2eTfx9lT4bwsDq4VBnb4BeZ_6w6uIe2KNLX10vTTTI0A1u5-x4XvWyTT2WuQ=w96)<br>2 solid white LEDs | The case battery is between 50-75%. |
| ![](https://lh3.googleusercontent.com/G9Uk1VtvopvFYDM6CAuep4YxQAHi6RX4GDjDmcSVrXl5CKfSpHMvJwJId-un4hJCnew=w96)<br>One solid white LED | The case battery is between 25-50%. |
| ![](https://lh3.googleusercontent.com/1qJO3KN6NE0fH4EHupAXa9UlV33hJ_wFf_ubbVPflTshcj65NmVWRZUmi_MsWsC5UYmV=h36)<br>One solid amber LED | The case battery is critically low. |

1All listening times are approximate and were measured using music playback with pre-production hardware and software, with fully charged Pixel Buds Pro 2 and case, and other features disabled. Case is used to recharge Pixel Buds Pro 2. Charging times are approximate. Use of other features will decrease battery life. Battery life depends on device, features enabled, usage, environment, and many other factors. Actual battery life may be lower.

Google, Pixel, G logo, and related logos and marks are trademarks of",https://support.google.com/googlepixelbuds/answer/15440013,1,https://support.google.com/googlepixelbuds/answer/15440013,,,,,
https://support.google.com/googlepixelbuds/answer/16444169,https://support.google.com/googlepixelbuds/answer/16444169,"Safety, Warranty & Regulatory Guide for Google Pixel Buds 2a",https://support.google.com/googlepixelbuds/answer/16444169,https://support.google.com/googlepixelbuds/answer/16444169,**REPAIR & SERVICE**,https://support.google.com/googlepixelbuds/answer/16444169,"Self service repair is not recommended unless you are an adult with the technical expertise to safely repair electronic devices. If you choose to perform self repair, you agree to assume the risk associated with such repair. Use caution if engaging in repair. Opening and/or repairing your device can present electric shock, device damage, fire and personal injury risks and other hazards. Disassembling the device may result in loss of water or dust resistance or cause injury or damage to your device. For example, the device contains a laser that can be damaged during disassembly which might expose you to hazardous laser emissions which are not visible.

Contact customer service if your Google Pixel Buds 2a is not working properly or has been damaged. For more information, visit g.co/pixelbudsaseries/help",https://support.google.com/googlepixelbuds/answer/16444169,1,https://support.google.com/googlepixelbuds/answer/16444169,,,on paired Pixel phones running Android 10 or newer under Settings > Connected devices > Pixel Buds 2a,,
https://support.google.com/googlepixelbuds/answer/16444169,https://support.google.com/googlepixelbuds/answer/16444169,"Safety, Warranty & Regulatory Guide for Google Pixel Buds 2a",https://support.google.com/googlepixelbuds/answer/16444169,https://support.google.com/googlepixelbuds/answer/16444169,**BATTERY**,https://support.google.com/googlepixelbuds/answer/16444169,"This device contains a rechargeable lithium-ion battery, which is a sensitive component that can cause injury if damaged. Google recommends that you seek professional assistance for any device repairs, and use authentic Google replacement parts, if available in your region. Self service repair (including removing and/or replacing the battery) is not recommended unless you are an adult with the technical expertise to safely repair electronic devices. If you choose to perform self repair, you agree to assume the risk associated with such repair. Use caution if engaging in repair. Opening and/or repairing your device can present electric shock, device damage, fire and personal injury risk, and other hazards. To replace the battery, contacting Google, a Google service provider or an independent repair professional are recommended. For contact information, visit [g.co/pixelbuds/repair](https://g.co/pixelbuds/repair).

![](https://storage.googleapis.com/support-kms-prod/E6b4H0K7uSosVrIKRuqijw3LhV727j3xgRo8)

**Models:** G3UGY, G76LT

Chongqing VDL Electronics Co., Ltd.

Google 1600 Amphitheatre Parkway, Mountain View, CA 94043 US

Web: [g.co/regulatory](https://g.co/regulatory)

Battery model ID: 1254S5

Weight: 1.7 g, Capacity: 77 mAh, RECHARGEABLE, Lithium-Ion, Extinguishing agent: Dry Powder, CO2, Hazardous substances: Nickel, Critical Raw Materials: Aluminum, Cobalt, Copper, Lithium, Graphite, Made in China

**Models:** GNN2Z

Chongqing VDL Electronics Co., Ltd.

Google 1600 Am",https://support.google.com/googlepixelbuds/answer/16444169,1,https://support.google.com/googlepixelbuds/answer/16444169,,,on paired Pixel phones running Android 10 or newer under Settings > Connected devices > Pixel Buds 2a,,
https://support.google.com/googlepixelbuds/answer/16444169,https://support.google.com/googlepixelbuds/answer/16444169,"Safety, Warranty & Regulatory Guide for Google Pixel Buds 2a",https://support.google.com/googlepixelbuds/answer/16444169,https://support.google.com/googlepixelbuds/answer/16444169,**COMMON CHARGER DIRECTIVE**,https://support.google.com/googlepixelbuds/answer/16444169,"The power delivered by the charger must be between min 2.5 Watts required by the radio equipment, and max 2.5 Watts in order to achieve the maximum charging speed.

![](https://storage.googleapis.com/support-kms-prod/b7Sb3CHFLxuYM4QPpZjvMz36QhhL1ofSNj10)",https://support.google.com/googlepixelbuds/answer/16444169,1,https://support.google.com/googlepixelbuds/answer/16444169,,,on paired Pixel phones running Android 10 or newer under Settings > Connected devices > Pixel Buds 2a,,
https://support.google.com/googlepixelbuds/answer/17139951,https://support.google.com/googlepixelbuds/answer/17139951,Get started with Pixel Buds Gen 1 (2017),https://support.google.com/googlepixelbuds/answer/17139951,https://support.google.com/googlepixelbuds/answer/17139951,Step 2: Charge your Pixel Buds,https://support.google.com/googlepixelbuds/answer/17139951,"**Important:** Charge safely. Before charging, make sure you read and follow the safety information about charging Google Pixel Buds. You can check the ""Be Safe"" guide included with your Google Pixel Buds or go to .

1. Charge the Pixel Buds inside the case with the lid closed for 10 minutes.
   - A pulsing orange LED will appear to indicate that your device battery is low and not ready to pair.
2. Wait for a few minutes until you have a single white LED pulsing.",https://support.google.com/googlepixelbuds/answer/17139951,1,https://support.google.com/googlepixelbuds/answer/17139951,,,,,
https://support.google.com/googlepixelbuds/answer/17139951,https://support.google.com/googlepixelbuds/answer/17139951,Get started with Pixel Buds Gen 1 (2017),https://support.google.com/googlepixelbuds/answer/17139951,https://support.google.com/googlepixelbuds/answer/17139951,Step 4: Pair the Pixel Buds to your mobile device,https://support.google.com/googlepixelbuds/answer/17139951,"1. Open the charging case next to your phone with the Pixel Buds still inside.
   - If your Pixel Buds are outside of the case, put them back in, matching the Left (L) and Right (R) indicator of the Pixel Buds to the charging pods.
2. Once they're in, press down to make sure the charging pins have good contact.
   - A green LED light will appear to indicate that the Pixel Buds are charging.
   - A single white LED pulsing will appear to indicate that the Pixel Buds are ready to pair.
3. Look for a pop-up notification on your phone that will take you through the rest of the setup. **Tip:** You can also prompt the pop-up notification to appear by opening your assistant.

Wear your Pixel Buds Gen 1 (2017)

The Pixel Buds Gen 1 (2017) are designed to sound great and fit comfortably in your ears. To properly adjust the Pixel Buds:

1. Pull the cord to adjust the loop size for each bud.
2. Tuck the loops into your ear for the Pixel Buds to fit comfortably.

Control your Pixel Buds Gen 1 (2017)

**Important:**

- The Gemini on Google Pixel Buds is only available on Android and requires an assistant-enabled Android device and data connection. Data rates may apply.
- For minimum requirements, go to . A Google account is required for full access to features.
- Google Translate on Google Pixel Buds is only available on Pixel phones. Internet connection required. Fee",https://support.google.com/googlepixelbuds/answer/17139951,1,https://support.google.com/googlepixelbuds/answer/17139951,,,,,
https://support.google.com/googlepixelbuds/answer/17139951,https://support.google.com/googlepixelbuds/answer/17139951,Get started with Pixel Buds Gen 1 (2017),https://support.google.com/googlepixelbuds/answer/17139951,https://support.google.com/googlepixelbuds/answer/17139951,Gesture with a finger to perform commands,https://support.google.com/googlepixelbuds/answer/17139951,"|     |     |
| --- | --- |
| **To:** | **Do this gesture:** |
| Make a phone call | 1. Press and hold the right earbud to activate your voice assistant.<br>2. Indicate the contact name you want to call. (Example: “ _Call Mom_”)<br>    <br>   **Tip:** You’ll be directed to your phone to enable contact permissions if you haven't already.<br>   <br>3. After you indicate the contact name you want to call, the voice assistant will confirm your request and begin calling them. |
| Answer a call | Tap the right earbud |
| End a call | Touch and hold the right earbud |
| Ignore a call | Touch and hold the right earbud |
| Play or pause media | Tap the right earbud |
| Increase volume | Swipe forward on the right earbud |
| Decrease volume | Swipe backward on the right earbud |
| Activate Gemini | Touch and hold the right earbud |
| Confirm your choice with Gemini | Tap the right earbud |
| Stop Gemini | Double-tap the right earbud |
| Listen to notifications using Gemini | Double-tap the right earbud |
| Wake or sleep your Pixel Buds | Triple-tap the right earbud |

Change your Pixel Buds Gen 1 (2017) settings

To change the settings of your Pixel Buds:

1. Connect your Pixel Buds to your phone.
2. Press and hold the center button on your phone to activate your voice assistant.
3. Tap **Headphones settings**.",https://support.google.com/googlepixelbuds/answer/17139951,1,https://support.google.com/googlepixelbuds/answer/17139951,,,,,
https://support.google.com/googlepixelbuds/answer/17139951,https://support.google.com/googlepixelbuds/answer/17139951,Get started with Pixel Buds Gen 1 (2017),https://support.google.com/googlepixelbuds/answer/17139951,https://support.google.com/googlepixelbuds/answer/17139951,Send feedback when your Pixel Buds are connected,https://support.google.com/googlepixelbuds/answer/17139951,"1. Tap and hold the Home button.
2. Tap **Headphone Settings**.
3. Tap **Send feedback**.
4. Write a detailed description of your feedback.
5. In the upper-right corner, tap Send ![](https://lh3.googleusercontent.com/hzCd-BTb27TJGcvyfjRpwaO9nCMdm8T0fqlsORXF-45Q_8MjhWAgUfYG8CxVre1Fdhg=w36).",https://support.google.com/googlepixelbuds/answer/17139951,1,https://support.google.com/googlepixelbuds/answer/17139951,,,,,
https://support.google.com/googlepixelbuds/answer/17139951,https://support.google.com/googlepixelbuds/answer/17139951,Get started with Pixel Buds Gen 1 (2017),https://support.google.com/googlepixelbuds/answer/17139951,https://support.google.com/googlepixelbuds/answer/17139951,Send feedback when your Pixel Buds are not connected,https://support.google.com/googlepixelbuds/answer/17139951,"1. Open the Google app ![Google Search](https://storage.googleapis.com/support-kms-prod/rq9de3WTgmMqpSVTsN8jS8TwvSsGkweRXBMK).
2. Tap More ![More](https://lh3.googleusercontent.com/deMiIJgQugKLD641kX1oDSOHnnsi-WfhwTRdHNtSAgP28AAs5P-gm2Hws_HYi1LQGiL4=w36-h36)![and then](https://lh3.googleusercontent.com/3_l97rr0GvhSP2XV5OoCkV2ZDTIisAOczrSdzNCBxhIKWrjXjHucxNwocghoUa39gw=h36)**Settings**.
3. Under “Google Assistant,” tap **Settings**![and then](https://lh3.googleusercontent.com/3_l97rr0GvhSP2XV5OoCkV2ZDTIisAOczrSdzNCBxhIKWrjXjHucxNwocghoUa39gw=h36) **Assistant**.
4. Under “Assistant Devices,” tap **Pixel Buds**.
5. Tap **Send feedback**.
6. Write a detailed description of your feedback.
7. In the upper-right corner, tap Send ![](https://lh3.googleusercontent.com/hzCd-BTb27TJGcvyfjRpwaO9nCMdm8T0fqlsORXF-45Q_8MjhWAgUfYG8CxVre1Fdhg=w36).

Give feedback about this article

Choose a section to give feedback on",https://support.google.com/googlepixelbuds/answer/17139951,1,https://support.google.com/googlepixelbuds/answer/17139951,,,,,
https://support.google.com/googlepixelbuds/answer/7549807,https://support.google.com/googlepixelbuds/answer/7549807,"Safety, Warranty & Regulatory Guide (Pixel Buds 2017)",https://support.google.com/googlepixelbuds/answer/7549807,https://support.google.com/googlepixelbuds/answer/7549807,Battery,https://support.google.com/googlepixelbuds/answer/7549807,"Google Pixel Buds and the charging case contain lithium-ion batteries which are a sensitive components that can cause injury if damaged. Do not attempt to remove the batteries. Contact Google or a Google authorized service provider to replace the batteries. Replacement by non-qualified professionals can damage your device. Use of an unqualified battery may present a risk of fire, explosion, leakage, or other hazard. Dispose of your Google Pixel Buds, the charging case, the batteries, and accessories according to local environmental regulations. Do not dispose of them in normal household waste. Improper disposal may lead to fire, explosion, and/or other hazards.  For more information on recycling your device, visit g.co/HWRecyclingProgram",https://support.google.com/googlepixelbuds/answer/7549807,1,https://support.google.com/googlepixelbuds/answer/7549807,,,SafetyInfo or in the Assistant app at Settings > Devices > Pixel Buds,,
https://support.google.com/googlepixelbuds/answer/7558528,https://support.google.com/googlepixelbuds/answer/7558528,Set up Google Pixel Buds,https://support.google.com/googlepixelbuds/answer/7558528,https://support.google.com/googlepixelbuds/answer/7558528,Step 1: Connect your Pixel Buds,https://support.google.com/googlepixelbuds/answer/7558528,"1. Ensure that the earbuds and charging case are charged.

2. Open the Google Pixel Buds charging case and keep it next to your device. If your Pixel Buds are outside of the case, put them back in, matching the Left (L) and Right (R) indicator of the Pixel Buds to the charging pods.

**For Pixel Buds Pro 2:** A chime from the case will indicate that you’ve inserted the buds correctly.

3. Make sure that your device is unlocked and both Bluetooth® and Location are on.
4. Press and hold the pairing button on the back of the case until the status light starts pulsing white.
5. Pair Pixel Buds with your device.
1. **Google Pixel or Android 6.0 or newer:** Tap the Google Pixel Buds pairing notification and follow the on-screen steps.
2. **Other devices:** Select Google Pixel Buds from the list of new available Bluetooth devices.

![](https://lh3.googleusercontent.com/_3OXdiPPidNmd0Qjh9vn138FoCsz8p0F3b2U3CNiNYlnvf2OSUWZumXMKYhOpu2wPQ=w700)",https://support.google.com/googlepixelbuds/answer/7558528,1,https://support.google.com/googlepixelbuds/answer/7558528,,,,,
https://support.google.com/googlepixelbuds/answer/7558528,https://support.google.com/googlepixelbuds/answer/7558528,Set up Google Pixel Buds,https://support.google.com/googlepixelbuds/answer/7558528,https://support.google.com/googlepixelbuds/answer/7558528,Step 4: Learn gestures & controls,https://support.google.com/googlepixelbuds/answer/7558528,"Google Pixel Buds allow you to control your media, manage your calls, or use your Assistant while on the go with just a few simple gestures.",https://support.google.com/googlepixelbuds/answer/7558528,1,https://support.google.com/googlepixelbuds/answer/7558528,,,,,
https://support.google.com/googlepixelbuds/answer/7558528,https://support.google.com/googlepixelbuds/answer/7558528,Set up Google Pixel Buds,https://support.google.com/googlepixelbuds/answer/7558528,https://support.google.com/googlepixelbuds/answer/7558528,Touch gestures,https://support.google.com/googlepixelbuds/answer/7558528,"'- **Tap** to answer calls, play, or pause media

- **Double tap** to skip track
- **Triple tap** to go to previous track
- **Swipe forward** to increase volume (only on Pro series)
- **Swipe backward** to decrease volume (only on Pro series)
- **Press and hold** to speak to your Gemini (requires Gemini set up), toggle between different audio settings, or turn your buds off.

For audio settings:

- **Pixel Buds Pro 2 only:** Press and hold to choose between Active Noise Cancellation, Transparency mode, and Adaptive Audio.
- **Pixel Buds 2a:** Press and hold to choose between Active Noise Cancellation and Transparency mode.
- **Tip:** Some features are only available with certain press and hold combinations. .",https://support.google.com/googlepixelbuds/answer/7558528,1,https://support.google.com/googlepixelbuds/answer/7558528,,,,,
https://support.google.com/googlepixelbuds/answer/7558528,https://support.google.com/googlepixelbuds/answer/7558528,Set up Google Pixel Buds,https://support.google.com/googlepixelbuds/answer/7558528,https://support.google.com/googlepixelbuds/answer/7558528,Head gestures (Pixel Buds Pro 2 only),https://support.google.com/googlepixelbuds/answer/7558528,"'- **Nod up and down** to answer an incoming call
- **Shake side to side** to dismiss an incoming call

**Tip:** If you’ve enabled spoken notifications, you can also respond to a text message by nodding your head up and down. This is only available in English.

Manually pair Google Pixel Buds for Android device",https://support.google.com/googlepixelbuds/answer/7558528,1,https://support.google.com/googlepixelbuds/answer/7558528,,,,,
https://support.google.com/googlepixelbuds/answer/7558528,https://support.google.com/googlepixelbuds/answer/7558528,Set up Google Pixel Buds,https://support.google.com/googlepixelbuds/answer/7558528,https://support.google.com/googlepixelbuds/answer/7558528,Reconnect Google Pixel Buds to your phone,https://support.google.com/googlepixelbuds/answer/7558528,"When you need to reconnect your Google Pixel Buds to your phone, double tap the right earbud. If your Google Pixel Buds are in the charging case, simply open the case and remove the buds to begin the reconnection.",https://support.google.com/googlepixelbuds/answer/7558528,1,https://support.google.com/googlepixelbuds/answer/7558528,,,,,
https://support.google.com/googlepixelbuds/answer/7558528,https://support.google.com/googlepixelbuds/answer/7558528,Set up Google Pixel Buds,https://support.google.com/googlepixelbuds/answer/7558528,https://support.google.com/googlepixelbuds/answer/7558528,Connect your Google Pixel Buds to additional devices,https://support.google.com/googlepixelbuds/answer/7558528,"To switch Pixel Buds between previously paired devices, select ""Pixel Buds"" in the second device's Bluetooth menu while connected to the first. Your Pixel Buds should disconnect from the first device and connect to the new device.Google Pixel Buds can be paired to a total of 8 devices.

If you want to connect your Google Pixel Buds to an additional phone or simply change the phone they're currently connected to, place them in the charging case. Once the green LED ![](https://lh3.googleusercontent.com/JH-ueU_mI5cElLnwBm3TiRL68Zd22ZxBgGPXUlZrY6A9plXv6PDYxx6GsnYEmT5NIRY=h36) is visible, hold the case button for 3 seconds to put them in pairing mode. While in pairing mode, the Pixel Buds will be ready to connect to your new device.

Follow the set up steps listed above to complete the process of connecting your Pixel Buds to the new device.",https://support.google.com/googlepixelbuds/answer/7558528,1,https://support.google.com/googlepixelbuds/answer/7558528,,,,,
https://support.google.com/googlepixelbuds/answer/7560934,https://support.google.com/googlepixelbuds/answer/7560934,Learn controls for Google Pixel Buds,https://support.google.com/googlepixelbuds/answer/7560934,https://support.google.com/googlepixelbuds/answer/7560934,Gesture with a finger to perform commands,https://support.google.com/googlepixelbuds/answer/7560934,"| To do this... | Perform this gesture |
| --- | --- |
| Answer call | Tap the right earbud |
| End call | Touch and hold the right earbud |
| Ignore call | Touch and hold the right earbud |
| Play or pause media | Tap the right earbud |
| Increase volume | Swipe forward on the right earbud |
| Decrease volume | Swipe backward on the right earbud |
| Invoke your Gemini | Touch and hold the right earbud |
| Confirm your choice with Gemini | Tap the right earbud |
| Stop your Gemini | Double tap the right earbud |
| Listen to notifications with Gemini | Double tap the right earbud |
| Wake or sleep your Pixel Buds | Triple tap the right earbud |

Google Assistant requires an Assistant-enabled Android 6.0+ device, Google Account, and an internet connection. Data rates may apply. For available languages and minimum requirements go to [g.co/pixelbuds/help](http://g.co/pixelbuds/help)

Give feedback about this article

Choose a section to give feedback on",https://support.google.com/googlepixelbuds/answer/7560934,1,https://support.google.com/googlepixelbuds/answer/7560934,,,,,
https://support.google.com/googlepixelbuds/answer/7573100,https://support.google.com/googlepixelbuds/answer/7573100,Translate with Google Pixel Buds,https://support.google.com/googlepixelbuds/answer/7573100,https://support.google.com/googlepixelbuds/answer/7573100,Troubleshoot if you encounter issues:,https://support.google.com/googlepixelbuds/answer/7573100,"'- Move closer to the audio source.
- Ask the speaker to talk louder, slower, or more clearly.
- Switch the microphone on and off.
- Check that your input or output languages are correct.
- Verify your Wi-Fi connection.

Requires a Google Assistant-enabled Android 6.0+ device, Google Account, and an internet connection. Data rates may apply. Translation isn't instantaneous. For available languages go to [g.co/pixelbuds/help](http://g.co/pixelbuds/help)

Give feedback about this article

Choose a section to give feedback on",https://support.google.com/googlepixelbuds/answer/7573100,1,https://support.google.com/googlepixelbuds/answer/7573100,,,,,
https://support.google.com/googlepixelbuds/answer/7685360,https://support.google.com/googlepixelbuds/answer/7685360,Change Google Pixel Buds settings,https://support.google.com/googlepixelbuds/answer/7685360,https://support.google.com/googlepixelbuds/answer/7685360,Spatial audio and Head tracking,https://support.google.com/googlepixelbuds/answer/7685360,"Spatial Audio with head tracking is an exclusive feature for Pixel Buds Pro and Pixel Buds Pro 2. These earbuds work seamlessly with Pixel 6, Pixel 6 Pro, and most newer Pixel phones, which creates an immersive, surround-sound-like effect. Head tracking isn't available for Pixel Buds A-Series.

For Pixel Buds 2a, only stereo Spatial Audio is supported.

.",https://support.google.com/googlepixelbuds/answer/7685360,1,https://support.google.com/googlepixelbuds/answer/7685360,,,,,
https://support.google.com/googlepixelbuds/answer/9027902,https://support.google.com/googlepixelbuds/answer/9027902,Set up Google Assistant on headphones,https://support.google.com/googlepixelbuds/answer/9027902,https://support.google.com/googlepixelbuds/answer/9027902,Fix issues with Google Assistant on headphones,https://support.google.com/googlepixelbuds/answer/9027902,"While you're connected to an Android phone or tablet, Google Assistant responds and gives you notifications on your headphones. If Google Assistant doesn't work on your headphones, follow these steps to fix the issue.",https://support.google.com/googlepixelbuds/answer/9027902,1,https://support.google.com/googlepixelbuds/answer/9027902,,,,,
https://support.google.com/googlepixelbuds/answer/9027902,https://support.google.com/googlepixelbuds/answer/9027902,Set up Google Assistant on headphones,https://support.google.com/googlepixelbuds/answer/9027902,https://support.google.com/googlepixelbuds/answer/9027902,Fix a problem,https://support.google.com/googlepixelbuds/answer/9027902,"Google Assistant doesn't respond to gestures

If Google Assistant doesn’t respond when you touch your headphones, follow these steps to fix the problem.

**Step 1: Make sure that your headphones are connected to your phone**

1. On your Android phone, say ""Hey Google, open Assistant settings.""
2. Tap **Devices**![and then](https://lh3.googleusercontent.com/3_l97rr0GvhSP2XV5OoCkV2ZDTIisAOczrSdzNCBxhIKWrjXjHucxNwocghoUa39gw=h36) your headphones.
3. Under ""Status,"" check for ""Connected.""
   - If they’re not connected, continue to Step 2.

**Step 2: Check if Bluetooth is turned on**

1. On your Android phone, from the top of your screen, swipe down.
2. Make sure that your Bluetooth is turned on.
3. Touch and hold Bluetooth ![](https://storage.googleapis.com/support-kms-prod/bzci8pOaavWkkJG8U3np7V4Kj3IOLn7oI2RO).
4. Make sure your headphones are connected, or show as “Active.”

**Step 3: Restart your headphones**

On your headphones, turn the power button off and then on.

**Step 4: Reset your headphones**

To factory reset your headphones, refer to your headphone's instruction manual or packaging. After you reset your headphones, you must .

Google Assistant doesn't respond to “Hey Google”

**Important:** Not all headphones have .

When you turn on “Say ‘Hey Google’” for your headphones, you can use Voice Match to talk to Google Assista",https://support.google.com/googlepixelbuds/answer/9027902,1,https://support.google.com/googlepixelbuds/answer/9027902,,,,,
https://support.google.com/googlepixelbuds/answer/9027902,https://support.google.com/googlepixelbuds/answer/9027902,Set up Google Assistant on headphones,https://support.google.com/googlepixelbuds/answer/9027902,https://support.google.com/googlepixelbuds/answer/9027902,Use gestures to control your Google Assistant on headphones,https://support.google.com/googlepixelbuds/answer/9027902,"To talk to your Google Assistant, you can touch and hold your earbud. When you're done, release your earbud.

With gestures, you can:

- Start and stop a conversation with your Google Assistant.
- Answer and end phone calls.
- Play and pause media.
- Hear notifications.",https://support.google.com/googlepixelbuds/answer/9027902,1,https://support.google.com/googlepixelbuds/answer/9027902,,,,,
https://support.google.com/googlepixelbuds/answer/9027902,https://support.google.com/googlepixelbuds/answer/9027902,Set up Google Assistant on headphones,https://support.google.com/googlepixelbuds/answer/9027902,https://support.google.com/googlepixelbuds/answer/9027902,Gestures you can use,https://support.google.com/googlepixelbuds/answer/9027902,"Based on the headphones you use, the gestures you can use change. To learn more, refer to your device's instruction manual or packaging, or go to your headphone manufacturer’s support site. You can find their site through Assistant settings:

AndroidiPhone & iPad

More

More

1. On your Android phone or tablet, open the Google Home app ![Google Home](https://lh3.googleusercontent.com/D6u3DMavi3jpnk_uht1slPJBBxfvWvWV6SwGHKeis-nlqfuloh473-Sh-EMPgRceYoQ=w36-h36).
2. Tap **Devices**![and then](https://lh3.googleusercontent.com/3_l97rr0GvhSP2XV5OoCkV2ZDTIisAOczrSdzNCBxhIKWrjXjHucxNwocghoUa39gw=h36) your headphones.
3. Under ""Support,"" tap **Help**.",https://support.google.com/googlepixelbuds/answer/9027902,1,https://support.google.com/googlepixelbuds/answer/9027902,,,,,
https://support.google.com/googlepixelbuds/answer/9122983,https://support.google.com/googlepixelbuds/answer/9122983,Send Feedback for Pixel Buds,https://support.google.com/googlepixelbuds/answer/9122983,https://support.google.com/googlepixelbuds/answer/9122983,When your Pixel Buds are connected,https://support.google.com/googlepixelbuds/answer/9122983,"1. Tap and hold the Home button.

2. Tap **Headphone Settings**.

3. Tap **Send feedback**.

4. Write a detailed description of your feedback.

5. In the upper-right corner, tap Send ![](https://lh3.googleusercontent.com/hzCd-BTb27TJGcvyfjRpwaO9nCMdm8T0fqlsORXF-45Q_8MjhWAgUfYG8CxVre1Fdhg=w36).",https://support.google.com/googlepixelbuds/answer/9122983,1,https://support.google.com/googlepixelbuds/answer/9122983,,,,,
https://support.google.com/googlepixelbuds/answer/9122983,https://support.google.com/googlepixelbuds/answer/9122983,Send Feedback for Pixel Buds,https://support.google.com/googlepixelbuds/answer/9122983,https://support.google.com/googlepixelbuds/answer/9122983,If your Pixel Buds are not connected,https://support.google.com/googlepixelbuds/answer/9122983,"1. Open the Google app ![Google Search](https://storage.googleapis.com/support-kms-prod/rq9de3WTgmMqpSVTsN8jS8TwvSsGkweRXBMK).

2. Tap More ![More](https://lh3.googleusercontent.com/deMiIJgQugKLD641kX1oDSOHnnsi-WfhwTRdHNtSAgP28AAs5P-gm2Hws_HYi1LQGiL4=w36-h36)![and then](https://lh3.googleusercontent.com/QbWcYKta5vh_4-OgUeFmK-JOB0YgLLoGh69P478nE6mKdfpWQniiBabjF7FVoCVXI0g=h36)**Settings**.

3. Under “Google Assistant,” tap **Settings**![and then](https://lh3.googleusercontent.com/QbWcYKta5vh_4-OgUeFmK-JOB0YgLLoGh69P478nE6mKdfpWQniiBabjF7FVoCVXI0g=h36) **Assistant**.

4. Under “Assistant Devices,” tap **Pixel Buds**.

5. Tap **Send feedback**.

6. Write a detailed description of your feedback.

7. In the upper-right corner, tap Send ![](https://lh3.googleusercontent.com/hzCd-BTb27TJGcvyfjRpwaO9nCMdm8T0fqlsORXF-45Q_8MjhWAgUfYG8CxVre1Fdhg=w36).

Give feedback about this article

Choose a section to give feedback on",https://support.google.com/googlepixelbuds/answer/9122983,1,https://support.google.com/googlepixelbuds/answer/9122983,,,,,
https://support.google.com/googlepixelbuds/answer/9642078,https://support.google.com/googlepixelbuds/answer/9642078,Update your Pixel Buds firmware and web companion app,https://support.google.com/googlepixelbuds/answer/9642078,https://support.google.com/googlepixelbuds/answer/9642078,Troubleshooting,https://support.google.com/googlepixelbuds/answer/9642078,"Switch to another Pixel Buds

The web companion app can only connect to one device at a time. To switch to another device:

1. To unpair the current device from the web companion app, click Remove ![](https://storage.googleapis.com/support-kms-prod/np2JxyQriU0ITs55IHW1HFlcUWu7jurkN0ed)**.**
2. Make sure your new device is paired and connected to your computer.
3. Choose the new Pixel Buds you want to connect.

Firmware update is stuck

On Windows, when the firmware update is stuck at 0% or 50%:

1. Return to the homepage.
2. Click Remove ![](https://storage.googleapis.com/support-kms-prod/np2JxyQriU0ITs55IHW1HFlcUWu7jurkN0ed) to disconnect the buds from the web companion app.
3. On the Windows taskbar, right-click on the **Start** menu.
4. Click **Settings**![and then](https://lh3.googleusercontent.com/3_l97rr0GvhSP2XV5OoCkV2ZDTIisAOczrSdzNCBxhIKWrjXjHucxNwocghoUa39gw=h36) **Bluetooth & devices**![and then](https://lh3.googleusercontent.com/3_l97rr0GvhSP2XV5OoCkV2ZDTIisAOczrSdzNCBxhIKWrjXjHucxNwocghoUa39gw=h36) your Pixel Buds.
5. Click **Remove device**![and then](https://lh3.googleusercontent.com/3_l97rr0GvhSP2XV5OoCkV2ZDTIisAOczrSdzNCBxhIKWrjXjHucxNwocghoUa39gw=h36) **Yes** to confirm.
6. Pair your Pixel Buds with your computer again.
7. Once they are paired and connected, go back to the web companion app.
8. Choose your Buds and try the firmware update again.

Nothing happens after clicking ""Select your Buds""",https://support.google.com/googlepixelbuds/answer/9642078,1,https://support.google.com/googlepixelbuds/answer/9642078,,,,,
https://support.google.com/googlepixelbuds/answer/9642885,https://support.google.com/googlepixelbuds/answer/9642885,Find your Pixel Buds,https://support.google.com/googlepixelbuds/answer/9642885,https://support.google.com/googlepixelbuds/answer/9642885,Troubleshooting,https://support.google.com/googlepixelbuds/answer/9642885,"If **Find when disconnected** doesn't appear, you'll need to  and then .

Find my earbuds or charging case

You can easily locate your earbuds and charging case through the .

If the earbuds are outside their charging case, you'll also have the option to select the desired earbud or case that you want to find.

![](https://storage.googleapis.com/support-kms-prod/cac5ZB7Gmr3UEx4c0qb4Ans3kJpRyK6GjBob)

After you choose a piece, tap **Play** **sound** to trigger a loud chime that can help you easily find them.

You can also check the location of your case and earbuds on the map.

![](https://storage.googleapis.com/support-kms-prod/MQ12w219Q0png4XRs4KkjBdzyY9wIv8bPEzH)

Unknown tracker alerts about a Pixel Buds Pro 2 or Pixel Buds 2a

If an unknown device is detected together with you for an extended period, you may receive an unknown tracker alert. This will bring up options to ring, find, and disable the individual earbud or the charging case.

.",https://support.google.com/googlepixelbuds/answer/9642885,1,https://support.google.com/googlepixelbuds/answer/9642885,,,,,
https://support.google.com/googlepixelbuds/answer/9800952,https://support.google.com/googlepixelbuds/answer/9800952,"Safety, Warranty & Regulatory Guide (Pixel Buds)",https://support.google.com/googlepixelbuds/answer/9800952,https://support.google.com/googlepixelbuds/answer/9800952,Repair & Service,https://support.google.com/googlepixelbuds/answer/9800952,"Don't attempt to repair Pixel Buds or the charging case yourself. Disassembling the device will result in loss of any water resistance and may cause injury or damage to your device. For example, the earbuds contain a laser that can be damaged during disassembly which might expose you to hazardous laser emissions which are not visible.",https://support.google.com/googlepixelbuds/answer/9800952,1,https://support.google.com/googlepixelbuds/answer/9800952,,,,,
https://support.google.com/googlepixelbuds/answer/9800952,https://support.google.com/googlepixelbuds/answer/9800952,"Safety, Warranty & Regulatory Guide (Pixel Buds)",https://support.google.com/googlepixelbuds/answer/9800952,https://support.google.com/googlepixelbuds/answer/9800952,Battery,https://support.google.com/googlepixelbuds/answer/9800952,"Pixel Buds contain lithium-ion batteries which are sensitive components that can cause injury if damaged. Do not attempt to remove the battery. For contact information, visit [g.co/pixelbuds/contact](http://g.co/pixelbuds/contact). Replacement by non-qualified professionals can damage your Pixel Buds. Use of a non-qualified battery and improper transport, shipping, or disposal may present a risk of fire, explosion, leakage, and/or other hazards. Do not immerse or expose the device or its battery to water or other liquids, or open, crush, heat the battery above 45° C (113° F), or incinerate the battery. Transport and discard your device, battery, and any accessories according to applicable environmental and transportation regulations. Do not improperly transport them or dispose of them in normal household waste. For more information on recycling your device, visit [g.co/pixelbuds/recycle](http://g.co/pixelbuds/recycle).",https://support.google.com/googlepixelbuds/answer/9800952,1,https://support.google.com/googlepixelbuds/answer/9800952,,,,,
https://support.google.com/googlepixelbuds/answer/15436760,https://support.google.com/googlepixelbuds/answer/15436760,Pixel Buds Quick Start Guide,https://support.google.com/googlepixelbuds/answer/15436760,https://support.google.com/googlepixelbuds/answer/15436760,3: Learn about gesture controls,https://support.google.com/googlepixelbuds/answer/15436760,"Learn how to control your media and phone calls on your earbuds through their touchpad.

|     |     |
| --- | --- |
| **Control** | **Action** |
| One tap<br>![Learn about gesture controls - Answer](https://storage.googleapis.com/support-kms-prod/rzYJkzBksbKcyHpdfWoVaTmA6e0I3gYtAK56) | **Media:** Play or Pause<br>**Call:** Answer |
| Double tap<br>![Learn about gesture controls-Hang up](https://storage.googleapis.com/support-kms-prod/d3fTJNl79VgR9eSb8UNM2UTMepRsRY0wY1Py) | **Media:** Next track<br>**Call:** Hang up |
| Triple tap<br>![Learn about gesture controls-Previous track](https://storage.googleapis.com/support-kms-prod/NDSUnSbKh64bjLQsFZgzzZCNUwheuQhpD8aa) | Previous track |
| Press hold<br>![Learn about gesture controls-Digital assistant](https://storage.googleapis.com/support-kms-prod/4YrCtmDNaAzVQcTxXjTbAIPpUsi2iHUH8lg7) | Switch between Active Noise Control, Transparency mode, or your Digital assistant. |
| Swipe forward<br>![Learn about gesture controls-Volume up](https://storage.googleapis.com/support-kms-prod/zCeYKF98uc7RMadSwOa1himHCBcX0VbHo7PD) | Volume up |
| Swipe backward<br>![Learn about gesture controls-Volume down](https://storage.googleapis.com/support-kms-prod/1i2SDVt95m3phMRGnN4y7NfsOsPnuXdw29Tm) | Volume down |",https://support.google.com/googlepixelbuds/answer/15436760,2,https://support.google.com/googlepixelbuds/answer/15436760,,,,,
https://support.google.com/googlepixelbuds/answer/15436760,https://support.google.com/googlepixelbuds/answer/15436760,Pixel Buds Quick Start Guide,https://support.google.com/googlepixelbuds/answer/15436760,https://support.google.com/googlepixelbuds/answer/15436760,4: Store & charge your buds,https://support.google.com/googlepixelbuds/answer/15436760,"Learn how to store and charge your Pixel Buds.

![Store & charge your buds](https://storage.googleapis.com/support-kms-prod/fkCPBCOVWFBKVTOvTwtZCmRfA4qyhwpdDbkL)

1. **To charge your earbuds:** Insert them into the correct slots until the indicator light turns on and the lid closes. To assist with re-insertion, you’ll find left and right icons for each earbud.
2. **To charge your case:** Plug it into a power source. An orange light on the case indicates that your case is charging.

**Tip:** Your Pixel Buds charge inside a charged case even if it’s not connected to a power source.",https://support.google.com/googlepixelbuds/answer/15436760,2,https://support.google.com/googlepixelbuds/answer/15436760,,,,,
https://support.google.com/googlepixelbuds/answer/15437068,https://support.google.com/googlepixelbuds/answer/15437068,4\. Use Active Noise Control,https://support.google.com/googlepixelbuds/answer/15437068,https://support.google.com/googlepixelbuds/answer/15437068,Discover Pixel Buds features,https://support.google.com/googlepixelbuds/answer/15437068,"# 4\. Use Active Noise Control

![Active Noise Control](https://storage.googleapis.com/support-kms-prod/Hbg32oQ3dVNSyhTdQ0srD9xwKutrFtW2ZRV0)

Customize noise cancellation with Active Noise Control (ANC) modes in the Pixel Buds app. Use them on your Pixel Buds Pro, Pixel Buds Pro 2 or Pixel Buds 2a.

- **Noise Cancellation:** Blocks outside noise. When you activate this, you'll hear a single chime.

- **Transparency:** Lets sound in so you can hear the world around you. When you activate this, you'll hear a double chime.

- **Adaptive (Pixel Buds Pro 2 only):** Allows you to stay aware of the environment while reducing loud and unwanted noises. Adaptive Audio works with the device's ANC and transparency modes. It uses the powerful Tensor A1 chip to process audio much more intelligently and quickly.

- **Off:** All other ANC modes are disabled. When you activate this, you'll hear a single chime.

If you wear only one of the Pixel Buds, you can still use all of the noise control modes.

**Pixel Buds Pro and Pro 2 only:** Turn on  to automatically switch from Noise Cancellation mode to Transparency mode when talking and pauses your media. Once you are done talking, your media will resume.

You can change the current mode in different ways. [Lear",https://support.google.com/googlepixelbuds/answer/15437068,2,https://support.google.com/googlepixelbuds/answer/15437068,,,,,
https://support.google.com/googlepixelbuds/answer/15437213,https://support.google.com/googlepixelbuds/answer/15437213,2\. Make phone calls with Pixel Buds,https://support.google.com/googlepixelbuds/answer/15437213,https://support.google.com/googlepixelbuds/answer/15437213,Discover Pixel Buds features,https://support.google.com/googlepixelbuds/answer/15437213,"# 2\. Make phone calls with Pixel Buds

With Google Pixel Buds, you can easily make and manage phone calls on the go. If you have Pixel 7 or newer,  to enhance the other caller's voice. On Pixel 8 or Pixel 8 Pro, this will be enabled by default. Bluetooth Superwideband will make both sides of the call sound more natural.

![](https://storage.googleapis.com/support-kms-prod/7KsjwDUIqsPddSYkH1p3UviczT8izsKRn95Z)",https://support.google.com/googlepixelbuds/answer/15437213,2,https://support.google.com/googlepixelbuds/answer/15437213,,,,,
https://support.google.com/googlepixelbuds/answer/15437307,https://support.google.com/googlepixelbuds/answer/15437307,1\. Use Gemini on Pixel Buds,https://support.google.com/googlepixelbuds/answer/15437307,https://support.google.com/googlepixelbuds/answer/15437307,Discover Pixel Buds features,https://support.google.com/googlepixelbuds/answer/15437307,"# 1\. Use Gemini on Pixel Buds

![Use Gemini on Pixel Buds](https://storage.googleapis.com/support-kms-prod/GcZ9BQhkYnaKwiWbxJGBWQS3oiun637FU7Fn)

With Gemini on Google Pixel Buds, you can chat with Gemini, your new AI assistant hands-free. You can set alarms and timers, find information from the web and across many of your apps such as Gmail, Calendar and Keep. You can also Go Live with Gemini to have free-flowing conversations.",https://support.google.com/googlepixelbuds/answer/15437307,2,https://support.google.com/googlepixelbuds/answer/15437307,,,,,
https://support.google.com/googlepixelbuds/answer/15437308,https://support.google.com/googlepixelbuds/answer/15437308,3\. Adjust your Pixel Buds equalizer (EQ),https://support.google.com/googlepixelbuds/answer/15437308,https://support.google.com/googlepixelbuds/answer/15437308,Discover Pixel Buds features,https://support.google.com/googlepixelbuds/answer/15437308,"# 3\. Adjust your Pixel Buds equalizer (EQ)

With Custom Equalizer (EQ), you can use sliders to adjust 5 different frequency bands and save your preferred settings. You can also choose one of the presets, like ""Heavy bass"" as a starting point. These settings don’t apply to phone call audio.

![Equalizer Control](https://storage.googleapis.com/support-kms-prod/JcdJLHjToHErcs0NMW1TcpTLxtbkAb6zfNJS)",https://support.google.com/googlepixelbuds/answer/15437308,2,https://support.google.com/googlepixelbuds/answer/15437308,,,,,
https://support.google.com/googlepixelbuds/answer/15437308,https://support.google.com/googlepixelbuds/answer/15437308,3\. Adjust your Pixel Buds equalizer (EQ),https://support.google.com/googlepixelbuds/answer/15437308,https://support.google.com/googlepixelbuds/answer/15437308,Choose a Preset,https://support.google.com/googlepixelbuds/answer/15437308,"You can choose one of these presets as a starting point to get audio that works for you.

- **Default:** Google-tuned to work best across all types of audio content
- **Light bass:** Reduces bass to highlight everything else
- **Heavy bass:** Boosts lower frequencies to put bass first
- **Balanced:** A more neutral sound that balances the instruments in all ranges
- **Vocal boost:** Makes vocals stand out
- **Clarity:** Boosts the highs for better understanding of the words in speech and more sparkle and brilliance in music
- **Last saved:** Restores your last saved equalizer setting

1Pixel Buds must be connected to the phone to activate this feature.

Give feedback about this article

Choose a section to give feedback on",https://support.google.com/googlepixelbuds/answer/15437308,2,https://support.google.com/googlepixelbuds/answer/15437308,,,,,
https://support.google.com/googlepixelbuds/answer/15833123,https://support.google.com/googlepixelbuds/answer/15833123,Update your Pixel Buds firmware and web companion app,https://support.google.com/googlepixelbuds/answer/15833123,https://support.google.com/googlepixelbuds/answer/15833123,Troubleshooting,https://support.google.com/googlepixelbuds/answer/15833123,"Switch to another Pixel Buds

The web companion app can only connect to one device at a time. To switch to another device:

1. To unpair the current device from the web companion app, click Remove ![](https://storage.googleapis.com/support-kms-prod/np2JxyQriU0ITs55IHW1HFlcUWu7jurkN0ed)**.**
2. Make sure your new device is paired and connected to your computer.
3. Choose the new Pixel Buds you want to connect.

Firmware update is stuck

On Windows, when the firmware update is stuck at 0% or 50%:

1. Return to the homepage.
2. Click Remove ![](https://storage.googleapis.com/support-kms-prod/np2JxyQriU0ITs55IHW1HFlcUWu7jurkN0ed) to disconnect the buds from the web companion app.
3. On the Windows taskbar, right-click on the **Start** menu.
4. Click **Settings**![and then](https://lh3.googleusercontent.com/3_l97rr0GvhSP2XV5OoCkV2ZDTIisAOczrSdzNCBxhIKWrjXjHucxNwocghoUa39gw=h36) **Bluetooth & devices**![and then](https://lh3.googleusercontent.com/3_l97rr0GvhSP2XV5OoCkV2ZDTIisAOczrSdzNCBxhIKWrjXjHucxNwocghoUa39gw=h36) your Pixel Buds.
5. Click **Remove device**![and then](https://lh3.googleusercontent.com/3_l97rr0GvhSP2XV5OoCkV2ZDTIisAOczrSdzNCBxhIKWrjXjHucxNwocghoUa39gw=h36) **Yes** to confirm.
6. Pair your Pixel Buds with your computer again.
7. Once they are paired and connected, go back to the web companion app.
8. Choose your Buds and try the firmware update again.

Nothing happens after clicking ""Select your Buds""",https://support.google.com/googlepixelbuds/answer/15833123,2,https://support.google.com/googlepixelbuds/answer/15833123,,,,,
https://support.google.com/googlepixelbuds/answer/9919654,https://support.google.com/googlepixelbuds/answer/9919654,Learn controls for Google Pixel Buds,https://support.google.com/googlepixelbuds/answer/9919654,https://support.google.com/googlepixelbuds/answer/9919654,Gesture with a finger to perform commands,https://support.google.com/googlepixelbuds/answer/9919654,"| To do this... | Perform this gesture |
| --- | --- |
| Answer call | Tap the right earbud |
| End call | Touch and hold the right earbud |
| Ignore call | Touch and hold the right earbud |
| Play or pause media | Tap the right earbud |
| Increase volume | Swipe forward on the right earbud |
| Decrease volume | Swipe backward on the right earbud |
| Invoke your Gemini | Touch and hold the right earbud |
| Confirm your choice with Gemini | Tap the right earbud |
| Stop your Gemini | Double tap the right earbud |
| Listen to notifications with Gemini | Double tap the right earbud |
| Wake or sleep your Pixel Buds | Triple tap the right earbud |

Google Assistant requires an Assistant-enabled Android 6.0+ device, Google Account, and an internet connection. Data rates may apply. For available languages and minimum requirements go to [g.co/pixelbuds/help](http://g.co/pixelbuds/help)

Give feedback about this article

Choose a section to give feedback on",https://support.google.com/googlepixelbuds/answer/9919654,2,https://support.google.com/googlepixelbuds/answer/9919654,,,,,
https://support.google.com/googlepixelbuds/answer/10028011,https://support.google.com/googlepixelbuds/answer/10028011,Get more bass with bass boost on your Pixel Buds,https://support.google.com/googlepixelbuds/answer/10028011,https://support.google.com/googlepixelbuds/answer/10028011,Overview,https://support.google.com/googlepixelbuds/answer/10028011,"# Get more bass with bass boost on your Pixel Buds

Enhance the bass on your Pixel Buds (2021) to add more oomph to your audio. This feature can be activated with a device running Android 6.0 or newer.

**Important:**

- If you’re using Pixel Buds A-Series, you can .
- If you’re using Pixel Buds Pro, Pixel Buds Pro 2, or Pixel Buds 2a, adjusting bass is one of several .",https://support.google.com/googlepixelbuds/answer/10028011,1,https://support.google.com/googlepixelbuds/answer/10028011,"https://lh3.googleusercontent.com/3_l97rr0GvhSP2XV5OoCkV2ZDTIisAOczrSdzNCBxhIKWrjXjHucxNwocghoUa39gw=h36,https://lh3.googleusercontent.com/oll1KGViCoguQYVavv09eo--pUEybV2IqMpznhv1_4YADKxxuLSZsygPhMjbLntwnuSK=h36,https://lh3.googleusercontent.com/uFnGX4KCxGIOhVa8najUzwHTWFyab0xto5DcVbVJcC1XJDKDTouAENIog5w12ESil0o=h36",https://support.google.com/googlepixelbuds/answer/10028011,,,
https://support.google.com/googlepixelbuds/answer/10028011,https://support.google.com/googlepixelbuds/answer/10028011,Get more bass with bass boost on your Pixel Buds,https://support.google.com/googlepixelbuds/answer/10028011,https://support.google.com/googlepixelbuds/answer/10028011,Adjust and enhance your bass,https://support.google.com/googlepixelbuds/answer/10028011,"1. **On a Pixel phone with Android 10+:**
1. Go to your phone’s Settings.
2. Tap **Connected devices**![and then](https://lh3.googleusercontent.com/3_l97rr0GvhSP2XV5OoCkV2ZDTIisAOczrSdzNCBxhIKWrjXjHucxNwocghoUa39gw=h36) Pixel Bud's settings ![Settings](https://lh3.googleusercontent.com/oll1KGViCoguQYVavv09eo--pUEybV2IqMpznhv1_4YADKxxuLSZsygPhMjbLntwnuSK=h36).
2. **On other Android devices:** Open the Google Pixel Buds app ![Pixel Buds](https://lh3.googleusercontent.com/uFnGX4KCxGIOhVa8najUzwHTWFyab0xto5DcVbVJcC1XJDKDTouAENIog5w12ESil0o=h36).

1. Tap **Sound**.
2. Turn on **Bass boost**.1

Once enabled from your Pixel Buds settings, Bass boost will be persistent across other devices such as a laptop or a tablet.

1Pixel Buds must be connected to the phone to activate this feature.

Give feedback about this article

Choose a section to give feedback on",https://support.google.com/googlepixelbuds/answer/10028011,1,https://support.google.com/googlepixelbuds/answer/10028011,,,,,
https://support.google.com/googlepixelbuds/answer/10028011,https://support.google.com/googlepixelbuds/answer/10028011,Get more bass with bass boost on your Pixel Buds,https://support.google.com/googlepixelbuds/answer/10028011,https://support.google.com/googlepixelbuds/answer/10028011,Try these next steps:,https://support.google.com/googlepixelbuds/answer/10028011,"true

Search

Clear search

Close search

Main menu

Google apps

6382742942875754841

true

Search Help Center

false

true

true

true

    

 [Google Pixel Buds](https://store.google.com/product/google_pixel_buds?utm_source=help_center&utm_medium=google_oo&utm_campaign=GS105480)

[Privacy Policy](https://w",https://support.google.com/googlepixelbuds/answer/10028011,1,https://support.google.com/googlepixelbuds/answer/10028011,,,,,
https://support.google.com/googlepixelbuds/answer/10028011,https://support.google.com/googlepixelbuds/answer/10028011,Get more bass with bass boost on your Pixel Buds,https://support.google.com/googlepixelbuds/answer/10028011,https://support.google.com/googlepixelbuds/answer/10028011,What is the issue with this selection?,https://support.google.com/googlepixelbuds/answer/10028011,"What is the issue with this selection?

Inaccurate - doesn't match what I see in the product

Hard to understand - unclear or translation is wrong

Missing info - relevant but not comprehensive

Irrelevant - doesn’t match the title and / or my expectations

Minor errors - formatting issues, typos, and / or broken links

Other suggestions - ideas to improve the content",https://support.google.com/googlepixelbuds/answer/10028011,1,https://support.google.com/googlepixelbuds/answer/10028011,,,,,
https://support.google.com/googlepixelbuds/answer/10028011,https://support.google.com/googlepixelbuds/answer/10028011,Get more bass with bass boost on your Pixel Buds,https://support.google.com/googlepixelbuds/answer/10028011,https://support.google.com/googlepixelbuds/answer/10028011,Share additional info or suggestions,https://support.google.com/googlepixelbuds/answer/10028011,"​

​

Do not share any personal info

Cancel

Submit

By continuing, you agree Google uses your answers,  to improve services, per our [Privacy](https://myaccount.google.com/privacypolicy?hl=en) & [Terms](https://policies.google.com/terms?hl=en).

false

false

false",https://support.google.com/googlepixelbuds/answer/10028011,1,https://support.google.com/googlepixelbuds/answer/10028011,,,,,
https://support.google.com/googlepixelbuds/answer/10500249,https://support.google.com/googlepixelbuds/answer/10500249,"Safety, Warranty & Regulatory Guide for Pixel Buds A-Series",https://support.google.com/googlepixelbuds/answer/10500249,https://support.google.com/googlepixelbuds/answer/10500249,Where to find product information,https://support.google.com/googlepixelbuds/answer/10500249,"This guide includes the basic safety guidelines in the printed Safety & Warranty booklet that comes enclosed with your Pixel Buds A-Series. It also includes additional safety, regulatory, and warranty information about Pixel Buds A-Series.

Safety, and regulatory information: [g.co/pixelbudsaseries/safety](https://g.co/pixelbudsaseries/safety)

OR Settings > Connected devices > Google Pixel Buds A-Series > Open device app (if applicable) > More Settings > Safety, Warranty & Regulatory

Warranty details for your country of purchase, including instructions for making a claim: [g.co/pixelbudsaseries/contact](https://g.co/pixelbudsaseries/contact)

Comprehensive product help: [g.co/pixelbudsaseries/help](https://g.co/pixelbudsaseries/help)",https://support.google.com/googlepixelbuds/answer/10500249,1,https://support.google.com/googlepixelbuds/answer/10500249,,,OR Settings > Connected devices > Google Pixel Buds A,,
https://support.google.com/googlepixelbuds/answer/10500249,https://support.google.com/googlepixelbuds/answer/10500249,"Safety, Warranty & Regulatory Guide for Pixel Buds A-Series",https://support.google.com/googlepixelbuds/answer/10500249,https://support.google.com/googlepixelbuds/answer/10500249,Safety Warnings,https://support.google.com/googlepixelbuds/answer/10500249,"![Caution](https://lh3.googleusercontent.com/bMJy6MjN-Q3pRNC49Rmkl3cCAiTxYTqP_4El0JMY2RyyumgbChXgDRf6TT7qn1PpMe3Z=w200)**WARNING: HEALTH AND SAFETY INFORMATION; READ BEFORE USE TO REDUCE THE RISK OF PERSONAL INJURY, DISCOMFORT, PROPERTY DAMAGE, INCLUDING DAMAGE TO YOUR PIXEL BUDS A-SERIES, ACCESSORIES AND OTHER POTENTIAL HAZARDS**",https://support.google.com/googlepixelbuds/answer/10500249,1,https://support.google.com/googlepixelbuds/answer/10500249,,,OR Settings > Connected devices > Google Pixel Buds A,,
https://support.google.com/googlepixelbuds/answer/10500249,https://support.google.com/googlepixelbuds/answer/10500249,"Safety, Warranty & Regulatory Guide for Pixel Buds A-Series",https://support.google.com/googlepixelbuds/answer/10500249,https://support.google.com/googlepixelbuds/answer/10500249,**Handling**,https://support.google.com/googlepixelbuds/answer/10500249,"Handle your Pixel Buds A-Series with care. You may damage the earbuds, the charging case, or their batteries if you disassemble, drop, bend, burn, crush or puncture your device. Do not use a Pixel Buds A-Series with a damaged enclosure or some other form of physical damage. Using a damaged Pixel Buds A-Series or charging case may cause overheating or injury. Do not expose the earbuds or charging case to liquids, which can cause a short circuit and overheating. Do not charge the Pixel Buds A-Series in direct sunlight or when the earbuds or the charging case is wet. If your Pixel Buds A-Series gets wet, do not attempt to dry it using an external heat source.

Pixel Buds A-Series is designed to work best in ambient temperatures between 32° and 95° F (0° and 35° C), and should be stored between ambient temperatures of -4° and 113° F (-20° and 45° C). Do not expose your Pixel Buds A-Series to temperatures above 113° F (45° C), such as on a car dashboard or near a heating vent, as this may damage the product, overheat the battery, or pose a risk of fire. Keep your Pixel Buds A-Series away from heat sources and out of direct sunlight.",https://support.google.com/googlepixelbuds/answer/10500249,1,https://support.google.com/googlepixelbuds/answer/10500249,,,OR Settings > Connected devices > Google Pixel Buds A,,
https://support.google.com/googlepixelbuds/answer/10500249,https://support.google.com/googlepixelbuds/answer/10500249,"Safety, Warranty & Regulatory Guide for Pixel Buds A-Series",https://support.google.com/googlepixelbuds/answer/10500249,https://support.google.com/googlepixelbuds/answer/10500249,**Charging**,https://support.google.com/googlepixelbuds/answer/10500249,"Be sure the charging case is well ventilated when in use or charging. Using damaged ear buds or charging case, or damaged cables or charging when moisture is present, can cause fire, electric shock, injury, or damage to the product or other property. Using damaged charging accessories may also cause damage to the device. When charging the device using a power adapter, make sure the power adapter is plugged into a socket near the Pixel Buds A-Series and is easily accessible. Avoid charging the device in direct sunlight. This device is intended for use with a certified Limited Power Source (LPS) per IEC 60950-1 or classified PS1 per IEC 62368-1.

When charging the device, make sure the power adapter is plugged into a power outlet near the device and is easily accessible. Do not force this power adapter and other plugs or power adapters to a power outlet if space is not sufficient to accommodate both. When disconnecting the power adapter from a power outlet, pull on the adapter, never on the charging cable. Do not twist or pinch the cable, and do not force a connector into a port.

Only charge your Pixel Buds A-Series with the included charging case and cable, or compatible charging accessories available on the Google Store or at Google authorized resellers (look for Google’s “made for” badge). The AC adapter must be certified with a Limited Power Source output per IEC 60950-1 and/or classified PS2 per IEC 62368-1 and qualified per CTIA Certification Requirements for Battery Sys",https://support.google.com/googlepixelbuds/answer/10500249,1,https://support.google.com/googlepixelbuds/answer/10500249,,,OR Settings > Connected devices > Google Pixel Buds A,,
https://support.google.com/googlepixelbuds/answer/10500249,https://support.google.com/googlepixelbuds/answer/10500249,"Safety, Warranty & Regulatory Guide for Pixel Buds A-Series",https://support.google.com/googlepixelbuds/answer/10500249,https://support.google.com/googlepixelbuds/answer/10500249,**Prolonged Heat Exposure**,https://support.google.com/googlepixelbuds/answer/10500249,"The Pixel Buds A-Series and its charging case generate heat during normal operation, and comply with applicable surface temperature standards and limits. Avoid prolonged skin contact with the case when your device is charging because exposing skin to warm surfaces for a long period of time may cause discomfort or burns. Do not sleep on or with your device and its charging case, or cover them with a blanket or pillow while any of them are connected to a power source or charging. Be aware of this issue if you have a physical condition that affects your ability to detect heat against your skin.",https://support.google.com/googlepixelbuds/answer/10500249,1,https://support.google.com/googlepixelbuds/answer/10500249,,,OR Settings > Connected devices > Google Pixel Buds A,,
https://support.google.com/googlepixelbuds/answer/10500249,https://support.google.com/googlepixelbuds/answer/10500249,"Safety, Warranty & Regulatory Guide for Pixel Buds A-Series",https://support.google.com/googlepixelbuds/answer/10500249,https://support.google.com/googlepixelbuds/answer/10500249,**Child Safety**,https://support.google.com/googlepixelbuds/answer/10500249,"This device is not a toy. Your Pixel Buds A-Series may contain (or may come with) small parts, plastic, or metal elements, and parts that may cause an injury or create a choking hazard. Children have strangled on cords and cables. Keep the Pixel Buds A-Series’ cords and cables out of the reach of children (more than 3 feet (0.9 meters) away) and do not allow them to play with the Pixel Buds A-Series and its accessories. They could hurt themselves or others, or could accidentally damage the Pixel Buds A-Series.",https://support.google.com/googlepixelbuds/answer/10500249,1,https://support.google.com/googlepixelbuds/answer/10500249,,,OR Settings > Connected devices > Google Pixel Buds A,,
https://support.google.com/googlepixelbuds/answer/10500249,https://support.google.com/googlepixelbuds/answer/10500249,"Safety, Warranty & Regulatory Guide for Pixel Buds A-Series",https://support.google.com/googlepixelbuds/answer/10500249,https://support.google.com/googlepixelbuds/answer/10500249,**Hearing Loss**,https://support.google.com/googlepixelbuds/answer/10500249,"Prolonged exposure to loud sounds (including music) can cause hearing loss. To prevent possible hearing damage, avoid listening at high volume for prolonged periods of time. Continued exposure to high volumes and background noise can make loud sounds seem quieter than they actually are. Check the volume before using headphones or earbuds.

![](https://storage.googleapis.com/support-kms-prod/djinU8LCgB9npXZw5tnsxjBriPGmeDqc8QOJ)",https://support.google.com/googlepixelbuds/answer/10500249,1,https://support.google.com/googlepixelbuds/answer/10500249,,,OR Settings > Connected devices > Google Pixel Buds A,,
https://support.google.com/googlepixelbuds/answer/10500249,https://support.google.com/googlepixelbuds/answer/10500249,"Safety, Warranty & Regulatory Guide for Pixel Buds A-Series",https://support.google.com/googlepixelbuds/answer/10500249,https://support.google.com/googlepixelbuds/answer/10500249,"**Disposal, Transportation, & Recycling**",https://support.google.com/googlepixelbuds/answer/10500249,"Dispose of and transport your device, batteries and accessories according to local environmental and transportation regulations. Do not improperly transport them or dispose of them in normal household waste. Improper disposal or transport may lead to fire, explosion, and/or other hazards. Do not open, crush, heat above 113 ̊F (45 ̊C), or incinerate. For more information on recycling your device, batteries and accessories, visit",https://support.google.com/googlepixelbuds/answer/10500249,1,https://support.google.com/googlepixelbuds/answer/10500249,,,OR Settings > Connected devices > Google Pixel Buds A,,
https://support.google.com/googlepixelbuds/answer/10500249,https://support.google.com/googlepixelbuds/answer/10500249,"Safety, Warranty & Regulatory Guide for Pixel Buds A-Series",https://support.google.com/googlepixelbuds/answer/10500249,https://support.google.com/googlepixelbuds/answer/10500249,**Environmental Restrictions**,https://support.google.com/googlepixelbuds/answer/10500249,"To prevent damage to your Pixel Buds A-Series parts or internal circuits, do not use or store the device or its accessories in dusty, smoky, damp, or dirty environments, or near magnetic fields. Keep it away from heat sources and out of direct sunlight. Do not leave your Pixel Buds A-Series inside a vehicle or in places where the temperature may exceed 113° F (45° C), such as on a car dashboard, window sill, near a heating vent, or behind glass that is exposed to direct sunlight or strong ultraviolet light for extended periods of time. This may damage the Pixel Buds A-Series, overheat the battery, or pose a risk of fire or explosion.",https://support.google.com/googlepixelbuds/answer/10500249,1,https://support.google.com/googlepixelbuds/answer/10500249,,,OR Settings > Connected devices > Google Pixel Buds A,,
https://support.google.com/googlepixelbuds/answer/10500249,https://support.google.com/googlepixelbuds/answer/10500249,"Safety, Warranty & Regulatory Guide for Pixel Buds A-Series",https://support.google.com/googlepixelbuds/answer/10500249,https://support.google.com/googlepixelbuds/answer/10500249,**Explosive Atmospheres**,https://support.google.com/googlepixelbuds/answer/10500249,"Do not charge, use, store, or transport your Pixel Buds A-Series where flammables or explosives are stored (e.g., in gas stations, fuel depots, or chemical plants). Do not use your wireless device where blasting operations are in progress, or in potentially explosive atmospheres such as fuel or chemical transfer or storage areas, and in areas where the air contains high levels of flammable chemicals, vapors, or particles (such as grain, dust, or metal powders). Sparks in such areas could cause an explosion or fire resulting in bodily injury or even death. Observe all notices and signs where these hazards might exist.",https://support.google.com/googlepixelbuds/answer/10500249,1,https://support.google.com/googlepixelbuds/answer/10500249,,,OR Settings > Connected devices > Google Pixel Buds A,,
https://support.google.com/googlepixelbuds/answer/10500249,https://support.google.com/googlepixelbuds/answer/10500249,"Safety, Warranty & Regulatory Guide for Pixel Buds A-Series",https://support.google.com/googlepixelbuds/answer/10500249,https://support.google.com/googlepixelbuds/answer/10500249,**Distraction**,https://support.google.com/googlepixelbuds/answer/10500249,"Using your device when performing certain activities can distract you and may cause a dangerous situation for you or others. To reduce the risk of accidents (and because it’s prohibited by law in many places), do not use your device while driving, bicycling, or while operating machinery, and do not use it while engaging in any activities that have potentially serious consequences. Follow local laws about using mobile devices, earbuds, and helmets.",https://support.google.com/googlepixelbuds/answer/10500249,1,https://support.google.com/googlepixelbuds/answer/10500249,,,OR Settings > Connected devices > Google Pixel Buds A,,
https://support.google.com/googlepixelbuds/answer/10500249,https://support.google.com/googlepixelbuds/answer/10500249,"Safety, Warranty & Regulatory Guide for Pixel Buds A-Series",https://support.google.com/googlepixelbuds/answer/10500249,https://support.google.com/googlepixelbuds/answer/10500249,**Radio Frequency Exposure**,https://support.google.com/googlepixelbuds/answer/10500249,"This device has been evaluated and meets the applicable regulatory requirements for exposure to radio waves and is designed and manufactured not to exceed the applicable emission limits for exposure to radio frequency (RF) energy.

In the countries where the Specific Absorption Rate (SAR) limit is 1.6 W/kg averaged over one gram of tissue, the highest SAR values for this device type are 0.2 W/kg when used against head with no separation and 1.0 W/kg against body with 0mm separation. In the countries where the Specific Absorption Rate (SAR) limit is 2.0 W/kg averaged over ten grams of tissue, the highest SAR values for this device type are 0.1 W/kg when used against head with no separation and 0.2W/kg against body with 0 mm separation.

To reduce exposure to RF energy, use a hands-free option, such as the built-in speakerphone, the supplied headphones, or other similar accessories. Ensure that the device accessories, such as a device case and device holster, are not composed of metal components. Keep the device away from your body to meet the distance requirement.

You can find additional information about SAR at the following pages:

fcc.gov

icnirp.org

ec.europa.eu

dot.gov.in",https://support.google.com/googlepixelbuds/answer/10500249,1,https://support.google.com/googlepixelbuds/answer/10500249,,,OR Settings > Connected devices > Google Pixel Buds A,,
https://support.google.com/googlepixelbuds/answer/10500249,https://support.google.com/googlepixelbuds/answer/10500249,"Safety, Warranty & Regulatory Guide for Pixel Buds A-Series",https://support.google.com/googlepixelbuds/answer/10500249,https://support.google.com/googlepixelbuds/answer/10500249,**Radio Frequency Interference**,https://support.google.com/googlepixelbuds/answer/10500249,"Observe rules that prohibit the use of wireless technology (e.g. cellular or Wi-Fi®). Your device is designed to comply with regulations governing radio frequency emissions but use of wireless devices can negatively affect other electronic equipment. For example, while flying in an aircraft or immediately before boarding, use your wireless device only according to instructions provided by the airline. Use of a wireless device in an aircraft may disrupt wireless networks, present a hazard to aircraft operation, or be illegal. You may be able to use your device in airplane mode.",https://support.google.com/googlepixelbuds/answer/10500249,1,https://support.google.com/googlepixelbuds/answer/10500249,,,OR Settings > Connected devices > Google Pixel Buds A,,
https://support.google.com/googlepixelbuds/answer/10500249,https://support.google.com/googlepixelbuds/answer/10500249,"Safety, Warranty & Regulatory Guide for Pixel Buds A-Series",https://support.google.com/googlepixelbuds/answer/10500249,https://support.google.com/googlepixelbuds/answer/10500249,**Medical Device Interference**,https://support.google.com/googlepixelbuds/answer/10500249,"Your device uses radios and other components that emit electromagnetic fields, and also contains magnets. These electromagnetic fields and magnets may interfere with pacemakers and other implanted medical devices. Always keep the earbuds and the charging case at a safe distance away from the pacemaker or other implanted medical device. If you have questions about using your Google device with or near your pacemaker or other implanted medical device, consult your healthcare provider before using your Pixel Buds A-Series. If you suspect your Pixel Buds A-Series is interfering with your pacemaker or other implanted medical devices, turn off your Google device and consult your physician for information specific to your medical device.",https://support.google.com/googlepixelbuds/answer/10500249,1,https://support.google.com/googlepixelbuds/answer/10500249,,,OR Settings > Connected devices > Google Pixel Buds A,,
https://support.google.com/googlepixelbuds/answer/10500249,https://support.google.com/googlepixelbuds/answer/10500249,"Safety, Warranty & Regulatory Guide for Pixel Buds A-Series",https://support.google.com/googlepixelbuds/answer/10500249,https://support.google.com/googlepixelbuds/answer/10500249,**Skin Irritation**,https://support.google.com/googlepixelbuds/answer/10500249,"Some people may experience reactions to materials, such as nickel or latex, found in wearable items that are in extended contact with the skin. This can be due to allergies, the presence of skin irritants (like soap or sweat), or other causes. Keep your Pixel Buds A-Series clean and dry and do not wear the earbuds too tightly. Remove the earbuds and consult a physician if you experience skin irritation.",https://support.google.com/googlepixelbuds/answer/10500249,1,https://support.google.com/googlepixelbuds/answer/10500249,,,OR Settings > Connected devices > Google Pixel Buds A,,
https://support.google.com/googlepixelbuds/answer/10500249,https://support.google.com/googlepixelbuds/answer/10500249,"Safety, Warranty & Regulatory Guide for Pixel Buds A-Series",https://support.google.com/googlepixelbuds/answer/10500249,https://support.google.com/googlepixelbuds/answer/10500249,**Class 1 laser product**,https://support.google.com/googlepixelbuds/answer/10500249,"Caution - Pixel Buds A-Series is classified as a Class 1 laser product per IEC 60825-1 Ed. 3. The design of the product incorporates optics and protective housing such that there is no access to a level of laser radiation above Class 1. This product complies with 21 CFR 1040.10 and 1040.11; except for conformance with IEC 60825-1 Ed. 3., as described in Laser Notice No. 56, dated May 8, 2019. Use of controls or adjustments or performance of procedures other than those specified herein may result in hazardous radiation exposure. Since the laser could be damaged during repair or disassembly, which could result in hazardous exposure to infrared laser emissions that are not visible, this product should be serviced by Google or an authorized service provider.

Laser Device: Made in Taiwan. TXC Corporation, No. 4, Kung Yeh 6th Rd., Ping Cheng Industrial District, Tao Yuan, Taiwan.

![](https://lh3.googleusercontent.com/U4bOfiTaFcN1Ju6VCx-j3uXjAWDOTKIAzMMXb7nmD_JoTGGTsBgtY0YtQGg5dmoVz3_V=h140)",https://support.google.com/googlepixelbuds/answer/10500249,1,https://support.google.com/googlepixelbuds/answer/10500249,,,OR Settings > Connected devices > Google Pixel Buds A,,
https://support.google.com/googlepixelbuds/answer/10500249,https://support.google.com/googlepixelbuds/answer/10500249,"Safety, Warranty & Regulatory Guide for Pixel Buds A-Series",https://support.google.com/googlepixelbuds/answer/10500249,https://support.google.com/googlepixelbuds/answer/10500249,**Operating Temperature**,https://support.google.com/googlepixelbuds/answer/10500249,"Do not use or charge the Pixel Buds A-Series earbuds or charging case, at ambient temperatures lower than 0°C (32°F) or higher than 35°C (95°F). If the interior temperature of the device exceeds normal operating temperatures, you may experience the following behaviors while the device tries to regulate its temperature: reduced performance and connectivity, inability to charge, or device power down. You may not be able to use the device while it regulates its temperature. Move the device to a cooler (or warmer) location and wait a few minutes before attempting to use it again.",https://support.google.com/googlepixelbuds/answer/10500249,1,https://support.google.com/googlepixelbuds/answer/10500249,,,OR Settings > Connected devices > Google Pixel Buds A,,
https://support.google.com/googlepixelbuds/answer/10500249,https://support.google.com/googlepixelbuds/answer/10500249,"Safety, Warranty & Regulatory Guide for Pixel Buds A-Series",https://support.google.com/googlepixelbuds/answer/10500249,https://support.google.com/googlepixelbuds/answer/10500249,**Care & Cleaning**,https://support.google.com/googlepixelbuds/answer/10500249,"Unplug the charging case before cleaning, during lightning storms, or when unused for extended periods of time. Do not clean your Pixel Buds A-Series while it is charging as this may cause injury or damage to your device. Avoid solvent and abrasive material that may cause damage to the product surface. Do not use any chemical detergent, powder, or other chemical agents (such as benzene) to clean the Pixel Buds A-Series or accessories.

Exposure to makeup, chemicals, and dyed materials such as denim can stain light colored devices and cases.

To clean your Pixel Buds A-Series we recommend gently wiping it with a soft, lint-free cloth. Use a dry cloth for streaks, smudges or dust.

To disinfect your Pixel Buds A-Series, you can use ordinary household disinfecting wipes or 70% isopropyl alcohol-based wipes. Do not use wipes that have bleach.",https://support.google.com/googlepixelbuds/answer/10500249,1,https://support.google.com/googlepixelbuds/answer/10500249,,,OR Settings > Connected devices > Google Pixel Buds A,,
https://support.google.com/googlepixelbuds/answer/10500249,https://support.google.com/googlepixelbuds/answer/10500249,"Safety, Warranty & Regulatory Guide for Pixel Buds A-Series",https://support.google.com/googlepixelbuds/answer/10500249,https://support.google.com/googlepixelbuds/answer/10500249,**Water Resistance**,https://support.google.com/googlepixelbuds/answer/10500249,"Your Pixel Buds A-Series earbuds are designed to be water resistant but are not waterproof. Water resistance is not a permanent condition and may be compromised by normal wear and tear, repair, disassembly, or damage. Do not expose your Pixel Buds A-Series to liquids, which can cause a short circuit and overheating. The device charging case and other accessories are not water resistant and should not be exposed to liquids.",https://support.google.com/googlepixelbuds/answer/10500249,1,https://support.google.com/googlepixelbuds/answer/10500249,,,OR Settings > Connected devices > Google Pixel Buds A,,
https://support.google.com/googlepixelbuds/answer/10500249,https://support.google.com/googlepixelbuds/answer/10500249,"Safety, Warranty & Regulatory Guide for Pixel Buds A-Series",https://support.google.com/googlepixelbuds/answer/10500249,https://support.google.com/googlepixelbuds/answer/10500249,**Magnetic Fields**,https://support.google.com/googlepixelbuds/answer/10500249,"Avoid placing any items containing magnets or which are sensitive to magnetism, such as credit cards, bank cards, audio/video tapes, or magnetic memory devices, near this Pixel Buds A-Series or its charging cable connector, because you may lose information stored on such items. Items containing information sensitive to magnets should be kept at least 2 inches (5 cm) away from this device.",https://support.google.com/googlepixelbuds/answer/10500249,1,https://support.google.com/googlepixelbuds/answer/10500249,,,OR Settings > Connected devices > Google Pixel Buds A,,
https://support.google.com/googlepixelbuds/answer/10500249,https://support.google.com/googlepixelbuds/answer/10500249,"Safety, Warranty & Regulatory Guide for Pixel Buds A-Series",https://support.google.com/googlepixelbuds/answer/10500249,https://support.google.com/googlepixelbuds/answer/10500249,Service & Support,https://support.google.com/googlepixelbuds/answer/10500249,"Unauthorized repairs or modifications could result in permanent damage to the device, and may affect your warranty coverage and regulatory authorizations. Pixel Buds A-Series should only be repaired by Google or a Google authorized service provider. Contact customer service for authorized service. For online help and support, visit [g.co/pixelbudsaseries/help](https://g.co/pixelbudsaseries/help).

If you send your Pixel Buds A-Series in for service, you might receive a replacement in place of your original device. Goods presented for repair may be replaced by refurbished goods of the same type rather than being repaired. Refurbished parts may be used to repair the goods. If the goods are capable of retaining user-generated data then the repair or replacement may result in loss of the data.",https://support.google.com/googlepixelbuds/answer/10500249,1,https://support.google.com/googlepixelbuds/answer/10500249,,,OR Settings > Connected devices > Google Pixel Buds A,,
https://support.google.com/googlepixelbuds/answer/10500249,https://support.google.com/googlepixelbuds/answer/10500249,"Safety, Warranty & Regulatory Guide for Pixel Buds A-Series",https://support.google.com/googlepixelbuds/answer/10500249,https://support.google.com/googlepixelbuds/answer/10500249,Regulatory Information,https://support.google.com/googlepixelbuds/answer/10500249,"Regulatory information, certification, and compliance marks specific to Pixel Buds A-Series can be found on the earbuds and charging case.",https://support.google.com/googlepixelbuds/answer/10500249,1,https://support.google.com/googlepixelbuds/answer/10500249,,,OR Settings > Connected devices > Google Pixel Buds A,,
https://support.google.com/googlepixelbuds/answer/10500249,https://support.google.com/googlepixelbuds/answer/10500249,"Safety, Warranty & Regulatory Guide for Pixel Buds A-Series",https://support.google.com/googlepixelbuds/answer/10500249,https://support.google.com/googlepixelbuds/answer/10500249,**EMC Compliance Statement**,https://support.google.com/googlepixelbuds/answer/10500249,"Important: This device and its charging case have demonstrated Electromagnetic Compatibility (EMC) compliance under conditions that included the use of compliant peripheral devices and shielded cables between system components. It is important that you use compliant peripheral devices and shielded cables between system components to reduce the possibility of causing interference to radios, televisions, and other electronic devices.",https://support.google.com/googlepixelbuds/answer/10500249,1,https://support.google.com/googlepixelbuds/answer/10500249,,,OR Settings > Connected devices > Google Pixel Buds A,,
https://support.google.com/googlepixelbuds/answer/10500249,https://support.google.com/googlepixelbuds/answer/10500249,"Safety, Warranty & Regulatory Guide for Pixel Buds A-Series",https://support.google.com/googlepixelbuds/answer/10500249,https://support.google.com/googlepixelbuds/answer/10500249,**FCC Regulatory Compliance**,https://support.google.com/googlepixelbuds/answer/10500249,"Note: This equipment has been tested and found to comply with the limits for a Class B digital device, pursuant to part 15 of the FCC Rules. These limits are designed to provide reasonable protection against harmful interference in a residential installation. This equipment generates, uses, and can radiate radio frequency energy and, if not installed and used in accordance with the instructions, may cause harmful interference to radio communications. However, there is no guarantee that interference will not occur in a particular installation. If this equipment does cause harmful interference to radio or television reception, which can be determined by turning the equipment off and on, the user is encouraged to try to correct the interference by one or more of the following measures:

- Reorient or relocate the receiving antenna.
- Increase the separation between the equipment and receiver.
- Connect the equipment into an outlet on a circuit different from that to which the receiver is connected.
- Consult the dealer or an experienced radio/TV technician for help.

Changes or modifications not expressly approved by Google could void your authority to operate the equipment.

This device complies with Part 15 of the FCC Rules. Operation is subject to the following 2 conditions:

1. These devices may not cause harmful interference.
2. These devices must accept any interference received, including interference that may cause undesired operation.

Model number: G7YPJ, GPQY2,G7T9J",https://support.google.com/googlepixelbuds/answer/10500249,1,https://support.google.com/googlepixelbuds/answer/10500249,,,OR Settings > Connected devices > Google Pixel Buds A,,
https://support.google.com/googlepixelbuds/answer/10500249,https://support.google.com/googlepixelbuds/answer/10500249,"Safety, Warranty & Regulatory Guide for Pixel Buds A-Series",https://support.google.com/googlepixelbuds/answer/10500249,https://support.google.com/googlepixelbuds/answer/10500249,"**Industry Canada, Class B**",https://support.google.com/googlepixelbuds/answer/10500249,"This Class B digital apparatus complies with CAN ICES-3(B)/NMB-3(B).

Cet appareil numérique de la classe B est conforme à la norme NMB-003 du Canada.

Pixel Buds A-Series complies with ISED license-exempt RSS standard(s). Operation is subject to the following two conditions: (1) this device may not cause interference, and (2) this device must accept any interference, including interference that may cause undesired operation of the device.

Le présent appareil est conforme aux CNR d'ISDE Canada applicables aux appareils radio exempts de licence. L'exploitation est autorisée aux deux conditions suivantes:

(1) l'appareil ne doit pas produire de brouillage, et

(2) l'appareil doit accepter tout brouillage radioélectrique subi, même si le brouillage est susceptible d'en compromettre le fonctionnement.

IC: 7702A-G7YPJ, 7702A-GPQY2",https://support.google.com/googlepixelbuds/answer/10500249,1,https://support.google.com/googlepixelbuds/answer/10500249,,,OR Settings > Connected devices > Google Pixel Buds A,,
https://support.google.com/googlepixelbuds/answer/10500249,https://support.google.com/googlepixelbuds/answer/10500249,"Safety, Warranty & Regulatory Guide for Pixel Buds A-Series",https://support.google.com/googlepixelbuds/answer/10500249,https://support.google.com/googlepixelbuds/answer/10500249,**EU Compliance Notice**,https://support.google.com/googlepixelbuds/answer/10500249,"Hereby, Google LLC declares that radio equipment type: G7YPJ, GPQY2,G7T9J are in compliance with Directive 2014/53/EU (Radio Equipment Directive). The full declaration of conformity may be found at [g.co/pixelbudsaseries/conformity](https://g.co/pixelbudsaseries/conformity).

![European Conformity](https://lh3.googleusercontent.com/LEVXGnTvP1-mm71UXXXh_GpZeX92mSucxgm2Z0P5VjiEue5_fj7-9KReJRmVzL1TyB0=w200)",https://support.google.com/googlepixelbuds/answer/10500249,1,https://support.google.com/googlepixelbuds/answer/10500249,,,OR Settings > Connected devices > Google Pixel Buds A,,
https://support.google.com/googlepixelbuds/answer/10500249,https://support.google.com/googlepixelbuds/answer/10500249,"Safety, Warranty & Regulatory Guide for Pixel Buds A-Series",https://support.google.com/googlepixelbuds/answer/10500249,https://support.google.com/googlepixelbuds/answer/10500249,**Frequency Bands and Power**,https://support.google.com/googlepixelbuds/answer/10500249,"European Union, United Kingdom

Data given here is the maximum radio-frequency power transmitted in the frequency band(s) in which the radio equipment operates.

|     |     |
| --- | --- |
| **Frequency** | **Power** |
| Bluetooth: 2 400-2 483,5 MHz | Max 10 dBm EIRP |",https://support.google.com/googlepixelbuds/answer/10500249,1,https://support.google.com/googlepixelbuds/answer/10500249,,,OR Settings > Connected devices > Google Pixel Buds A,,
https://support.google.com/googlepixelbuds/answer/10500249,https://support.google.com/googlepixelbuds/answer/10500249,"Safety, Warranty & Regulatory Guide for Pixel Buds A-Series",https://support.google.com/googlepixelbuds/answer/10500249,https://support.google.com/googlepixelbuds/answer/10500249,**Radio frequency interference**,https://support.google.com/googlepixelbuds/answer/10500249,"Google is not responsible for any radio or television interference caused by unauthorized modification of these devices or accessories, or by the substitution or attachment of connecting cables and equipment other than that specified by Google. The correction of interference caused by such unauthorized modification, substitution or attachment is the responsibility of the user. Google and its authorized resellers or distributors are not liable for any damage or violation of government regulations that may arise from the user failing to comply with these guidelines.",https://support.google.com/googlepixelbuds/answer/10500249,1,https://support.google.com/googlepixelbuds/answer/10500249,,,OR Settings > Connected devices > Google Pixel Buds A,,
https://support.google.com/googlepixelbuds/answer/10500249,https://support.google.com/googlepixelbuds/answer/10500249,"Safety, Warranty & Regulatory Guide for Pixel Buds A-Series",https://support.google.com/googlepixelbuds/answer/10500249,https://support.google.com/googlepixelbuds/answer/10500249,**Specific Absorption Rate (SAR) Information**,https://support.google.com/googlepixelbuds/answer/10500249,"Pixel Buds A-Series complies with radio frequency specifications when used against body and head with no separation, limited to 2 W/kg, averaged over 10 grams of tissue.

For Pixel Buds A-Series, the highest Specific Absorption Rate (SAR) values reported for this device type are Body: 0.2 W/kg, Head: 0.1 W/kg.",https://support.google.com/googlepixelbuds/answer/10500249,1,https://support.google.com/googlepixelbuds/answer/10500249,,,OR Settings > Connected devices > Google Pixel Buds A,,
https://support.google.com/googlepixelbuds/answer/10500249,https://support.google.com/googlepixelbuds/answer/10500249,"Safety, Warranty & Regulatory Guide for Pixel Buds A-Series",https://support.google.com/googlepixelbuds/answer/10500249,https://support.google.com/googlepixelbuds/answer/10500249,Additional regulatory information: Germany,https://support.google.com/googlepixelbuds/answer/10500249,"§ 10 I 2 ElektroG: Vor der Entsorgung dieses Geräts (i) Altbatterien/-akkus, sofern sie nicht vom Gerät umschlossen sind, und zerstörungsfrei entnehmbare Lampen zerstörungsfrei trennen und (ii) alle personenbezogenen Daten löschen. § 17 I und II ElektroG: Viele Vertreiber müssen Altgeräte kostenlos zurücknehmen.",https://support.google.com/googlepixelbuds/answer/10500249,1,https://support.google.com/googlepixelbuds/answer/10500249,,,OR Settings > Connected devices > Google Pixel Buds A,,
https://support.google.com/googlepixelbuds/answer/10500249,https://support.google.com/googlepixelbuds/answer/10500249,"Safety, Warranty & Regulatory Guide for Pixel Buds A-Series",https://support.google.com/googlepixelbuds/answer/10500249,https://support.google.com/googlepixelbuds/answer/10500249,Informazioni Sullo Smistamento Degli Imballaggi - Italia,https://support.google.com/googlepixelbuds/answer/10500249,"|     |     |     |
| --- | --- | --- |
| **Google Pixel Buds A-Series** | RACCOLTA DIFFERENZIATA |
| Scatola | Carta | PAP 20 |
| Gancio da esposizione | Carta | PAP 20 |
| Inserto | Carta | PAP 21 |
| Involucro delle istruzioni | Carta | PAP 22 |
| Vaschetta | Carta | PAP 22 |
| Involucro per scatole | Plastica | LDPE 4 |
| Verifica le disposizioni del tuo Comune sullo smaltimento dei rifiuti. |",https://support.google.com/googlepixelbuds/answer/10500249,1,https://support.google.com/googlepixelbuds/answer/10500249,,,OR Settings > Connected devices > Google Pixel Buds A,,
https://support.google.com/googlepixelbuds/answer/10500249,https://support.google.com/googlepixelbuds/answer/10500249,"Safety, Warranty & Regulatory Guide for Pixel Buds A-Series",https://support.google.com/googlepixelbuds/answer/10500249,https://support.google.com/googlepixelbuds/answer/10500249,Fiches Produit Relative Aux Qualités Et Caractéristiques Environnementales - France,https://support.google.com/googlepixelbuds/answer/10500249,"Dernière mise à jour : 16 novembre 2023

|     |     |
| --- | --- |
| **Pixel Buds A-Series** |
| QUALITÉS ET CARACTÉRISTIQUES ENVIRONNEMENTALES DU PRODUIT |
| Métaux Précieux | Contient au moins 5 milligrammes de métaux précieux1 |
| Terres Rares | Contient au moins 1815 milligrammes de terres rares1 |
| Recyclabilité | Batterie majoritairement recyclable |
| Présence d’une Substance Dangereuse | Contient une substance extrêmement préoccupante:<br>_1,3-propanesultone_<br>_Hexahydromethylphthalic anhydride_ |
| QUALITÉS ET CARACTÉRISTIQUES ENVIRONNEMENTALES DE L’EMBALLAGE |
| Recyclabilité | Emballage majoritairement recyclable2 |
| QUALITÉS ET CARACTÉRISTIQUES ENVIRONNEMENTALES DU PAPIER |
| Recyclabilité | Papier entièrement recyclable |

1 Inclut écouteurs, boîtier

2 Basé sur l'évaluation CITEO TREE",https://support.google.com/googlepixelbuds/answer/10500249,1,https://support.google.com/googlepixelbuds/answer/10500249,,,OR Settings > Connected devices > Google Pixel Buds A,,
https://support.google.com/googlepixelbuds/answer/10500249,https://support.google.com/googlepixelbuds/answer/10500249,"Safety, Warranty & Regulatory Guide for Pixel Buds A-Series",https://support.google.com/googlepixelbuds/answer/10500249,https://support.google.com/googlepixelbuds/answer/10500249,**RoHS Compliance**,https://support.google.com/googlepixelbuds/answer/10500249,"This product is in compliance with Directive 2011/65/EU of the European Parliament and of the Council of 8 June 2011, on the restriction of the use of certain hazardous substances in electrical and electronic equipment (RoHS) and its amendments.",https://support.google.com/googlepixelbuds/answer/10500249,1,https://support.google.com/googlepixelbuds/answer/10500249,,,OR Settings > Connected devices > Google Pixel Buds A,,
https://support.google.com/googlepixelbuds/answer/10500249,https://support.google.com/googlepixelbuds/answer/10500249,"Safety, Warranty & Regulatory Guide for Pixel Buds A-Series",https://support.google.com/googlepixelbuds/answer/10500249,https://support.google.com/googlepixelbuds/answer/10500249,**REACH**,https://support.google.com/googlepixelbuds/answer/10500249,"REACH (Registration, Evaluation, Authorization and Restriction of Chemicals, EC No 1907/2006) is the EU chemical substances regulatory framework. Google complies with all requirements of the regulation and we are committed to providing our customers with information about the presence of REACH Substances of Very High Concern (SVHCs). For information, you can contact Google at Env-Compliance@google.com.",https://support.google.com/googlepixelbuds/answer/10500249,1,https://support.google.com/googlepixelbuds/answer/10500249,,,OR Settings > Connected devices > Google Pixel Buds A,,
https://support.google.com/googlepixelbuds/answer/10500249,https://support.google.com/googlepixelbuds/answer/10500249,"Safety, Warranty & Regulatory Guide for Pixel Buds A-Series",https://support.google.com/googlepixelbuds/answer/10500249,https://support.google.com/googlepixelbuds/answer/10500249,Regulatory Information: United Kingdom,https://support.google.com/googlepixelbuds/answer/10500249,"Hereby, Google LLC declares that electrical equipment types: GPQY2, G7YPJ and G7T9J are in compliance with the relevant statutory requirements. The full text of the UK Declaration of Conformity is available at: [g.co/pixelbudsaseries/conformity](https://g.co/pixelbudsaseries/conformity)

![UK Compliance](https://lh3.googleusercontent.com/AxbSnoCn7Hw4Wby6bkhdJRG0atQ0UmuHIKYTRGUR9p1VJEj705YZbJ_yAP2JERbok_5-=h200)

Google Commerce Limited UK Establishment, 1 St. Giles High Street, London, WC2H 8AG, United Kingdom.

Only UKCA marked WPC transmitters should be used with this device.

|     |     |
| --- | --- |
| **Frequency** | **Power** |
| Bluetooth: 2 400-2 483,5 MHz | Max 10 dBm EIRP |",https://support.google.com/googlepixelbuds/answer/10500249,1,https://support.google.com/googlepixelbuds/answer/10500249,,,OR Settings > Connected devices > Google Pixel Buds A,,
https://support.google.com/googlepixelbuds/answer/10500249,https://support.google.com/googlepixelbuds/answer/10500249,"Safety, Warranty & Regulatory Guide for Pixel Buds A-Series",https://support.google.com/googlepixelbuds/answer/10500249,https://support.google.com/googlepixelbuds/answer/10500249,**RF Exposure Information (SAR)**,https://support.google.com/googlepixelbuds/answer/10500249,"Pixel Buds A-Series complies with radio frequency specifications when used against body and head with no separation, limited to 2 W/kg, averaged over 10 grams of tissue.

For Pixel Buds A-Series, the highest Specific Absorption Rate (SAR) values reported for this device type are Body: 0.2 W/kg, Head: 0.1 W/kg.",https://support.google.com/googlepixelbuds/answer/10500249,1,https://support.google.com/googlepixelbuds/answer/10500249,,,OR Settings > Connected devices > Google Pixel Buds A,,
https://support.google.com/googlepixelbuds/answer/10500249,https://support.google.com/googlepixelbuds/answer/10500249,"Safety, Warranty & Regulatory Guide for Pixel Buds A-Series",https://support.google.com/googlepixelbuds/answer/10500249,https://support.google.com/googlepixelbuds/answer/10500249,**UK REACH**,https://support.google.com/googlepixelbuds/answer/10500249,"UK REACH (Registration, Evaluation, Authorization and Restriction of Chemicals, Statutory Instrument 2020 No. 1577) is the UK chemical substances regulatory framework. Google complies with all requirements of the regulation and we are committed to providing our customers with information about the presence of REACH Substances of Very High Concern (SVHCs). For information, you can contact Google at [Env-Compliance@google.com](mailto:Env-Compliance@google.com)",https://support.google.com/googlepixelbuds/answer/10500249,1,https://support.google.com/googlepixelbuds/answer/10500249,,,OR Settings > Connected devices > Google Pixel Buds A,,
https://support.google.com/googlepixelbuds/answer/10500249,https://support.google.com/googlepixelbuds/answer/10500249,"Safety, Warranty & Regulatory Guide for Pixel Buds A-Series",https://support.google.com/googlepixelbuds/answer/10500249,https://support.google.com/googlepixelbuds/answer/10500249,"**Recycling, E-waste Management and Handling Statement**",https://support.google.com/googlepixelbuds/answer/10500249,"![](https://storage.googleapis.com/support-kms-prod/iWW5BDyuU7aUKhpTaNLplyFdlvhczH9xccHE)

In India, this label indicates that this product should not be thrown away with household waste. It should be deposited at an appropriate facility to allow recovery and recycling.

Google declares that your Pixel Buds A-Series has been designed and manufactured in compliance with E-Waste (Management) Rules, 2016 (hereafter """"the Rules""""), and is specifically in compliance with Rule 16 (1) on the reduction in the use of hazardous substances in the manufacture of electrical and electronic equipment and their maximum allowed concentrations by weight in the homogenous materials (except for the exemptions listed in schedule II).

Improper handling, disposal, accidental breakage, damage or improper recycling of e-waste may present risks, including, but not limited to, fire, explosion and/or other hazards, and uncontrolled waste disposal which may be detrimental to/have adverse effects on the environment as it prevents reuse of resources. Some e-waste may contain hazardous chemicals which, if disposed improperly, may make water, soil and other natural resources toxic. Improper disposal may cause harm to plant, animal and human life.""",https://support.google.com/googlepixelbuds/answer/10500249,1,https://support.google.com/googlepixelbuds/answer/10500249,,,OR Settings > Connected devices > Google Pixel Buds A,,
https://support.google.com/googlepixelbuds/answer/10500249,https://support.google.com/googlepixelbuds/answer/10500249,"Safety, Warranty & Regulatory Guide for Pixel Buds A-Series",https://support.google.com/googlepixelbuds/answer/10500249,https://support.google.com/googlepixelbuds/answer/10500249,Regulatory Information: Taiwan,https://support.google.com/googlepixelbuds/answer/10500249,"台灣法規遵循

無線設備警告聲明

取得審驗證明之低功率射頻器材，非經核准，公司、商號或使用者均不得擅自變更頻率、加大功率或變更原設計之特性及功能。低功率射頻器材之使用不得影響飛航安全及干擾合法通信；經發現有干擾現象時，應立即停用，並改善至無干擾時方得繼續使用。前述合法通信，指依電信管理 法規定作業之無線電通信。低功率射頻器材須忍受合法通信或工業、科學及醫療用電波輻射性電機設備之干擾。

![](https://storage.googleapis.com/support-kms-prod/2ePXOjBaLRfnUFeRicBwqWGeQnVxg7XvgR9c)

![](https://storage.googleapis.com/support-kms-prod/AbzNZd8MjEJaRdLkJgmp7m7qlwnVdjFW0WKr)

|     |     |     |     |     |     |     |
| --- | --- | --- | --- | --- | --- | --- |
| Equipment Name: Google Pixel Buds A-Series, Type designation: G7YPJ, GPQY2<br>設備名稱：無線耳機，型號 (型式)：G7YPJ, GPQY2 |
| 單元\\Unit | 限用物質及其化學符號<br>Restricted Substances and its chemical symbols |
| 鉛 Lead<br>(Pb) | 汞 Mercury<br>(Hg) | 鎘 Cadmium<br>(Cd) | 六價鉻<br>Hexavalent<br>chromium<br>(Cr+6) | 多溴聯苯<br>Polybrominated<br>biphenyls<br>(PBB) | 多溴二苯醚<br>Polybrominated<br>diphenyl ethers<br>(PBDE) |
| 外殼 Enclosure | O | O | O | O | O | O |
| 電子元件<br>Electronic Component | — | O | O | O | O | O |
| 電路板 PCB | O | O | O | O | O | O |
| 塑膠件 Plastic Components | O | O | O | O | O | O |
| 電池 Battery | — | O | O | O | O | O |
| 包裝 Packaging | O | O | O | O | O | O |
| 其它 Other | O | O | O | O | O | O |

![](https://lh3.googleusercontent.com/sSQcJnzF3We9mwKB96HDytfVgotcyrzRpVuK1HnsADZTro0bDHh86fc15Ia_u2WlEQ=h180)",https://support.google.com/googlepixelbuds/answer/10500249,1,https://support.google.com/googlepixelbuds/answer/10500249,,,OR Settings > Connected devices > Google Pixel Buds A,,
https://support.google.com/googlepixelbuds/answer/10500249,https://support.google.com/googlepixelbuds/answer/10500249,"Safety, Warranty & Regulatory Guide for Pixel Buds A-Series",https://support.google.com/googlepixelbuds/answer/10500249,https://support.google.com/googlepixelbuds/answer/10500249,Limited Warranty,https://support.google.com/googlepixelbuds/answer/10500249,"The limited warranty is available in the  **.**

© Google LLC. All rights reserved.

Pixel Buds A-Series, G logo, Google, and related logos and marks are trademarks of Google LLC. Wi-Fi® is a registered trademark of Wi-Fi Alliance. The Bluetooth® word mark is a registered trademark owned by Bluetooth SIG, Inc.

Give feedback about this article

Choose a section to give feedback on",https://support.google.com/googlepixelbuds/answer/10500249,1,https://support.google.com/googlepixelbuds/answer/10500249,,,OR Settings > Connected devices > Google Pixel Buds A,,
https://support.google.com/googlepixelbuds/answer/10500249,https://support.google.com/googlepixelbuds/answer/10500249,"Safety, Warranty & Regulatory Guide for Pixel Buds A-Series",https://support.google.com/googlepixelbuds/answer/10500249,https://support.google.com/googlepixelbuds/answer/10500249,Try these next steps:,https://support.google.com/googlepixelbuds/answer/10500249,"true

10286370953828030349

true

Search Help Center

false

true

true

true

    

 [Google Pixel Buds](https://store.google.com/product/google_pixel_buds?utm_source=help_center&utm_medium=google_oo&utm_campaign=GS105480)

[Privacy Policy](https://www.google.com/intl/",https://support.google.com/googlepixelbuds/answer/10500249,1,https://support.google.com/googlepixelbuds/answer/10500249,,,OR Settings > Connected devices > Google Pixel Buds A,,
https://support.google.com/googlepixelbuds/answer/10500249,https://support.google.com/googlepixelbuds/answer/10500249,"Safety, Warranty & Regulatory Guide for Pixel Buds A-Series",https://support.google.com/googlepixelbuds/answer/10500249,https://support.google.com/googlepixelbuds/answer/10500249,What is the issue with this selection?,https://support.google.com/googlepixelbuds/answer/10500249,"What is the issue with this selection?

Inaccurate - doesn't match what I see in the product

Hard to understand - unclear or translation is wrong

Missing info - relevant but not comprehensive

Irrelevant - doesn’t match the title and / or my expectations

Minor errors - formatting issues, typos, and / or broken links

Other suggestions - ideas to improve the content",https://support.google.com/googlepixelbuds/answer/10500249,1,https://support.google.com/googlepixelbuds/answer/10500249,,,OR Settings > Connected devices > Google Pixel Buds A,,
https://support.google.com/googlepixelbuds/answer/10500249,https://support.google.com/googlepixelbuds/answer/10500249,"Safety, Warranty & Regulatory Guide for Pixel Buds A-Series",https://support.google.com/googlepixelbuds/answer/10500249,https://support.google.com/googlepixelbuds/answer/10500249,Share additional info or suggestions,https://support.google.com/googlepixelbuds/answer/10500249,"​

​

Do not share any personal info

Cancel

Submit

By continuing, you agree Google uses your answers,  to improve services, per our [Privacy](https://myaccount.google.com/privacypolicy?hl=en) & [Terms](https://policies.google.com/terms?hl=en).

false

false

false

Search

Clear search

Close search

Main menu

Google apps",https://support.google.com/googlepixelbuds/answer/10500249,1,https://support.google.com/googlepixelbuds/answer/10500249,,,OR Settings > Connected devices > Google Pixel Buds A,,
https://support.google.com/googlepixelbuds/answer/10538354,https://support.google.com/googlepixelbuds/answer/10538354,Declaration of Conformity for Pixel Buds A- Series,https://support.google.com/googlepixelbuds/answer/10538354,https://support.google.com/googlepixelbuds/answer/10538354,EU,https://support.google.com/googlepixelbuds/answer/10538354,"Docusign Envelope ID: 0BEDE30F-8440-448F-A5E0-7838FEE7FCD8

![](https://lh3.googleusercontent.com/7b-Q_MX4er9sF7al4j083wMj-bydaQvDaNtkG8ij85VAh_sPblrLtitVX_UCmKpco1Y=w229)",https://support.google.com/googlepixelbuds/answer/10538354,1,https://support.google.com/googlepixelbuds/answer/10538354,,,,,
https://support.google.com/googlepixelbuds/answer/10538354,https://support.google.com/googlepixelbuds/answer/10538354,Declaration of Conformity for Pixel Buds A- Series,https://support.google.com/googlepixelbuds/answer/10538354,https://support.google.com/googlepixelbuds/answer/10538354,EU Declaration of Conformity,https://support.google.com/googlepixelbuds/answer/10538354,"Google LLC

1600 Amphitheatre Parkway

Mountain View, CA 94043

This declaration of conformity is issued for:

|     |     |
| --- | --- |
| Product type: | Wireless Earbuds and Charging Case |
| Radio equipment model number: | GPQY2, G7YPJ |
| Software Version: | 1.0 |
| Accessories supplied: | Charging Case (model number: G7T9J) |

We, Google LLC, declare under our sole responsibility that the above named product(s) conform to the essential requirements of the following European Union directives:

|     |     |
| --- | --- |
| **Radio Equipment Directive (RED)** | 2014/53/EU |
| **Ecodesign Requirements for Sustainable Products Regulation (ESPR)** | (EU) 2024/1781 |
| **RoHS Recast Directive** | 2011/65/EU |

The conformity assessment procedure as detailed in Annex III of the Radio Equipment Directive 2014/53/EU has been followed and performed with the involvement of a notified body:TŨV SÜD Product Service, Number: 0123. The notified body performed the assessment included in Annex III Module B of Directive 2014/53/EU related to article 3.1(a), article 3.1(b) and article 3.2 and issued the EU-type examination certificates TPS-RED500334 i01 and TPS-RED500335 i01.

The following harmonized standards and normative documents are those to which conformity is declared, and by specific reference to the essential requirements of the referenced Directives:

|     |     |
| --- | --- |
| **Health & Safety (Article 3.1(a) of the RED)** | EN 62368-1:2014+A11:2017, EN 50360:2017, EN 5056",https://support.google.com/googlepixelbuds/answer/10538354,1,https://support.google.com/googlepixelbuds/answer/10538354,,,,,
https://support.google.com/googlepixelbuds/answer/10538354,https://support.google.com/googlepixelbuds/answer/10538354,Declaration of Conformity for Pixel Buds A- Series,https://support.google.com/googlepixelbuds/answer/10538354,https://support.google.com/googlepixelbuds/answer/10538354,UK,https://support.google.com/googlepixelbuds/answer/10538354,![](https://lh3.googleusercontent.com/7b-Q_MX4er9sF7al4j083wMj-bydaQvDaNtkG8ij85VAh_sPblrLtitVX_UCmKpco1Y=w229),https://support.google.com/googlepixelbuds/answer/10538354,1,https://support.google.com/googlepixelbuds/answer/10538354,,,,,
https://support.google.com/googlepixelbuds/answer/10538354,https://support.google.com/googlepixelbuds/answer/10538354,Declaration of Conformity for Pixel Buds A- Series,https://support.google.com/googlepixelbuds/answer/10538354,https://support.google.com/googlepixelbuds/answer/10538354,UK Declaration of Conformity,https://support.google.com/googlepixelbuds/answer/10538354,"Google LLC

1600 Amphitheatre Parkway

Mountain View, CA 94043

This declaration of conformity is issued for:

|     |     |
| --- | --- |
| **Radio equipment model number:** | GPQY2, G7YPJ |
| **Product name:** | Google Pixel Buds A-Series |
| **Software version:** | Ver 34.1 |
| **Accessories supplied:** | Charging Case, model G7T9J |

We, Google LLC, declare under our sole responsibility that the above named product(s) conform to the relevant statutory requirements:

The object of the declaration described above is in conformity with the following regulations:

|     |     |
| --- | --- |
| **Statutory Instrument 2017 No. 1206 Radio Equipment Regulations** | 2017 |
| **Statutory Instrument 2016 No. 1091 Electromagnetic Compatibility**<br>**Regulations** | 2016 |
| **Statutory Instrument 2012 No. 3032 The Restriction of the Use of Certain**<br>**Hazardous Substance in Electrical and Electronic** **Equipment Regulations** | 2012 |

The approved body (Name: TUV SUD BABT, UK Market Conformity Assessment Body number 0168) performed the conformity assessment according to statutory requirements Schedule 3 of the Radio Equipment Regulations 2017 and issued the type examination certificate: (Ref. No.: UK-RER001925 i01).

The following harmonized standards and normative documents are those to which the product’s conformance is declared, and by specific reference to the essential requirements of the referenced Regulations:

|     |     |
| --- | --- |
| **Health & Safety** | EN 62368",https://support.google.com/googlepixelbuds/answer/10538354,1,https://support.google.com/googlepixelbuds/answer/10538354,,,,,
https://support.google.com/googlepixelbuds/answer/10538354,https://support.google.com/googlepixelbuds/answer/10538354,Declaration of Conformity for Pixel Buds A- Series,https://support.google.com/googlepixelbuds/answer/10538354,https://support.google.com/googlepixelbuds/answer/10538354,Try these next steps:,https://support.google.com/googlepixelbuds/answer/10538354,"true

16117867834251278261

true

Search Help Center

false

true

true

true

    

 [Google Pixel Buds](https://store.google.com/product/google_pixel_buds?utm_source=help_center&utm_medium=google_oo&utm_campaign=GS105480)

[Privacy Policy](https://www.google.com/intl/en/privacy.html) [Terms of Service](",https://support.google.com/googlepixelbuds/answer/10538354,1,https://support.google.com/googlepixelbuds/answer/10538354,,,,,
https://support.google.com/googlepixelbuds/answer/10538354,https://support.google.com/googlepixelbuds/answer/10538354,Declaration of Conformity for Pixel Buds A- Series,https://support.google.com/googlepixelbuds/answer/10538354,https://support.google.com/googlepixelbuds/answer/10538354,What is the issue with this selection?,https://support.google.com/googlepixelbuds/answer/10538354,"What is the issue with this selection?

Inaccurate - doesn't match what I see in the product

Hard to understand - unclear or translation is wrong

Missing info - relevant but not comprehensive

Irrelevant - doesn’t match the title and / or my expectations

Minor errors - formatting issues, typos, and / or broken links

Other suggestions - ideas to improve the content",https://support.google.com/googlepixelbuds/answer/10538354,1,https://support.google.com/googlepixelbuds/answer/10538354,,,,,
https://support.google.com/googlepixelbuds/answer/10538354,https://support.google.com/googlepixelbuds/answer/10538354,Declaration of Conformity for Pixel Buds A- Series,https://support.google.com/googlepixelbuds/answer/10538354,https://support.google.com/googlepixelbuds/answer/10538354,Share additional info or suggestions,https://support.google.com/googlepixelbuds/answer/10538354,"​

​

Do not share any personal info

Cancel

Submit

By continuing, you agree Google uses your answers,  to improve services, per our [Privacy](https://myaccount.google.com/privacypolicy?hl=en) & [Terms](https://policies.google.com/terms?hl=en).

false

false

false

Search

Clear search

Close search

Main menu

Google apps",https://support.google.com/googlepixelbuds/answer/10538354,1,https://support.google.com/googlepixelbuds/answer/10538354,,,,,
https://support.google.com/googlepixelbuds/answer/10595435,https://support.google.com/googlepixelbuds/answer/10595435,Compare Pixel Buds,https://support.google.com/googlepixelbuds/answer/10595435,https://support.google.com/googlepixelbuds/answer/10595435,Overview,https://support.google.com/googlepixelbuds/answer/10595435,"# Compare Pixel Buds

Explore features for Pixel Buds and compare them side-by-side. If you're interested in buying Pixel Buds, go to the [Google Store](https://store.google.com/).

|  | **Google Pixel Buds Pro 2** | **Google Pixel Buds 2a** |
| --- | --- | --- |
| **Price** | From $229<br>[Buy\<br>\<br>Learn more](https://store.google.com/us/category/earbuds?e=SupportVsSubscriptionLinkInUSStudy%3A%3ASupportPageInNavStudyTest&hl=en-US) | From $129<br> [Buy\<br>\<br> Learn more](https://store.google.com/us/category/earbuds?e=SupportVsSubscriptionLinkInUSStudy%3A%3ASupportPageInNavStudyTest&hl=en-US) |
| Colors1 | |     |     |
| --- | --- |
| ![](https://storage.googleapis.com/support-kms-prod/2mTHDDB8GmXtwriE89A0ubJwmldDYqKQc1EU) | Hazel |
| ![](https://storage.googleapis.com/support-kms-prod/XHMRr9ScxBOAeeeW5UZZVi6WzKVTEpKrftNe) | Porcelain |
| ![](https://storage.googleapis.com/support-kms-prod/KvICOjphWp9xAruaifLpPoGuVfcQA8ILNDDn) | Wintergreen |
| ![](https://storage.googleapis.com/support-kms-prod/Jy2Jl4pWZpJmWvQIx4SRB5kgBSzP5A4NMJgy) | Peony |
| ![](https://storage.googleapis.com/support-kms-prod/RENa8GLzAxPbB1YrCHiWqt4DSbo8U8l7R2UA) | Moonstone | | |     |     |
| --- | --- |
| ![](https://storage.googleapis.com/support-kms-prod/ruZrB1o348NEFezBJGmA1cYtkE7aLFmt2jKU) | Hazel |
| ![](https://storage.googleapis.com/support-kms-prod/Vg6z4NCNHr5lM06404RCC7gBY1RU6Z9BKJr9) | Iris |",https://support.google.com/googlepixelbuds/answer/10595435,1,https://support.google.com/googlepixelbuds/answer/10595435,"https://storage.googleapis.com/support-kms-prod/2mTHDDB8GmXtwriE89A0ubJwmldDYqKQc1EU,https://storage.googleapis.com/support-kms-prod/XHMRr9ScxBOAeeeW5UZZVi6WzKVTEpKrftNe,https://storage.googleapis.com/support-kms-prod/KvICOjphWp9xAruaifLpPoGuVfcQA8ILNDDn,https://storage.googleapis.com/support-kms-prod/Jy2Jl4pWZpJmWvQIx4SRB5kgBSzP5A4NMJgy,https://storage.googleapis.com/support-kms-prod/RENa8GLzAxPbB1YrCHiWqt4DSbo8U8l7R2UA,https://storage.googleapis.com/support-kms-prod/ruZrB1o348NEFezBJGmA1cYtkE7aLFmt2jKU,https://storage.googleapis.com/support-kms-prod/Vg6z4NCNHr5lM06404RCC7gBY1RU6Z9BKJr9,https://storage.googleapis.com/support-kms-prod/ygz3rQGRyXiNJDRl8CLl0rQI5wWsBV8osD2E,https://storage.googleapis.com/support-kms-prod/AJVQJoP1vbOVbDj14uR1NwJhruMm3ZbEqFMH",https://support.google.com/googlepixelbuds/answer/10595435,,"|  | **Google Pixel Buds Pro 2** | **Google Pixel Buds 2a** |
| --- | --- | --- |
| **Price** | From $229<br>[Buy\<br>\<br>Learn more](https://store.google.com/us/category/earbuds?e=SupportVsSubscriptionLinkInUSStudy%3A%3ASupportPageInNavStudyTest&hl=en-US) | From $129<br> [Buy\<br>\<br> Learn more](https://store.google.com/us/category/earbuds?e=SupportVsSubscriptionLinkInUSStudy%3A%3ASupportPageInNavStudyTest&hl=en-US) |
| Colors1 | |     |     |
| --- | --- |
| ![](https://storage.googleapis.com/support-kms-prod/2mTHDDB8GmXtwriE89A0ubJwmldDYqKQc1EU) | Hazel |
| ![](https://storage.googleapis.com/support-kms-prod/XHMRr9ScxBOAeeeW5UZZVi6WzKVTEpKrftNe) | Porcelain |
| ![](https://storage.googleapis.com/support-kms-prod/KvICOjphWp9xAruaifLpPoGuVfcQA8ILNDDn) | Wintergreen |
| ![](https://storage.googleapis.com/support-kms-prod/Jy2Jl4pWZpJmWvQIx4SRB5kgBSzP5A4NMJgy) | Peony |
| ![](https://storage.googleapis.com/support-kms-prod/RENa8GLzAxPbB1YrCHiWqt4DSbo8U8l7R2UA) | Moonstone | | |     |     |
| --- | --- |
| ![](https://storage.googleapis.com/support-kms-prod/ruZrB1o348NEFezBJGmA1cYtkE7aLFmt2jKU) | Hazel |
| ![](https://storage.googleapis.com/support-kms-prod/Vg6z4NCNHr5lM06404RCC7gBY1RU6Z9BKJr9) | Iris |
| ![](https://storage.googleapis.com/support-kms-prod/ygz3rQGRyXiNJDRl8CLl0rQI5wWsBV8osD2E) | Fog |
| ![](https://storage.googleapis.com/support-kms-prod/AJVQJoP1vbOVbDj14uR1NwJhruMm3ZbEqFMH) | Berry | |
| Tensor A1 audio chip | ✓ | ✓ |
| Active Noise Cancellation (ANC) | ✓<br> (Silent Seal 2.0) | ✓<br> (Silent Seal 1.5) |
| **Adaptive Audio** | ✓ | — |
| **Loud Noise Protection** | ✓ | — |
| **Static Spatial Audio** | ✓ | ✓ |
| **Spatial Audio with Head Tracking** | ✓ | — |
| Earbud listening time | - Up to 12 hours without ANC2<br>- Up to 8 hours with ANC2 | - Up to 10 hours without ANC<br>- Up to 7 hours with ANC |
| Total listening time<br> (Including charging case) | - Up to 48 hours without ANC2<br>- Up to 30 hours with ANC2 | - Up to 27 hours without ANC<br>- Up to 20 hours with ANC |
| Call clarity | - Clear Calling<br>- Beamforming microphones<br>- Voice accelerometer<br>- Wind-blocking mesh covers | - Clear Calling<br>- Wind-blocking mesh covers |
| Transparency mode | ✓ | ✓ |
| **Multipoint connectivity with device switching** | ✓ | ✓ |
| Wireless Charging | ✓ | — |
| Sweat and water resistant5 | - Earbuds<br>- Charging case | - Earbuds<br>- Charging case |
| Touch controls | - Control volume<br>- Play or pause<br>- Go to the next track or previous<br>- Answer calls<br>- Talk with Gemini | - Play or pause<br>- Go to the next track or previous<br>- Answer calls<br>- Talk with Gemini |
| Conversation detection | ✓ | — |
| **Bluetooth SuperWideBand**<br>**(works with Pixel 8 and newer and Android 14 and newer)** | ✓ | ✓ |
| **Low-latency gaming mode**<br>**(works with Pixel 8 and newer and Android 14 and newer)** | ✓ | — |
| **Hearing Wellness** | ✓ | ✓ |",https://support.google.com/googlepixelbuds/answer/10595435
https://support.google.com/googlepixelbuds/answer/10595435,https://support.google.com/googlepixelbuds/answer/10595435,Compare Pixel Buds,https://support.google.com/googlepixelbuds/answer/10595435,https://support.google.com/googlepixelbuds/answer/10595435,Try these next steps:,https://support.google.com/googlepixelbuds/answer/10595435,"true

18320664425298691918

true

Search Help Center

false

true

true

true

    

 [Google Pixel Buds](https://store.google.com/product/google_pixel_buds?utm_source=help_center&utm_medium=google_oo&utm_campaign=GS105480)

[Privacy Policy](https://www.google.com/intl/en/privacy.html) [Terms of Service](https://www.google.com/accounts/TOS)Submit feedback

[Safety and Regulatory Informat",https://support.google.com/googlepixelbuds/answer/10595435,1,https://support.google.com/googlepixelbuds/answer/10595435,,,,,
https://support.google.com/googlepixelbuds/answer/10595435,https://support.google.com/googlepixelbuds/answer/10595435,Compare Pixel Buds,https://support.google.com/googlepixelbuds/answer/10595435,https://support.google.com/googlepixelbuds/answer/10595435,What is the issue with this selection?,https://support.google.com/googlepixelbuds/answer/10595435,"What is the issue with this selection?

Inaccurate - doesn't match what I see in the product

Hard to understand - unclear or translation is wrong

Missing info - relevant but not comprehensive

Irrelevant - doesn’t match the title and / or my expectations

Minor errors - formatting issues, typos, and / or broken links

Other suggestions - ideas to improve the content",https://support.google.com/googlepixelbuds/answer/10595435,1,https://support.google.com/googlepixelbuds/answer/10595435,,,,,
https://support.google.com/googlepixelbuds/answer/10595435,https://support.google.com/googlepixelbuds/answer/10595435,Compare Pixel Buds,https://support.google.com/googlepixelbuds/answer/10595435,https://support.google.com/googlepixelbuds/answer/10595435,Share additional info or suggestions,https://support.google.com/googlepixelbuds/answer/10595435,"​

​

Do not share any personal info

Cancel

Submit

By continuing, you agree Google uses your answers,  to improve services, per our [Privacy](https://myaccount.google.com/privacypolicy?hl=en) & [Terms](https://policies.google.com/terms?hl=en).

false

false

false

Search

Clear search

Close search

Main menu

Google apps",https://support.google.com/googlepixelbuds/answer/10595435,1,https://support.google.com/googlepixelbuds/answer/10595435,,,,,
https://support.google.com/googlepixelbuds/answer/11062556,https://support.google.com/googlepixelbuds/answer/11062556,File a warranty claim for your Google Pixel Buds,https://support.google.com/googlepixelbuds/answer/11062556,https://support.google.com/googlepixelbuds/answer/11062556,Overview,https://support.google.com/googlepixelbuds/answer/11062556,"# File a warranty claim for your Google Pixel Buds

If your Google Pixel Buds become defective through no fault of your own, you may be able to return them for replacement, repair or refund, at Google’s discretion. Accidental damage isn't covered under warranty.

**Important:**

- Accidental damage or replacements for losing a part of your Pixel Buds isn't covered under warranty: in these situations you may be able to . .

- Warranty terms can vary based on the country or region where you bought your device. You can get online and phone support everywhere we sell Pixel Buds. To review the terms of your warranty, visit the .",https://support.google.com/googlepixelbuds/answer/11062556,1,https://support.google.com/googlepixelbuds/answer/11062556,,,,,
https://support.google.com/googlepixelbuds/answer/11062556,https://support.google.com/googlepixelbuds/answer/11062556,File a warranty claim for your Google Pixel Buds,https://support.google.com/googlepixelbuds/answer/11062556,https://support.google.com/googlepixelbuds/answer/11062556,Step 1: Check your Pixel Buds warranty status,https://support.google.com/googlepixelbuds/answer/11062556,"The interactive warranty checker helps you check your warranty coverage, find solutions to common device issues, or connect with our team.

**Reminder:**

- You must be signed into your Google account to use the interactive warranty checker.

- For India customers: If you discover non-working Pixel Buds within 14 days of purchase, you will be able to file a claim. .",https://support.google.com/googlepixelbuds/answer/11062556,1,https://support.google.com/googlepixelbuds/answer/11062556,,,,,
https://support.google.com/googlepixelbuds/answer/11062556,https://support.google.com/googlepixelbuds/answer/11062556,File a warranty claim for your Google Pixel Buds,https://support.google.com/googlepixelbuds/answer/11062556,https://support.google.com/googlepixelbuds/answer/11062556,Step 2: Replace your Pixel Buds,https://support.google.com/googlepixelbuds/answer/11062556,"**Important:** To obtain warranty service, you must follow Google's procedures. You must provide your name, contact information, and serial number(s). You may also be required to provide proof of purchase and answer our diagnostic questions about your issues with your Pixel Buds.

1\. Find your Pixel Buds serial number. .

2\. Pick your support option based on your device’s warranty status:

If your device is in-warranty and your claim is covered, you can get it replaced by contacting us. Your device will need to be sent to us for a checkup. If it's defective, we'll provide a replacement.

If you lose or damage a part of your Pixel Buds bundle, or your device is out of warranty, you may be able to purchase a replacement. .

If you bought your product in a different country or region, check the warranty that came with your product. If we don't sell your product in your country or region, you may not be able to get online or phone support there. For Pixel Buds region availability, check .

For guidance on how to safely pack your Buds for warranty return, [learn how to package a device f",https://support.google.com/googlepixelbuds/answer/11062556,1,https://support.google.com/googlepixelbuds/answer/11062556,,,,,
https://support.google.com/googlepixelbuds/answer/11062556,https://support.google.com/googlepixelbuds/answer/11062556,File a warranty claim for your Google Pixel Buds,https://support.google.com/googlepixelbuds/answer/11062556,https://support.google.com/googlepixelbuds/answer/11062556,Try these next steps:,https://support.google.com/googlepixelbuds/answer/11062556,"true

17929290080563476628

true

Search Help Center

false

true

true

true

    

 [Google Pixel Buds](https://store.google.com/product/google_pixel_buds?utm_source=help_center&utm_medium=google_oo&utm_campaign=GS105480)

[Privacy Policy](https://www.google.com/intl/en/privacy.html) [Terms of Service](http",https://support.google.com/googlepixelbuds/answer/11062556,1,https://support.google.com/googlepixelbuds/answer/11062556,,,,,
https://support.google.com/googlepixelbuds/answer/11062556,https://support.google.com/googlepixelbuds/answer/11062556,File a warranty claim for your Google Pixel Buds,https://support.google.com/googlepixelbuds/answer/11062556,https://support.google.com/googlepixelbuds/answer/11062556,What is the issue with this selection?,https://support.google.com/googlepixelbuds/answer/11062556,"What is the issue with this selection?

Inaccurate - doesn't match what I see in the product

Hard to understand - unclear or translation is wrong

Missing info - relevant but not comprehensive

Irrelevant - doesn’t match the title and / or my expectations

Minor errors - formatting issues, typos, and / or broken links

Other suggestions - ideas to improve the content",https://support.google.com/googlepixelbuds/answer/11062556,1,https://support.google.com/googlepixelbuds/answer/11062556,,,,,
https://support.google.com/googlepixelbuds/answer/11062556,https://support.google.com/googlepixelbuds/answer/11062556,File a warranty claim for your Google Pixel Buds,https://support.google.com/googlepixelbuds/answer/11062556,https://support.google.com/googlepixelbuds/answer/11062556,Share additional info or suggestions,https://support.google.com/googlepixelbuds/answer/11062556,"​

​

Do not share any personal info

Cancel

Submit

By continuing, you agree Google uses your answers,  to improve services, per our [Privacy](https://myaccount.google.com/privacypolicy?hl=en) & [Terms](https://policies.google.com/terms?hl=en).

false

false

false

Search

Clear search

Close search

Main menu

Google apps",https://support.google.com/googlepixelbuds/answer/11062556,1,https://support.google.com/googlepixelbuds/answer/11062556,,,,,
https://support.google.com/googlepixelbuds/answer/11439534,https://support.google.com/googlepixelbuds/answer/11439534,Customize the bass on your Google Pixel Buds A-Series & Google Pixel Buds Pro,https://support.google.com/googlepixelbuds/answer/11439534,https://support.google.com/googlepixelbuds/answer/11439534,Overview,https://support.google.com/googlepixelbuds/answer/11439534,"# Customize the bass on your Google Pixel Buds A-Series & Google Pixel Buds Pro

**Important:** This feature is not available on Google Pixel Buds (2017).

You can use the Sound menu to optimize your Pixel Buds' bass levels to match your preferences. This feature can be used with a device running Android 6.0 or newer and Pixel Bud app 3.282 or newer.

These settings will stay the same across each source device (phone, tablet, and others), but only with Pixel Buds A-Series, Pixel Buds Pro, and Pixel Buds Pro 2. This feature won't work if you’re using other headphones or speakers.

To adjust bass using the slider or enable Volume EQ, .

If you're using Pixel Buds Pro and Pro 2, you can find bass boost, Volume EQ, and other EQ customizations in your .",https://support.google.com/googlepixelbuds/answer/11439534,1,https://support.google.com/googlepixelbuds/answer/11439534,"https://lh3.googleusercontent.com/3_l97rr0GvhSP2XV5OoCkV2ZDTIisAOczrSdzNCBxhIKWrjXjHucxNwocghoUa39gw=h36,https://lh3.googleusercontent.com/3_l97rr0GvhSP2XV5OoCkV2ZDTIisAOczrSdzNCBxhIKWrjXjHucxNwocghoUa39gw=h36,https://lh3.googleusercontent.com/OdQ-5nNTs1ww_dhJCNTYOXtynhc17fTqQknS68XydLp9b1qRe2ctadcMqrnxB1wzZQ=w36-h36,https://lh3.googleusercontent.com/uFnGX4KCxGIOhVa8najUzwHTWFyab0xto5DcVbVJcC1XJDKDTouAENIog5w12ESil0o=h36,https://lh3.googleusercontent.com/3_l97rr0GvhSP2XV5OoCkV2ZDTIisAOczrSdzNCBxhIKWrjXjHucxNwocghoUa39gw=h36,https://lh3.googleusercontent.com/3_l97rr0GvhSP2XV5OoCkV2ZDTIisAOczrSdzNCBxhIKWrjXjHucxNwocghoUa39gw=h36,https://lh3.googleusercontent.com/OdQ-5nNTs1ww_dhJCNTYOXtynhc17fTqQknS68XydLp9b1qRe2ctadcMqrnxB1wzZQ=w36-h36,https://lh3.googleusercontent.com/uFnGX4KCxGIOhVa8najUzwHTWFyab0xto5DcVbVJcC1XJDKDTouAENIog5w12ESil0o=h36",https://support.google.com/googlepixelbuds/answer/11439534,,,
https://support.google.com/googlepixelbuds/answer/11439534,https://support.google.com/googlepixelbuds/answer/11439534,Customize the bass on your Google Pixel Buds A-Series & Google Pixel Buds Pro,https://support.google.com/googlepixelbuds/answer/11439534,https://support.google.com/googlepixelbuds/answer/11439534,Customize bass,https://support.google.com/googlepixelbuds/answer/11439534,"1. Depending on your device, you can change the settings for your earbuds in different ways:

   - **On a Pixel phone with Android 10+:** Tap **Settings**![and then](https://lh3.googleusercontent.com/3_l97rr0GvhSP2XV5OoCkV2ZDTIisAOczrSdzNCBxhIKWrjXjHucxNwocghoUa39gw=h36) **Connected Devices**![and then](https://lh3.googleusercontent.com/3_l97rr0GvhSP2XV5OoCkV2ZDTIisAOczrSdzNCBxhIKWrjXjHucxNwocghoUa39gw=h36) Settings ![](https://lh3.googleusercontent.com/OdQ-5nNTs1ww_dhJCNTYOXtynhc17fTqQknS68XydLp9b1qRe2ctadcMqrnxB1wzZQ=w36-h36) by your paired Pixel Buds name.
   - **On other Android devices:** Open the Google Pixel Buds app ![Pixel Buds](https://lh3.googleusercontent.com/uFnGX4KCxGIOhVa8najUzwHTWFyab0xto5DcVbVJcC1XJDKDTouAENIog5w12ESil0o=h36).

2. Tap **Sound**.
3. Move the slider to adjust the bass level.1",https://support.google.com/googlepixelbuds/answer/11439534,1,https://support.google.com/googlepixelbuds/answer/11439534,,,,,
https://support.google.com/googlepixelbuds/answer/11439534,https://support.google.com/googlepixelbuds/answer/11439534,Customize the bass on your Google Pixel Buds A-Series & Google Pixel Buds Pro,https://support.google.com/googlepixelbuds/answer/11439534,https://support.google.com/googlepixelbuds/answer/11439534,Volume EQ,https://support.google.com/googlepixelbuds/answer/11439534,"Enable Volume EQ to improve bass and treble at lower volume levels.

1. Depending on your device, you can change the settings for your earbuds in different ways:

   - **On a Pixel phone with Android 10+:** Tap **Settings**![and then](https://lh3.googleusercontent.com/3_l97rr0GvhSP2XV5OoCkV2ZDTIisAOczrSdzNCBxhIKWrjXjHucxNwocghoUa39gw=h36) **Connected Devices**![and then](https://lh3.googleusercontent.com/3_l97rr0GvhSP2XV5OoCkV2ZDTIisAOczrSdzNCBxhIKWrjXjHucxNwocghoUa39gw=h36) Settings ![](https://lh3.googleusercontent.com/OdQ-5nNTs1ww_dhJCNTYOXtynhc17fTqQknS68XydLp9b1qRe2ctadcMqrnxB1wzZQ=w36-h36) by your paired Pixel Buds name.
   - **On other Android devices:** Open the Google Pixel Buds app ![Pixel Buds](https://lh3.googleusercontent.com/uFnGX4KCxGIOhVa8najUzwHTWFyab0xto5DcVbVJcC1XJDKDTouAENIog5w12ESil0o=h36).

2. Tap **Sound**.
3. Turn on **Volume EQ**.

1Pixel Buds must be connected to the phone to activate this feature.

Give feedback about this article

Choose a section to give feedback on",https://support.google.com/googlepixelbuds/answer/11439534,1,https://support.google.com/googlepixelbuds/answer/11439534,,,,,
https://support.google.com/googlepixelbuds/answer/11439534,https://support.google.com/googlepixelbuds/answer/11439534,Customize the bass on your Google Pixel Buds A-Series & Google Pixel Buds Pro,https://support.google.com/googlepixelbuds/answer/11439534,https://support.google.com/googlepixelbuds/answer/11439534,Try these next steps:,https://support.google.com/googlepixelbuds/answer/11439534,"true

5856832402269228311

true

Search Help Center

false

true

true

true

    

 [Google Pixel Buds](https://store.google.com/product/google_pixel_buds?utm_source=help_center&utm_medium=google_oo&utm_campaign=GS105480)",https://support.google.com/googlepixelbuds/answer/11439534,1,https://support.google.com/googlepixelbuds/answer/11439534,,,,,
https://support.google.com/googlepixelbuds/answer/11439534,https://support.google.com/googlepixelbuds/answer/11439534,Customize the bass on your Google Pixel Buds A-Series & Google Pixel Buds Pro,https://support.google.com/googlepixelbuds/answer/11439534,https://support.google.com/googlepixelbuds/answer/11439534,What is the issue with this selection?,https://support.google.com/googlepixelbuds/answer/11439534,"What is the issue with this selection?

Inaccurate - doesn't match what I see in the product

Hard to understand - unclear or translation is wrong

Missing info - relevant but not comprehensive

Irrelevant - doesn’t match the title and / or my expectations

Minor errors - formatting issues, typos, and / or broken links

Other suggestions - ideas to improve the content",https://support.google.com/googlepixelbuds/answer/11439534,1,https://support.google.com/googlepixelbuds/answer/11439534,,,,,
https://support.google.com/googlepixelbuds/answer/11439534,https://support.google.com/googlepixelbuds/answer/11439534,Customize the bass on your Google Pixel Buds A-Series & Google Pixel Buds Pro,https://support.google.com/googlepixelbuds/answer/11439534,https://support.google.com/googlepixelbuds/answer/11439534,Share additional info or suggestions,https://support.google.com/googlepixelbuds/answer/11439534,"​

​

Do not share any personal info

Cancel

Submit

By continuing, you agree Google uses your answers,  to improve services, per our [Privacy](https://myaccount.google.com/privacypolicy?hl=en) & [Terms](https://policies.google.com/terms?hl=en).

false

false

false

Search

Clear search

Close search

Main menu

Google apps",https://support.google.com/googlepixelbuds/answer/11439534,1,https://support.google.com/googlepixelbuds/answer/11439534,,,,,
https://support.google.com/googlepixelbuds/answer/11997887,https://support.google.com/googlepixelbuds/answer/11997887,Replace lost or damaged Google Pixel Buds,https://support.google.com/googlepixelbuds/answer/11997887,https://support.google.com/googlepixelbuds/answer/11997887,Overview,https://support.google.com/googlepixelbuds/answer/11997887,"# Replace lost or damaged Google Pixel Buds

If you lose or damage a component of your Pixel Buds, you can buy individual replacements for the earbuds, charging case, or ear tips. Accidental damage, such as water or physical damage, is not covered under warranty.

.

Step 1: Identify your replacement parts

Use the table below to check availability for your specific model.

|     |     |     |     |
| --- | --- | --- | --- |
| **Model** | **Left/Right Earbud** | **Charging Case** | **Ear Tips** |
| **Pixel Buds Pro 2** | ![](https://storage.googleapis.com/support-kms-prod/1nPeiOGaJRvpAf5rVE44NWcSTRSqMXV1cDU7) | ![](https://storage.googleapis.com/support-kms-prod/1nPeiOGaJRvpAf5rVE44NWcSTRSqMXV1cDU7) | ![](https://storage.googleapis.com/support-kms-prod/1nPeiOGaJRvpAf5rVE44NWcSTRSqMXV1cDU7) |
| **Pixel Buds Pro 2a** | ![](https://storage.googleapis.com/support-kms-prod/1nPeiOGaJRvpAf5rVE44NWcSTRSqMXV1cDU7) | ![](https://storage.googleapis.com/support-kms-prod/1nPeiOGaJRvpAf5rVE44NWcSTRSqMXV1cDU7) | ![](https://storage.googleapis.com/support-kms-prod/1nPeiOGaJRvpAf5rVE44NWcSTRSqMXV1cDU7) |
| **Pixel Buds Pro** | ![](https://storage.googleapis.com/support-kms-prod/1nPeiOGaJRvpAf5rVE44NWcSTRSqMXV1cDU7) | ![](https://storage.googleapis.com/support-k",https://support.google.com/googlepixelbuds/answer/11997887,1,https://support.google.com/googlepixelbuds/answer/11997887,"https://storage.googleapis.com/support-kms-prod/1nPeiOGaJRvpAf5rVE44NWcSTRSqMXV1cDU7,https://storage.googleapis.com/support-kms-prod/1nPeiOGaJRvpAf5rVE44NWcSTRSqMXV1cDU7,https://storage.googleapis.com/support-kms-prod/1nPeiOGaJRvpAf5rVE44NWcSTRSqMXV1cDU7,https://storage.googleapis.com/support-kms-prod/1nPeiOGaJRvpAf5rVE44NWcSTRSqMXV1cDU7,https://storage.googleapis.com/support-kms-prod/1nPeiOGaJRvpAf5rVE44NWcSTRSqMXV1cDU7,https://storage.googleapis.com/support-kms-prod/1nPeiOGaJRvpAf5rVE44NWcSTRSqMXV1cDU7,https://storage.googleapis.com/support-kms-prod/1nPeiOGaJRvpAf5rVE44NWcSTRSqMXV1cDU7,https://storage.googleapis.com/support-kms-prod/1nPeiOGaJRvpAf5rVE44NWcSTRSqMXV1cDU7,https://storage.googleapis.com/support-kms-prod/1nPeiOGaJRvpAf5rVE44NWcSTRSqMXV1cDU7,https://storage.googleapis.com/support-kms-prod/1nPeiOGaJRvpAf5rVE44NWcSTRSqMXV1cDU7,https://storage.googleapis.com/support-kms-prod/E6JUkmWKcZFigWf8BZhllyLoAz67fkNkFX1v,https://storage.googleapis.com/support-kms-prod/1nPeiOGaJRvpAf5rVE44NWcSTRSqMXV1cDU7,https://lh4.ggpht.com/Wk250ItySYbTSXshqgsfsVFqTO5S11OklAuQowTDA9VQq9p_Oe1HoUtde0sKyw528Kua3-0=w48",https://support.google.com/googlepixelbuds/answer/11997887,,"|     |     |     |     |
| --- | --- | --- | --- |
| **Model** | **Left/Right Earbud** | **Charging Case** | **Ear Tips** |
| **Pixel Buds Pro 2** | ![](https://storage.googleapis.com/support-kms-prod/1nPeiOGaJRvpAf5rVE44NWcSTRSqMXV1cDU7) | ![](https://storage.googleapis.com/support-kms-prod/1nPeiOGaJRvpAf5rVE44NWcSTRSqMXV1cDU7) | ![](https://storage.googleapis.com/support-kms-prod/1nPeiOGaJRvpAf5rVE44NWcSTRSqMXV1cDU7) |
| **Pixel Buds Pro 2a** | ![](https://storage.googleapis.com/support-kms-prod/1nPeiOGaJRvpAf5rVE44NWcSTRSqMXV1cDU7) | ![](https://storage.googleapis.com/support-kms-prod/1nPeiOGaJRvpAf5rVE44NWcSTRSqMXV1cDU7) | ![](https://storage.googleapis.com/support-kms-prod/1nPeiOGaJRvpAf5rVE44NWcSTRSqMXV1cDU7) |
| **Pixel Buds Pro** | ![](https://storage.googleapis.com/support-kms-prod/1nPeiOGaJRvpAf5rVE44NWcSTRSqMXV1cDU7) | ![](https://storage.googleapis.com/support-kms-prod/1nPeiOGaJRvpAf5rVE44NWcSTRSqMXV1cDU7)\* | ![](https://storage.googleapis.com/support-kms-prod/1nPeiOGaJRvpAf5rVE44NWcSTRSqMXV1cDU7) |
| **Pixel Buds A-Series** | ![](https://storage.googleapis.com/support-kms-prod/1nPeiOGaJRvpAf5rVE44NWcSTRSqMXV1cDU7) | ![](https://storage.googleapis.com/support-kms-prod/E6JUkmWKcZFigWf8BZhllyLoAz67fkNkFX1v)\* | ![](https://storage.googleapis.com/support-kms-prod/1nPeiOGaJRvpAf5rVE44NWcSTRSqMXV1cDU7) |",https://support.google.com/googlepixelbuds/answer/11997887
https://support.google.com/googlepixelbuds/answer/11997887,https://support.google.com/googlepixelbuds/answer/11997887,Replace lost or damaged Google Pixel Buds,https://support.google.com/googlepixelbuds/answer/11997887,https://support.google.com/googlepixelbuds/answer/11997887,Related resources,https://support.google.com/googlepixelbuds/answer/11997887,"'- 
- 
- 
- 
- 
- 

1Replacements not available at all times and in all areas. Colors may vary and change over time. Not all colors are available in all areas.

2Google, Pixel, G Logo, and related marks and logos are trademarks of Google LLC.

Give feedback about this article

Choose a section to give feedback on",https://support.google.com/googlepixelbuds/answer/11997887,1,https://support.google.com/googlepixelbuds/answer/11997887,,,,,
https://support.google.com/googlepixelbuds/answer/11997887,https://support.google.com/googlepixelbuds/answer/11997887,Replace lost or damaged Google Pixel Buds,https://support.google.com/googlepixelbuds/answer/11997887,https://support.google.com/googlepixelbuds/answer/11997887,Try these next steps:,https://support.google.com/googlepixelbuds/answer/11997887,"true

2671735512695030149

true

Search Help Center

false

true

true

true

    

 [Google Pixel Buds](https://store.google.com/product/google_pixel_buds?utm_source=help_center&utm_medium=google_oo&utm_campaign=GS105480)

[Privacy Policy](https://www.google.com/intl/en/privacy.html) [Terms of Service](https://www.google.com/ac",https://support.google.com/googlepixelbuds/answer/11997887,1,https://support.google.com/googlepixelbuds/answer/11997887,,,,,
https://support.google.com/googlepixelbuds/answer/11997887,https://support.google.com/googlepixelbuds/answer/11997887,Replace lost or damaged Google Pixel Buds,https://support.google.com/googlepixelbuds/answer/11997887,https://support.google.com/googlepixelbuds/answer/11997887,What is the issue with this selection?,https://support.google.com/googlepixelbuds/answer/11997887,"What is the issue with this selection?

Inaccurate - doesn't match what I see in the product

Hard to understand - unclear or translation is wrong

Missing info - relevant but not comprehensive

Irrelevant - doesn’t match the title and / or my expectations

Minor errors - formatting issues, typos, and / or broken links

Other suggestions - ideas to improve the content",https://support.google.com/googlepixelbuds/answer/11997887,1,https://support.google.com/googlepixelbuds/answer/11997887,,,,,
https://support.google.com/googlepixelbuds/answer/11997887,https://support.google.com/googlepixelbuds/answer/11997887,Replace lost or damaged Google Pixel Buds,https://support.google.com/googlepixelbuds/answer/11997887,https://support.google.com/googlepixelbuds/answer/11997887,Share additional info or suggestions,https://support.google.com/googlepixelbuds/answer/11997887,"​

​

Do not share any personal info

Cancel

Submit

By continuing, you agree Google uses your answers,  to improve services, per our [Privacy](https://myaccount.google.com/privacypolicy?hl=en) & [Terms](https://policies.google.com/terms?hl=en).

false

false

false

Search

Clear search

Close search

Main menu

Google apps",https://support.google.com/googlepixelbuds/answer/11997887,1,https://support.google.com/googlepixelbuds/answer/11997887,,,,,
https://support.google.com/googlepixelbuds/answer/12045780,https://support.google.com/googlepixelbuds/answer/12045780,Customize EQ with Google Pixel Buds Pro 2 and Pixel Buds 2a,https://support.google.com/googlepixelbuds/answer/12045780,https://support.google.com/googlepixelbuds/answer/12045780,Overview,https://support.google.com/googlepixelbuds/answer/12045780,"# Customize EQ with Google Pixel Buds Pro 2 and Pixel Buds 2a

With Custom Equalizer (EQ), you can use sliders to adjust 5 different frequency bands and save your preferred settings. You can also choose one of the presets, like ""Heavy bass"" as a starting point. These settings don’t apply to phone call audio.

**Important:** This article only applies to Pixel Buds Pro 2 and Pixel Buds 2a.

- If you're using Google Pixel Buds, you can .
- If you're using Pixel Buds A-Series or Pixel Buds Pro, you can .",https://support.google.com/googlepixelbuds/answer/12045780,1,https://support.google.com/googlepixelbuds/answer/12045780,"https://lh3.googleusercontent.com/3_l97rr0GvhSP2XV5OoCkV2ZDTIisAOczrSdzNCBxhIKWrjXjHucxNwocghoUa39gw=h36,https://lh3.googleusercontent.com/OdQ-5nNTs1ww_dhJCNTYOXtynhc17fTqQknS68XydLp9b1qRe2ctadcMqrnxB1wzZQ=w36-h36,https://lh3.googleusercontent.com/3_l97rr0GvhSP2XV5OoCkV2ZDTIisAOczrSdzNCBxhIKWrjXjHucxNwocghoUa39gw=h36,https://lh3.googleusercontent.com/3_l97rr0GvhSP2XV5OoCkV2ZDTIisAOczrSdzNCBxhIKWrjXjHucxNwocghoUa39gw=h36,https://lh3.googleusercontent.com/3_l97rr0GvhSP2XV5OoCkV2ZDTIisAOczrSdzNCBxhIKWrjXjHucxNwocghoUa39gw=h36,https://lh3.googleusercontent.com/OdQ-5nNTs1ww_dhJCNTYOXtynhc17fTqQknS68XydLp9b1qRe2ctadcMqrnxB1wzZQ=w36-h36,https://lh3.googleusercontent.com/uFnGX4KCxGIOhVa8najUzwHTWFyab0xto5DcVbVJcC1XJDKDTouAENIog5w12ESil0o=h36,https://lh3.googleusercontent.com/3_l97rr0GvhSP2XV5OoCkV2ZDTIisAOczrSdzNCBxhIKWrjXjHucxNwocghoUa39gw=h36,https://lh3.googleusercontent.com/3_l97rr0GvhSP2XV5OoCkV2ZDTIisAOczrSdzNCBxhIKWrjXjHucxNwocghoUa39gw=h36",https://support.google.com/googlepixelbuds/answer/12045780,,,
https://support.google.com/googlepixelbuds/answer/12045780,https://support.google.com/googlepixelbuds/answer/12045780,Customize EQ with Google Pixel Buds Pro 2 and Pixel Buds 2a,https://support.google.com/googlepixelbuds/answer/12045780,https://support.google.com/googlepixelbuds/answer/12045780,On a Pixel phone with Android 10+:,https://support.google.com/googlepixelbuds/answer/12045780,"1. Go to **Settings**![and then](https://lh3.googleusercontent.com/3_l97rr0GvhSP2XV5OoCkV2ZDTIisAOczrSdzNCBxhIKWrjXjHucxNwocghoUa39gw=h36) **Connected Devices**.
2. Under ""Saved devices,"" tap your paired Pixel Buds' Settings ![](https://lh3.googleusercontent.com/OdQ-5nNTs1ww_dhJCNTYOXtynhc17fTqQknS68XydLp9b1qRe2ctadcMqrnxB1wzZQ=w36-h36)![and then](https://lh3.googleusercontent.com/3_l97rr0GvhSP2XV5OoCkV2ZDTIisAOczrSdzNCBxhIKWrjXjHucxNwocghoUa39gw=h36)**Device details**![and then](https://lh3.googleusercontent.com/3_l97rr0GvhSP2XV5OoCkV2ZDTIisAOczrSdzNCBxhIKWrjXjHucxNwocghoUa39gw=h36) **Sound**![and then](https://lh3.googleusercontent.com/3_l97rr0GvhSP2XV5OoCkV2ZDTIisAOczrSdzNCBxhIKWrjXjHucxNwocghoUa39gw=h36) **Equalizer**.

    For quick access:

1. Swipe down from the top of your screen for Quick Settings.
2. Touch and hold the Bluetooth menu.
3. Go to your paired Pixel Buds’ Settings ![](https://lh3.googleusercontent.com/OdQ-5nNTs1ww_dhJCNTYOXtynhc17fTqQknS68XydLp9b1qRe2ctadcMqrnxB1wzZQ=w36-h36).
4. Tap **Sound**.
3. Choose an Equalizer preset from the dropdown menu. To customize individual frequencies:
1. Choose a frequency from the list.
2. Touch and hold, then slide to your preferred level.1
3. Tap **Save**.",https://support.google.com/googlepixelbuds/answer/12045780,1,https://support.google.com/googlepixelbuds/answer/12045780,,,,,
https://support.google.com/googlepixelbuds/answer/12045780,https://support.google.com/googlepixelbuds/answer/12045780,Customize EQ with Google Pixel Buds Pro 2 and Pixel Buds 2a,https://support.google.com/googlepixelbuds/answer/12045780,https://support.google.com/googlepixelbuds/answer/12045780,On other Android devices:,https://support.google.com/googlepixelbuds/answer/12045780,"1. Open the Google Pixel Buds app ![Pixel Buds](https://lh3.googleusercontent.com/uFnGX4KCxGIOhVa8najUzwHTWFyab0xto5DcVbVJcC1XJDKDTouAENIog5w12ESil0o=h36).

2. Tap **Device**![and then](https://lh3.googleusercontent.com/3_l97rr0GvhSP2XV5OoCkV2ZDTIisAOczrSdzNCBxhIKWrjXjHucxNwocghoUa39gw=h36) **Sound**![and then](https://lh3.googleusercontent.com/3_l97rr0GvhSP2XV5OoCkV2ZDTIisAOczrSdzNCBxhIKWrjXjHucxNwocghoUa39gw=h36) **Equalizer**.
3. Choose an Equalizer preset from the dropdown menu. To customize individual frequencies:
1. Choose a frequency from the list.
2. Touch and hold, then slide to your preferred level.1
3. Tap **Save**.",https://support.google.com/googlepixelbuds/answer/12045780,1,https://support.google.com/googlepixelbuds/answer/12045780,,,,,
https://support.google.com/googlepixelbuds/answer/12045780,https://support.google.com/googlepixelbuds/answer/12045780,Customize EQ with Google Pixel Buds Pro 2 and Pixel Buds 2a,https://support.google.com/googlepixelbuds/answer/12045780,https://support.google.com/googlepixelbuds/answer/12045780,Save your Custom EQ settings,https://support.google.com/googlepixelbuds/answer/12045780,"Once you find an equalizer setting you like, tap **Save**.

The ""Last saved"" preset saves your equalizer settings when you exit the Custom equalizer page if the settings are different from other presets.",https://support.google.com/googlepixelbuds/answer/12045780,1,https://support.google.com/googlepixelbuds/answer/12045780,,,,,
https://support.google.com/googlepixelbuds/answer/12045780,https://support.google.com/googlepixelbuds/answer/12045780,Customize EQ with Google Pixel Buds Pro 2 and Pixel Buds 2a,https://support.google.com/googlepixelbuds/answer/12045780,https://support.google.com/googlepixelbuds/answer/12045780,Enable Volume EQ,https://support.google.com/googlepixelbuds/answer/12045780,"You can turn on the volume equalizer to enhance bass and treble frequencies at lower volume levels.

1Pixel Buds must be connected to the phone to activate this feature.

Give feedback about this article

Choose a section to give feedback on",https://support.google.com/googlepixelbuds/answer/12045780,1,https://support.google.com/googlepixelbuds/answer/12045780,,,,,
https://support.google.com/googlepixelbuds/answer/12045780,https://support.google.com/googlepixelbuds/answer/12045780,Customize EQ with Google Pixel Buds Pro 2 and Pixel Buds 2a,https://support.google.com/googlepixelbuds/answer/12045780,https://support.google.com/googlepixelbuds/answer/12045780,Try these next steps:,https://support.google.com/googlepixelbuds/answer/12045780,"true

2716900869516660435

true

Search Help Center

false

true

true

true

    

 [Google Pixel Buds](https://store.google.com/product/google_pixel_buds?utm_source=help_center&utm_medium=google_oo&utm_campaign=GS105480)

[Privacy Policy](https://www.google.com/intl/en/privacy.ht",https://support.google.com/googlepixelbuds/answer/12045780,1,https://support.google.com/googlepixelbuds/answer/12045780,,,,,
https://support.google.com/googlepixelbuds/answer/12045780,https://support.google.com/googlepixelbuds/answer/12045780,Customize EQ with Google Pixel Buds Pro 2 and Pixel Buds 2a,https://support.google.com/googlepixelbuds/answer/12045780,https://support.google.com/googlepixelbuds/answer/12045780,What is the issue with this selection?,https://support.google.com/googlepixelbuds/answer/12045780,"What is the issue with this selection?

Inaccurate - doesn't match what I see in the product

Hard to understand - unclear or translation is wrong

Missing info - relevant but not comprehensive

Irrelevant - doesn’t match the title and / or my expectations

Minor errors - formatting issues, typos, and / or broken links

Other suggestions - ideas to improve the content",https://support.google.com/googlepixelbuds/answer/12045780,1,https://support.google.com/googlepixelbuds/answer/12045780,,,,,
https://support.google.com/googlepixelbuds/answer/12045780,https://support.google.com/googlepixelbuds/answer/12045780,Customize EQ with Google Pixel Buds Pro 2 and Pixel Buds 2a,https://support.google.com/googlepixelbuds/answer/12045780,https://support.google.com/googlepixelbuds/answer/12045780,Share additional info or suggestions,https://support.google.com/googlepixelbuds/answer/12045780,"​

​

Do not share any personal info

Cancel

Submit

By continuing, you agree Google uses your answers,  to improve services, per our [Privacy](https://myaccount.google.com/privacypolicy?hl=en) & [Terms](https://policies.google.com/terms?hl=en).

false

false

false

Search

Clear search

Close search

Main menu

Google apps",https://support.google.com/googlepixelbuds/answer/12045780,1,https://support.google.com/googlepixelbuds/answer/12045780,,,,,
https://support.google.com/googlepixelbuds/answer/12134926,https://support.google.com/googlepixelbuds/answer/12134926,Declaration of Conformity for Pixel Buds Pro,https://support.google.com/googlepixelbuds/answer/12134926,https://support.google.com/googlepixelbuds/answer/12134926,EU,https://support.google.com/googlepixelbuds/answer/12134926,![](https://lh3.googleusercontent.com/7b-Q_MX4er9sF7al4j083wMj-bydaQvDaNtkG8ij85VAh_sPblrLtitVX_UCmKpco1Y=w229),https://support.google.com/googlepixelbuds/answer/12134926,1,https://support.google.com/googlepixelbuds/answer/12134926,,,,,
https://support.google.com/googlepixelbuds/answer/12134926,https://support.google.com/googlepixelbuds/answer/12134926,Declaration of Conformity for Pixel Buds Pro,https://support.google.com/googlepixelbuds/answer/12134926,https://support.google.com/googlepixelbuds/answer/12134926,EU Declaration of Conformity,https://support.google.com/googlepixelbuds/answer/12134926,"Google LLC

1600 Amphitheatre Parkway

Mountain View, CA 94043

This declaration of conformity is issued for:

|     |     |
| --- | --- |
| Radio equipment model number: | GQGM1,GA34L,GPX4H |
| Product name: | Wireless Earbuds and Charging Case |
| Software version: | V1.06 |
| Accessories supplied: | N/A |

We, Google LLC, declare under our sole responsibility that the above named product(s) conform to the essential requirements of the following European Union directives:

|     |     |
| --- | --- |
| **Radio Equipment Directive (RED)** | 2014/53/EU |
| **Ecodesign Requirements for Energy Related Products Directive** | 2009/125/EC |
| **RoHS Recast Directive** | 2011/65/EU |

The conformity assessment procedure as detailed in Annex III of the Radio Equipment Directive 2014/53/EU has been followed and performed with the involvement of a notified body: TUV SUD, Number: 0123. The notified body performed Annex III of the Radio Equipment Directive 2014/53/EU and issued the EU-type examination certificates:  TPS-RED500474,TPS-RED500480, TPS-RED500481

The following harmonized standards and normative documents are those to which conformity is declared, and by specific reference to the essential requirements of the referenced Directives:

|     |     |
| --- | --- |
| **Health & Safety (Article 3.1(a) of the RED)** | EN 62368-1:2014+A11:2017<br> EN 50360: 2017<br> EN 50566:2017<br> EN 62311: 2020<br> EN 50665:2017 |
| **EMC (Article 3.1(b) of the RED)** | EN 301 489-1 v2.2.3,<br>",https://support.google.com/googlepixelbuds/answer/12134926,1,https://support.google.com/googlepixelbuds/answer/12134926,,,,,
https://support.google.com/googlepixelbuds/answer/12134926,https://support.google.com/googlepixelbuds/answer/12134926,Declaration of Conformity for Pixel Buds Pro,https://support.google.com/googlepixelbuds/answer/12134926,https://support.google.com/googlepixelbuds/answer/12134926,UK,https://support.google.com/googlepixelbuds/answer/12134926,![](https://lh3.googleusercontent.com/7b-Q_MX4er9sF7al4j083wMj-bydaQvDaNtkG8ij85VAh_sPblrLtitVX_UCmKpco1Y=w229),https://support.google.com/googlepixelbuds/answer/12134926,1,https://support.google.com/googlepixelbuds/answer/12134926,,,,,
https://support.google.com/googlepixelbuds/answer/12134926,https://support.google.com/googlepixelbuds/answer/12134926,Declaration of Conformity for Pixel Buds Pro,https://support.google.com/googlepixelbuds/answer/12134926,https://support.google.com/googlepixelbuds/answer/12134926,UK Declaration of Conformity,https://support.google.com/googlepixelbuds/answer/12134926,"Google LLC.

1600 Amphitheatre Parkway

Mountain View, CA 94043

This declaration of conformity is issued for:

|     |     |
| --- | --- |
| Radio equipment model number: | GQGM1, GA34L,GPX4H |
| Product name: | Wireless Earbuds and Charging Case |
| Software version: | V1.06 |
| Accessories supplied: | N/A |

We, Google LLC, declare under our sole responsibility that the above named product(s) conform to the relevant statutory requirements:

The object of the declaration described above is in conformity with the following regulations:

|     |     |
| --- | --- |
| **Statutory Instrument 2017 No. 1206 Radio Equipment Regulations** | 2017 |
| **Statutory Instrument 2010 No. 2617 The Ecodesign for**<br>**Energy-Related Products Regulations** | 2010 |
| **Statutory Instrument 2012 No. 3032 The Restriction of the Use of**<br>**Certain Hazardous Substance in Electrical and Electronic**<br>**Equipment Regulations** | 2012 |

Approved body TUV SUD BABT, 0168 performed the conformity assessment according to statutory requirements Schedule 3 of the Radio Equipment Regulations 2017 and issued the type examination certificate: (Ref. No.: UK-RER002292, UK-RER002293,UK-RER002294 ) to address the essential requirements of Regulation 6(1)a, 6(1)b and 6(2).

The following harmonized standards and normative documents are those to which the product’s conformance is declared, and by specific reference to the essential requirements of the referenced Regulations:

|     |     |
| --- | --- |
|",https://support.google.com/googlepixelbuds/answer/12134926,1,https://support.google.com/googlepixelbuds/answer/12134926,,,,,
https://support.google.com/googlepixelbuds/answer/12134926,https://support.google.com/googlepixelbuds/answer/12134926,Declaration of Conformity for Pixel Buds Pro,https://support.google.com/googlepixelbuds/answer/12134926,https://support.google.com/googlepixelbuds/answer/12134926,Try these next steps:,https://support.google.com/googlepixelbuds/answer/12134926,"true

10701942507178656698

true

Search Help Center

false

true

true

true

    

 [Google Pixel Buds](https://store.google.com/product/google_pixel_buds?utm_source=help_center&utm_medium=google_oo&utm_campaign=GS105480)

[Privacy Policy](https://www.google.com/intl/en/privacy.html) [Terms of Service](https://www.goog",https://support.google.com/googlepixelbuds/answer/12134926,1,https://support.google.com/googlepixelbuds/answer/12134926,,,,,
https://support.google.com/googlepixelbuds/answer/12134926,https://support.google.com/googlepixelbuds/answer/12134926,Declaration of Conformity for Pixel Buds Pro,https://support.google.com/googlepixelbuds/answer/12134926,https://support.google.com/googlepixelbuds/answer/12134926,What is the issue with this selection?,https://support.google.com/googlepixelbuds/answer/12134926,"What is the issue with this selection?

Inaccurate - doesn't match what I see in the product

Hard to understand - unclear or translation is wrong

Missing info - relevant but not comprehensive

Irrelevant - doesn’t match the title and / or my expectations

Minor errors - formatting issues, typos, and / or broken links

Other suggestions - ideas to improve the content",https://support.google.com/googlepixelbuds/answer/12134926,1,https://support.google.com/googlepixelbuds/answer/12134926,,,,,
https://support.google.com/googlepixelbuds/answer/12134926,https://support.google.com/googlepixelbuds/answer/12134926,Declaration of Conformity for Pixel Buds Pro,https://support.google.com/googlepixelbuds/answer/12134926,https://support.google.com/googlepixelbuds/answer/12134926,Share additional info or suggestions,https://support.google.com/googlepixelbuds/answer/12134926,"​

​

Do not share any personal info

Cancel

Submit

By continuing, you agree Google uses your answers,  to improve services, per our [Privacy](https://myaccount.google.com/privacypolicy?hl=en) & [Terms](https://policies.google.com/terms?hl=en).

false

false

false

Search

Clear search

Close search

Main menu

Google apps",https://support.google.com/googlepixelbuds/answer/12134926,1,https://support.google.com/googlepixelbuds/answer/12134926,,,,,
https://support.google.com/googlepixelbuds/answer/12309768,https://support.google.com/googlepixelbuds/answer/12309768,"Safety, Warranty & Regulatory Guide for Google Pixel Buds Pro",https://support.google.com/googlepixelbuds/answer/12309768,https://support.google.com/googlepixelbuds/answer/12309768,Where to find product information,https://support.google.com/googlepixelbuds/answer/12309768,"This guide includes the basic safety guidelines in the printed Safety & Warranty booklet that comes with your Pixel Buds Pro. It also includes additional safety, regulatory, and warranty information about the product.

Safety, and regulatory information:  [g.co/pixelbudspro/regulatory](https://g.co/pixelbudspro/regulatory) and at Settings > Connected devices > Pixel Buds Pro > Open device app (if applicable) > More Settings > Safety, Warranty & Regulatory Warranty details for your country of purchase, including instructions for making a claim: [g.co/devicewarranty](https://g.co/devicewarranty).

Eco-design (energy performance) information: [g.co/ecodesign](http://g.co/ecodesign)

Comprehensive online help: [g.co/pixelbudspro/help](https://g.co/pixelbudspro/help)",https://support.google.com/googlepixelbuds/answer/12309768,1,https://support.google.com/googlepixelbuds/answer/12309768,,,and at Settings > Connected devices > Pixel Buds Pro,,
https://support.google.com/googlepixelbuds/answer/12309768,https://support.google.com/googlepixelbuds/answer/12309768,"Safety, Warranty & Regulatory Guide for Google Pixel Buds Pro",https://support.google.com/googlepixelbuds/answer/12309768,https://support.google.com/googlepixelbuds/answer/12309768,Safety Warnings,https://support.google.com/googlepixelbuds/answer/12309768,"![Caution](https://lh3.googleusercontent.com/bMJy6MjN-Q3pRNC49Rmkl3cCAiTxYTqP_4El0JMY2RyyumgbChXgDRf6TT7qn1PpMe3Z=w200)**WARNING: HEALTH AND SAFETY INFORMATION; READ BEFORE USE TO REDUCE THE RISK OF PERSONAL INJURY, DISCOMFORT, PROPERTY DAMAGE, INCLUDING DAMAGE TO YOUR PIXEL BUDS PRO ACCESSORIES OR ANY CONNECTED DEVICES, AND OTHER POTENTIAL HAZARDS**",https://support.google.com/googlepixelbuds/answer/12309768,1,https://support.google.com/googlepixelbuds/answer/12309768,,,and at Settings > Connected devices > Pixel Buds Pro,,
https://support.google.com/googlepixelbuds/answer/12309768,https://support.google.com/googlepixelbuds/answer/12309768,"Safety, Warranty & Regulatory Guide for Google Pixel Buds Pro",https://support.google.com/googlepixelbuds/answer/12309768,https://support.google.com/googlepixelbuds/answer/12309768,**Handling**,https://support.google.com/googlepixelbuds/answer/12309768,"Handle your Pixel Buds Pro with care. You may damage the device or any included batteries or accessories if you disassemble, drop, bend, burn, crush or puncture your device. Do not use Pixel Buds Pro with a damaged enclosure or some other form of physical damage. Using  damaged Pixel Buds Pro may cause overheating or injury. Do not expose your Pixel Buds Pro to liquids, which can cause a short circuit and overheating.  If your Pixel Buds Pro gets wet, do not attempt to dry it using an external heat source.

Pixel Buds Pro is designed to operate in a dry, indoor environment. Your product is designed to work best in ambient temperatures between 32° and 95° F (0° and 35° C), and should be stored between ambient temperatures of -4° and 113° F (-20° and 45° C). Do not expose your Pixel Buds Pro to temperatures above 113° F (45° C), such as on a car dashboard or near a heating vent, as this may damage the product, overheat the battery, or pose a risk of fire. Keep your Pixel Buds Pro away from heat sources and out of direct sunlight. If your device becomes too hot, disconnect it from its power source if it is plugged in, move it to a cooler place and do not use it until it has cooled.",https://support.google.com/googlepixelbuds/answer/12309768,1,https://support.google.com/googlepixelbuds/answer/12309768,,,and at Settings > Connected devices > Pixel Buds Pro,,
https://support.google.com/googlepixelbuds/answer/12309768,https://support.google.com/googlepixelbuds/answer/12309768,"Safety, Warranty & Regulatory Guide for Google Pixel Buds Pro",https://support.google.com/googlepixelbuds/answer/12309768,https://support.google.com/googlepixelbuds/answer/12309768,**Charging**,https://support.google.com/googlepixelbuds/answer/12309768,"Be sure the Pixel Buds Pro Case is well ventilated when charging. Using damaged cables, chargers , or charging when moisture is present, can cause fire, electric shock, injury, or damage to the product or other property. Do not charge your Pixel Buds Pro when it’s wet. Avoid charging your device in direct sunlight.

When charging the device, make sure the power adapter is plugged into a power outlet near the device and is easily accessible. Do not force power adapters into a power outlet if space is not sufficient to accommodate them. When disconnecting a power adapter from a power outlet, pull on the adapter, never on the charging cable. Do not twist or pinch the cable, and do not force a connector into a port. Before attempting to charge, make sure both the charging cable connector and the device's charging port are dry and free of any objects.

Only charge your Pixel Buds Pro with a USB-C® PD compliant charger or compatible charging accessories available on the Google Store or at Google authorized resellers (look for Google’s “made for” badge). The AC adapter must be certified with a Limited Power Source output per IEC 60950-1 and/or classified PS1 per IEC 62368-1, rated: 5 Volts DC, maximum 3 Amp; 9 Volts DC, maximum 2 Amp; or both. Failure to use compatible charging accessories can cause fire, electric shock, injury, or damage to the device and the accessories.",https://support.google.com/googlepixelbuds/answer/12309768,1,https://support.google.com/googlepixelbuds/answer/12309768,,,and at Settings > Connected devices > Pixel Buds Pro,,
https://support.google.com/googlepixelbuds/answer/12309768,https://support.google.com/googlepixelbuds/answer/12309768,"Safety, Warranty & Regulatory Guide for Google Pixel Buds Pro",https://support.google.com/googlepixelbuds/answer/12309768,https://support.google.com/googlepixelbuds/answer/12309768,**Wireless Charging**,https://support.google.com/googlepixelbuds/answer/12309768,"You can wirelessly charge your Pixel Buds (2nd Gen) and Pixel Buds Pro charging case using a **Qi-certified charger** (sold separately by other retailers).

Qi-certified chargers have passed the safety standards tests for wireless charging set by Wireless Power Consortium (WPC). Examples of a Qi-certified charger: Pixel Stand, Belkin, and Mophie charging mats.

To know if your non-Google wireless charger is Qi Certified, look for the Qi logo. You can also refer to the user manual that came with your charger.

**Important**:

- Only Pixel Buds (2nd Gen) and Pixel Buds Pro charging cases can be charged wirelessly.
- Use only a Qi-certified wireless charger.
- Failure to use compatible charging accessories can cause fire, electric shock, injury, or damage to the device and the accessories.
- Do not place other metallic or magnetic objects between the wireless charger and your Pixel Buds Pro Case, as this could cause heating of the other object or cause your device not to charge properly. Examples of such objects include coins, jewelry, SIM tray tools and credit cards.",https://support.google.com/googlepixelbuds/answer/12309768,1,https://support.google.com/googlepixelbuds/answer/12309768,,,and at Settings > Connected devices > Pixel Buds Pro,,
https://support.google.com/googlepixelbuds/answer/12309768,https://support.google.com/googlepixelbuds/answer/12309768,"Safety, Warranty & Regulatory Guide for Google Pixel Buds Pro",https://support.google.com/googlepixelbuds/answer/12309768,https://support.google.com/googlepixelbuds/answer/12309768,**Prolonged Heat Exposure**,https://support.google.com/googlepixelbuds/answer/12309768,"The Pixel Buds Pro and its charging case generate heat during normal operation, and comply with applicable surface temperature standards and limits.  Avoid prolonged skin contact when your device is charging because exposing skin to hot surfaces for a long period of time may cause discomfort or burns. Do not sleep on or with the ear buds or cover them with a blanket or pillow while charging. Be aware of this issue if you have a physical condition that affects your ability to detect heat against your skin.",https://support.google.com/googlepixelbuds/answer/12309768,1,https://support.google.com/googlepixelbuds/answer/12309768,,,and at Settings > Connected devices > Pixel Buds Pro,,
https://support.google.com/googlepixelbuds/answer/12309768,https://support.google.com/googlepixelbuds/answer/12309768,"Safety, Warranty & Regulatory Guide for Google Pixel Buds Pro",https://support.google.com/googlepixelbuds/answer/12309768,https://support.google.com/googlepixelbuds/answer/12309768,**Child Safety**,https://support.google.com/googlepixelbuds/answer/12309768,"This device is not a toy. Your Pixel Buds Pro may contain (or may come with) small parts, plastic, glass, or metal elements, and parts with sharp edges that may cause an injury or create a choking hazard. Children have strangled on cords and cables. Keep the charging cable out of the reach of children (more than 3 feet (0.9 meters) away) and do not allow them to play with the Pixel Buds Pro and its accessories. They could hurt themselves or others, or could accidentally damage the product.",https://support.google.com/googlepixelbuds/answer/12309768,1,https://support.google.com/googlepixelbuds/answer/12309768,,,and at Settings > Connected devices > Pixel Buds Pro,,
https://support.google.com/googlepixelbuds/answer/12309768,https://support.google.com/googlepixelbuds/answer/12309768,"Safety, Warranty & Regulatory Guide for Google Pixel Buds Pro",https://support.google.com/googlepixelbuds/answer/12309768,https://support.google.com/googlepixelbuds/answer/12309768,**Hearing Loss**,https://support.google.com/googlepixelbuds/answer/12309768,"Prolonged exposure to loud sounds (including music) can cause hearing loss. To prevent possible hearing damage, avoid listening at high volume for prolonged periods of time. Continued exposure to high volumes and background noise can make loud sounds seem quieter than they actually are. Check the volume before using headphones or earphones.

![](https://storage.googleapis.com/support-kms-prod/djinU8LCgB9npXZw5tnsxjBriPGmeDqc8QOJ)",https://support.google.com/googlepixelbuds/answer/12309768,1,https://support.google.com/googlepixelbuds/answer/12309768,,,and at Settings > Connected devices > Pixel Buds Pro,,
https://support.google.com/googlepixelbuds/answer/12309768,https://support.google.com/googlepixelbuds/answer/12309768,"Safety, Warranty & Regulatory Guide for Google Pixel Buds Pro",https://support.google.com/googlepixelbuds/answer/12309768,https://support.google.com/googlepixelbuds/answer/12309768,"**Disposal, Transportation, & Recycling**",https://support.google.com/googlepixelbuds/answer/12309768,"Dispose of and transport your device, batteries and accessories according to local environmental and transportation regulations. Do not improperly transport them or dispose of them in normal household waste. Improper disposal or transport may lead to fire, explosion, and/or other hazards. Do not open, crush, heat above 113 ̊F (45 ̊C), or incinerate. For more information on recycling your device, batteries and accessories, visit .",https://support.google.com/googlepixelbuds/answer/12309768,1,https://support.google.com/googlepixelbuds/answer/12309768,,,and at Settings > Connected devices > Pixel Buds Pro,,
https://support.google.com/googlepixelbuds/answer/12309768,https://support.google.com/googlepixelbuds/answer/12309768,"Safety, Warranty & Regulatory Guide for Google Pixel Buds Pro",https://support.google.com/googlepixelbuds/answer/12309768,https://support.google.com/googlepixelbuds/answer/12309768,**Environmental Restrictions**,https://support.google.com/googlepixelbuds/answer/12309768,"To prevent damage to your Pixel Buds Pro parts or internal circuits, do not use or store the device or its accessories in dusty, smoky, damp, or dirty environments, or near magnetic fields.  Keep it away from heat sources and out of direct sunlight. Do not leave your Pixel Buds inside a vehicle or in places where the temperature may exceed 113° F (45° C), such as on a car dashboard, window sill, near a heating vent, or behind glass that is exposed to direct sunlight or strong ultraviolet light for extended periods of time. This may damage the Pixel Buds Pro, overheat the battery, or pose a risk of fire or explosion.",https://support.google.com/googlepixelbuds/answer/12309768,1,https://support.google.com/googlepixelbuds/answer/12309768,,,and at Settings > Connected devices > Pixel Buds Pro,,
https://support.google.com/googlepixelbuds/answer/12309768,https://support.google.com/googlepixelbuds/answer/12309768,"Safety, Warranty & Regulatory Guide for Google Pixel Buds Pro",https://support.google.com/googlepixelbuds/answer/12309768,https://support.google.com/googlepixelbuds/answer/12309768,**Explosive Atmospheres**,https://support.google.com/googlepixelbuds/answer/12309768,"Do not charge, use, store, or transport your Pixel Buds Pro where flammables or explosives are stored (e.g., in gas stations, fuel depots, or chemical plants). Do not use your wireless device where blasting operations are in progress, or in potentially explosive atmospheres such as fuel or chemical transfer or storage areas, and in areas where the air contains high levels of flammable chemicals, vapors, or particles (such as grain, dust, or metal powders). Sparks in such areas could cause an explosion or fire resulting in bodily injury or even death. Observe all notices and signs where these hazards might exist.",https://support.google.com/googlepixelbuds/answer/12309768,1,https://support.google.com/googlepixelbuds/answer/12309768,,,and at Settings > Connected devices > Pixel Buds Pro,,
https://support.google.com/googlepixelbuds/topic/10122601?hl=en,https://support.google.com/googlepixelbuds/topic/10122601?hl=en,Safety and Regulatory Information for Pixel Buds,https://support.google.com/googlepixelbuds/topic/10122601?hl=en,https://support.google.com/googlepixelbuds/topic/10122601?hl=en,Overview,https://support.google.com/googlepixelbuds/topic/10122601?hl=en,"# Safety and Regulatory Information for Pixel Buds

- 
- 
- 
- 
- 
- 
- 
- 
- 
- [Safety, Warranty & Regulatory Guide for Google Pixel Buds Pro 2](https://support.go",https://support.google.com/googlepixelbuds/topic/10122601?hl=en,0,https://support.google.com/googlepixelbuds/topic/10122601?hl=en,,,,,
https://support.google.com/googlepixelbuds/topic/10122601?hl=en,https://support.google.com/googlepixelbuds/topic/10122601?hl=en,Safety and Regulatory Information for Pixel Buds,https://support.google.com/googlepixelbuds/topic/10122601?hl=en,https://support.google.com/googlepixelbuds/topic/10122601?hl=en,Try these next steps:,https://support.google.com/googlepixelbuds/topic/10122601?hl=en,"11647660863241605100

true

Search Help Center

false

true

true

true

    

 [Google Pixel Buds](https://store.google.com/product/google_pixel_buds?utm_source=help_center&utm_medium=google_oo&utm_campaign=GS105480)

[Privacy Policy](https://www.google.com/intl/en/privacy.html) [Terms of Service](https://www.google.com/accounts/TOS)Submit feedback

[Safety and Regulatory Information for Pixel Buds](https://support.google.com/googlepixelbuds/topic/10122601?hl=en&ref_topic=7550589,7528632,",https://support.google.com/googlepixelbuds/topic/10122601?hl=en,0,https://support.google.com/googlepixelbuds/topic/10122601?hl=en,,,,,
https://support.google.com/googlepixelbuds/topic/7544331?hl=en,https://support.google.com/googlepixelbuds/topic/7544331?hl=en,Google Pixel Buds Help,https://support.google.com/googlepixelbuds/topic/7544331?hl=en,https://support.google.com/googlepixelbuds/topic/7544331?hl=en,Try these next steps:,https://support.google.com/googlepixelbuds/topic/7544331?hl=en,"Google apps

Main menu

12754744339831920259

true

Search Help Center

false

true

true

true

  [Google Pixel Buds](https://store.google.com/product/google_pixel_buds?utm_source=help_center&utm_medium=google_oo&utm_campaign=GS105480)

[Privacy Policy](https://www.google.com/intl/en/privacy.html) [Terms of Service](https://www.google.com/accounts/TOS)Submit feedback

true

true

5035777

Send feedback on...

This help content & informationGeneral Help Center experience

false

false

false",https://support.google.com/googlepixelbuds/topic/7544331?hl=en,0,https://support.google.com/googlepixelbuds/topic/7544331?hl=en,,,,,
https://support.google.com/googlepixelbuds/topic/7546276?hl=en,https://support.google.com/googlepixelbuds/topic/7546276?hl=en,Google Pixel Buds Help,https://support.google.com/googlepixelbuds/topic/7546276?hl=en,https://support.google.com/googlepixelbuds/topic/7546276?hl=en,Try these next steps:,https://support.google.com/googlepixelbuds/topic/7546276?hl=en,"16026854078530297555

true

Search Help Center

false

true

true

true

  [Google Pixel Buds](https://store.google.com/product/google_pixel_buds?utm_source=help_center&utm_medium=google_oo&utm_campaign=GS105480)

[Privacy Policy](https://www.google.com/intl/en/privacy.html) [Terms of Service](https://www.google.com/accounts/TOS)Submit feedback

true

true

5035777

Send feedback on...

This help content & informationGeneral Help Center experience

false

false

false

Main menu

Google apps",https://support.google.com/googlepixelbuds/topic/7546276?hl=en,0,https://support.google.com/googlepixelbuds/topic/7546276?hl=en,,,,,
https://support.google.com/googlepixelbuds/topic/7558549?hl=en,https://support.google.com/googlepixelbuds/topic/7558549?hl=en,Google Pixel Buds Help,https://support.google.com/googlepixelbuds/topic/7558549?hl=en,https://support.google.com/googlepixelbuds/topic/7558549?hl=en,Try these next steps:,https://support.google.com/googlepixelbuds/topic/7558549?hl=en,"10753006040898624871

true

Search Help Center

false

true

true

true

  [Google Pixel Buds](https://store.google.com/product/google_pixel_buds?utm_source=help_center&utm_medium=google_oo&utm_campaign=GS105480)

[Privacy Policy](https://www.google.com/intl/en/privacy.html) [Terms of Service](https://www.google.com/accounts/TOS)Submit feedback

true

true

5035777

Send feedback on...

This help content & informationGeneral Help Center experience

false

false

false

Main menu

Google apps",https://support.google.com/googlepixelbuds/topic/7558549?hl=en,0,https://support.google.com/googlepixelbuds/topic/7558549?hl=en,,,,,