video_id,title,case_number,found,case_name,decided_date,disposition,disposition_text,is_pca,per_curiam,author,panel_judges,has_dissent,dissenting_judges,has_special_concurrence,special_concurrence_judges,trial_judge,county,appellant_counsel,appellee_counsel,matched_docket_number,cl_url,cl_cluster_id,cl_opinion_id,opinion_chars,error
--wftonSWEo,24 1834,2D2024-1834,True,"MHC Cortez Village, LLC v. Cortez Road Investments and Finance, Inc., et al.,",2025-06-13,granted,Petition granted.,False,False,Black,Black; Silberman; Atkinson,False,,False,,,,,,,,,,12907,
-4HwftgCccg,21 78,2D2021-0078,True,PHILIP JACKSON VS CITY OF ST. PETERSBURG,2023-04-26,affirm,Affirmed - Per Curiam Affirmed,True,True,,Casanueva; Silberman; Lucas,False,,False,,Amy Williams,Pinellas,,,,,,,1171,
-AkeHVPzatQ,2D19 2561,2D2019-2561,True,"WESTBURY AT LAKE BRANDON INVESTMENTS, L L C, ET AL  vs CAROLYN AT WESTBURY, L L C",2021-05-12,affirm,Affirmed,True,False,,Casanueva; Villanti; Sleet,False,,False,,,," Case No. 2D19-2561 ) CAROLYN AT WESTBURY, LLC, ) a Florida limited liability company, ) ) Appellee. ) ) Opinion filed May 12, 2021. Appeal from the Circuit Court for Hillsborough County; Richard A. Nielsen, Judge. Garrett A. Tozier, Michael P. Silver and Ella A. Shenhav of Shutts & Bowen LLP, Tampa",,,,,,1464,
-EnQv-5VniU,2D19-3195,2D2019-3195,True,CARL H. ANACREON  vs STATE OF FLORIDA,2021-03-19,affirm,Affirmed,True,False,,Morris; Black; Sleet,False,,False,,,,"STRICT CARL H. ANACREON, ) ) Appellant, ) ) v. ) Case No. 2D19-3195 ) STATE OF FLORIDA, ) ) Appellee. ) ) Opinion filed March 19, 2021. Appeal pursuant to Fla. R. App. P. 9.141(b)(2) from the Circuit Court for Collier County; Ramiro Manalch, Judge. Keith W. Upson of The Upson Law Group, P.L., Naples","iled March 19, 2021. Appeal pursuant to Fla. R. App. P. 9.141(b)(2) from the Circuit Court for Collier County; Ramiro Manalch, Judge. Keith W. Upson of The Upson Law Group, P.L., Naples, for Appellant. Ashley Moody, Attorney General, Tallahassee, and Peter Koclanes, Assistant Attorney General, Tampa",,,,,1166,
-HZvrcfM2mk,25 0213,2D2025-0213,True,"Teed v. Everest Campus East, LLC, Bay Guard Pool Services",2026-04-08,reverse,Reversed and remanded.,False,False,Labrit,Labrit; Silberman; Smith,False,,False,,Anne-Leigh Gaylord Moe,Hillsborough,,"pril 8, 2026 Appeal from the Circuit Court for Hillsborough County; Anne-Leigh Gaylord Moe, Judge. Brian J. Lee and Ryan A. Carlson of Morgan & Morgan, Jacksonville, for Appellant. Donna M. Krusbe, Annmarie G. Flores, and Jaime B. Eagan of Wilson Elser Moskowitz Edelman & Dicker LLP, West Palm Beach",2D2025-0213,https://www.courtlistener.com/opinion/10839185/teed-v-everest-campus-east-llc-bay-guard-pool-services/,10839185,11306529,10491,
-Lae9mPYzUw,2D19-1713,2D2019-1713,True,"WILLIAM C. LIVELY  vs GOPAL S. GRANDHIGE,M.D., SUNCOAST SURGICAL ASSOCIATES, P. A., AND ST. JOSEPH'S HOSPITAL, INC. D/B/A ST. JOSEPH'S HOSPITAL-SOUTH",2021-03-17,reverse,Reversed and remanded with instructions.,False,False,Smith,Smith; Lucas; Rothstein-Youakim,False,,False,,,,,"nty; Rex M. Barbas, Judge. Stuart C. Markman, Kristin A. Norse, and Robert W. Ritsch of Kynes, Markman & Felman, P.A., Tampa, for Appellant. Dinah S. Stein and Aneta A. Kozub of Hicks, Porter, Ebenfeld & Stein, P.A., Miami; and Ronald H. Josepher and Edwin P. Gale of Josepher & Batteese, P.A., Tampa",,,,,11074,
-NZFbWbFiDQ,22 2358,2D2022-2358,True,"SARASOTA TENNIS CLUB HOLDINGS, LLC VS COUNTRY CLUB OF SARASOTA HOMEOWNERS ASSOCIATION, INC., ET AL.",2024-02-02,mixed,Affirmed in Part/Reversed in Part - Authored Opinion ~ ; remanded.,False,False,Lucas,Lucas; Casanueva; Labrit,False,,False,,Andrea McHugh,Sarasota,"LUB HOLDINGS, LLC, Appellant, v. COUNTRY CLUB OF SARASOTA HOMEOWNERS ASSOCIATION, INC., and MARY LOUISE GERRITSEN, Appellees. No. 2D22-2358 February 2, 2024 Appeal from the Circuit Court for Sarasota County; Andrea McHugh, Judge. Elliot B. Kula and W. Aaron Daniel of Kula and Associates, P.A., Miami","RRITSEN, Appellees. No. 2D22-2358 February 2, 2024 Appeal from the Circuit Court for Sarasota County; Andrea McHugh, Judge. Elliot B. Kula and W. Aaron Daniel of Kula and Associates, P.A., Miami, for Appellant. Elaine D. Walter and Yvette R. Lavelle of Boyd, Richards, Parker, Colonnelli, P.L., Miami",,,,,17984,
-PAQefa78tI,23 1000,2D2023-1000,True,FULLER v. STATE OF FLORIDA,2025-01-03,affirm,Affirmed,True,True,,Villanti; Lucas; Atkinson,False,,False,,Monique Scott,Hillsborough,"DISTRICT COURT OF APPEAL OF FLORIDA SECOND DISTRICT DOUGLAS DAVID FULLER, Appellant, v. STATE OF FLORIDA, Appellee. No. 2D2023-1000 January 3, 2025 Appeal from the County Court for Hillsborough County; Monique Scott, Judge. E. Michael Isaak, Tampa","D FULLER, Appellant, v. STATE OF FLORIDA, Appellee. No. 2D2023-1000 January 3, 2025 Appeal from the County Court for Hillsborough County; Monique Scott, Judge. E. Michael Isaak, Tampa, for Appellant. Ashley Moody, Attorney General, Tallahassee, and Wendy Buffington, Assistant Attorney General, Tampa",,,,,787,
-Tbh2hS0sJ8,2D21 14,,False,,,,,,,,,,,,,,,,,,,,,,
-UysHTAQFmc,2D20 2960,2D2020-2960,True,MARGARET BAKER - SCHOEN  vs KATHYRN RIEGLER,2022-01-05,affirm,Affirmed,True,False,,Villanti; Black; Atkinson,False,,False,,Keith R. Kyle,Lee,,,,,,,880,
-VeeDswHKzw,25 2518,2D2025-2518,True,A. R. v. State of Florida,2026-04-17,affirm,Affirmed,True,True,,Khouzam; Rothstein-Youakim; Smith,False,,False,,Linda H. Babb,Pasco,,"FLORIDA, Appellee. No. 2D2025-2518 April 17, 2026 Appeal from the Circuit Court for Pasco County; Linda H. Babb, Judge. J. Andrew Crawford of J. Andrew Crawford, P.A., St. Petersburg, for Appellant. James Uthmeier, Attorney General, Tallahassee, and J. Wade Stidham, Assistant Attorney General, Tampa",2D2025-2518,https://www.courtlistener.com/opinion/10844498/a-r-v-state-of-florida/,10844498,11311856,820,
-Y2jKYLmam0,24 0325,2D2024-0325,True,KARLS v. STATE OF FLORIDA,2025-05-07,reverse,Reversed and remanded.,False,True,,,False,,False,,Cathy McKyton,Pinellas,,", Appellee. No. 2D2024-0325 May 7, 2025 Appeal from the County Court for Pinellas County; Cathy McKyton, Judge. J. Andrew Crawford of J. Andrew Crawford, P.A., Saint Petersburg, for Appellant. James Uthmeier, Attorney General, Tallahassee, and Nicole Rochelle Smith, Assistant Attorney General, Tampa",,,,,6630,
-_J_M0nEj8o,2D18 2600,2D2018-2600,True,JEREMY RANEY  vs STATE OF FLORIDA,2019-08-23,affirm,Affirmed,True,False,,Northcutt; Villanti; Black,False,,False,,,,"RANEY, ) ) Appellant, ) ) v. ) Case No. 2D18-2600 ) STATE OF FLORIDA, ) ) Appellee. ) ) Opinion filed August 23, 2019 Appeal from the Circuit Court for Pinellas County; Michael F. Andrews, Judge. Howard L. Dimmig, II, Public Defender, and Stephen M. Grogoza, Special Assistant Public Defender, Bartow","019 Appeal from the Circuit Court for Pinellas County; Michael F. Andrews, Judge. Howard L. Dimmig, II, Public Defender, and Stephen M. Grogoza, Special Assistant Public Defender, Bartow, for Appellant. Ashley Moody, Attorney General, Tallahassee, and Donna S. Koch, Assistant Attorney General, Tampa",,,,,1243,
-dbHzEQ-28s,24 0814,2D2024-0814,True,"Devine, Estate of: Richard S. Devine v. Anga, M.D., Bayfront HMA Convenient Care, LLC, et al",2025-08-29,affirm,Affirmed,True,True,,Villanti; Sleet; Labrit,False,,False,,Cynthia J. Newton,Pinellas,"ard S. Devine, Appellant, v. ALTAF GULAMHUSAIN ANGA, M.D., and BAYFRONT HMA CONVENIENT CARE, LLC, Appellees. No. 2D2024-0814 August 29, 2025 Appeal from the Circuit Court for Pinellas County; Cynthia J. Newton, Judge. Ralph L. Gonzalez, C. Steven Yerrid, and Jeff Murphy of The Yerrid Law Firm, Tampa","A CONVENIENT CARE, LLC, Appellees. No. 2D2024-0814 August 29, 2025 Appeal from the Circuit Court for Pinellas County; Cynthia J. Newton, Judge. Ralph L. Gonzalez, C. Steven Yerrid, and Jeff Murphy of The Yerrid Law Firm, Tampa, for Appellant. Therese A. Savona of Cole, Scott & Kissane, P.A., Orlando",,,,,909,
-ge9U092Wa8,25 0798,2D2025-0798,True,"The Board of Trustees of the University of South Florida v. USF Financing Corporation, Into USF LP, et al",2026-05-27,affirm,Affirmed,True,True,,Black; Rothstein-Youakim; Labrit,False,,False,,,,,"Godfrey L.L.P., New York, New York; Chris W. Altenbernd and Eleanor H. Sills of Banker Lopez Gassler P.A., Tampa (withdrew after briefing); Samuel J. Salario, Jr., of Lawson Huck Gonzalez, PLLC, Tampa, (substituted as counsel of record); Bryan D. Hull and J. Carter Andersen of Bush Ross, P.A., Tampa",2D2025-0798,https://www.courtlistener.com/opinion/10864686/the-board-of-trustees-of-the-university-of-south-florida-v-usf-financing/,10864686,11332131,1615,
-guo4fbvsgo,2D20 2081,,False,,,,,,,,,,,,,,,,,,,,,,
-iC7n4auFQg,2D21 146,2D2021-0146,True,"ION CILIBIU AND GEORGETA CILIBIU  vs AMERI-PRIDE PROPERTY MANAGEMENT AND REAL ESTATE SERVICES, L L C",2022-01-14,affirm,Affirmed,True,False,,Black; Smith; Labrit,False,,False,,Linda R. Allan,Pinellas,"ILIBIU and GEORGETA CILIBIU, Appellants, v. AMERI-PRIDE PROPERTY MANAGEMENT AND REAL ESTATE SERVICES, LLC, Appellee. No. 2D21-146 January 14, 2022 Appeal from the Circuit Court for Pinellas County; Linda R. Allan, Judge. William H. Walker of Law Office of William H. Walker, Chartered, St. Petersburg","ENT AND REAL ESTATE SERVICES, LLC, Appellee. No. 2D21-146 January 14, 2022 Appeal from the Circuit Court for Pinellas County; Linda R. Allan, Judge. William H. Walker of Law Office of William H. Walker, Chartered, St. Petersburg, for Appellants. Jawdet I. Rubaii of Jawdet I. Rubaii, P.A., Clearwater",,,,,858,
-j26rOlD3F8,2D18-1781,,False,,,,,,,,,,,,,,,,,,,,,,
-loa1tvBa08,2D20 3006,2D2020-3006,True,SUZANNE L. CENTRELLA  vs THE BANK OF NEW YORK MELLON,2022-04-08,mixed,Affirmed in Part/Reversed in Part ; remanded for further proceedings.,False,False,Casanueva,Casanueva; Kelly; Stargel,False,,False,,Hugh D. Hayes,Collier,,"ies 2007-15, Appellee. No. 2D20-3006 April 8, 2022 Appeal from the Circuit Court for Collier County; Hugh D. Hayes, Judge. Thomas Erskine Ice of Ice Appellate, Lake Worth; and Amanda L. Lundergan of Lundergan Legal, LLC, Royal Palm Beach, for Appellant. Michael Ruff of Padgett Law Group, Tallahassee",,,,,14591,
-luocrFUyuQ,2D20-0002,2D2020-0002,True,"ABELARD FILS - AIME  vs U-PULL AND SAVE, L L C",2021-03-17,affirm,Affirmed,True,False,,Morris; Black; Sleet,False,,False,,,,"AL OF FLORIDA SECOND DISTRICT ABELARD FILS-AIME, ) ) Appellant, ) ) v. ) Case No. 2D20-2 ) U-PULL AND SAVE, LLC, ) ) Appellee. ) ) Opinion filed March 17, 2021. Appeal from the Circuit Court for Lee County; Joseph C. Fuller, Judge. Alexander Brockmeyer of Boyle, Leonard & Anderson, P.A., Fort Meyers",,,,,,1181,
-ooy7DBShXs,24 2755,2D2024-2755,True,"Hartford Insurance of the Southeast, Finish Line Builders v. Structure SBL, Inc., Les Enterprises Pricision, Inc.",2026-06-12,affirm,Affirmed,True,True,,Silberman; Atkinson; Guard,False,,False,,Lindsay Alvarez,Hillsborough,,"v. STRUCTURE SBL, INC., and LES ENTERPRISES PRICISION, INC., Appellees. No. 2D2024-2755 June 12, 2026 Appeal from the Circuit Court for Hillsborough County; Lindsay Alvarez, Judge. Mihaela Cabulea of Butler Weihmuller Katz Craig LLP, Tampa, for Appellant. Ronald Isriel of Isriel Ponzoli, P.A., Miami",2D2024-2755,https://www.courtlistener.com/opinion/10874175/hartford-insurance-of-the-southeast-finish-line-builders-v-structure-sbl/,10874175,11341648,845,
-pPpgTV5tI0,2D21 558,2D2021-0558,True,I. T.  vs IN THE INTEREST OF:  K. P. L.,2022-02-11,reverse,Reversed and remanded.,False,False,Black,Black,False,,False,,,,"RICT In the Interest of K.P.L., a child. I.T., Appellant, v. P.G.U., Appellee. No. 2D21-558 February 11, 2022 Appeal pursuant to Fla. R. App. P. 9.130 from the Circuit Court for Lee County; Amy Hawthorne, Judge. Blair J. Deminico and Andrew J. Banyai of Lee County Legal Aid Society, Inc., Fort Myers",", a child. I.T., Appellant, v. P.G.U., Appellee. No. 2D21-558 February 11, 2022 Appeal pursuant to Fla. R. App. P. 9.130 from the Circuit Court for Lee County; Amy Hawthorne, Judge. Blair J. Deminico and Andrew J. Banyai of Lee County Legal Aid Society, Inc., Fort Myers, for Appellant. No appearance",,,,,11785,
-qM_mtfzuuU,24 1335,2D2024-1335,True,"Fried, Fried v. Albakri, M. D., Florida Neurovascular Institute, P. A.",2025-09-24,affirm,Affirmed,True,True,,Silberman; Morris; Sleet,False,,False,,Paul L. Huey,Hillsborough,"025 Appeal from the Circuit Court for Hillsborough County; Paul L. Huey, Judge. Nicholas P. McNamara and Bryan S. Gowdy of Creed & Gowdy, P.A., Jacksonville; Jennifer Gentry Fernandez and Frank F. Fernandez, III of The Fernandez Firm, Tampa; and Andrew L. Ellenberg of Needle & Ellenberg, P.A., Miami","m, Tampa; and Andrew L. Ellenberg of Needle & Ellenberg, P.A., Miami, for Appellant. Dinah S. Stein and Philip M. Berberian of Hicks, Porter, Ebenfeld & Stein, P.A., Miami; and Mark E. McLaughlin, Damien M. Hoffman, and Julia L. Dulko of Beytin, McLaughlin, McLaughlin, O'Hara & Bocchino, P.A., Tampa",2D2024-1335,https://www.courtlistener.com/opinion/10751642/fried-fried-v-albakri-m-d-florida-neurovascular-institute-p-a/,10751642,11218227,1263,
-qQj5Q9WxuU,24 0503 & 0519,2D2024-0503,True,"Verdeja-Perez, M.D., Baycare Medical Group, Inc. v. Acevedo-Duncan, Duncan",2024-10-16,other,Citation- Denied,True,False,,,False,,False,,,,,,,,,,1010,
-ryaPaG_k5Q,2D19-3364,,False,,,,,,,,,,,,,,,,,,,,,,
-wHzOuVvlFw,2D20 3107,2D2020-3107,True,"U. S. BANK ASSOCIATION, AS TRUSTEE, ET AL  vs PAUL JALLO, ET AL",2021-11-19,affirm,Affirmed,True,False,,,False,,False,,Linda R. Allan,Pinellas,"RAL TITLE INSURANCE COMPANY; LINCO TITLE, INC.; and SYNOVUS BANK, formerly known as SYNOVUS BANK OF TAMPA BAY, Appellees. No. 2D20-3107 November 19, 2021 Appeal from the Circuit Court for Pinellas County; Linda R. Allan, Judge. Benjamin B. Brown and Julia M. Wischmeier of Quarles & Brady LLP, Naples","BAY, Appellees. No. 2D20-3107 November 19, 2021 Appeal from the Circuit Court for Pinellas County; Linda R. Allan, Judge. Benjamin B. Brown and Julia M. Wischmeier of Quarles & Brady LLP, Naples, for Appellant. John E. Johnson and Nicole Deese Newlon of Johnson, Cassidy, Newlon & DeCort, P.A., Tampa",,,,,1631,
-xLpShskb8I,2D22 269,2D2022-0269,True,"THE CITY OF NORTH PORT, FLORIDA  vs WEST VILLAGERS FOR RESPONSIBLE GOVERNMENT, INC., AND JOHN MEISEL",2022-10-07,denied,Denied,False,False,Khouzam,Khouzam; Morris; Black,False,,False,,,,,,,,,,2606,
-y9H6or0qDQ,25 0115,2D2025-0115,True,Hillsborough County v. Giambrone,2026-07-29,reverse,Reversed; remanded with instructions.,False,False,Labrit,Labrit,False,,False,,Melissa M. Polo,Hillsborough,,"DISTRICT HILLSBOROUGH COUNTY, Appellant, v. ANGELO GIAMBRONE, Appellee. No. 2D2025-0115 July 29, 2026 Appeal from the Circuit Court for Hillsborough County; Melissa M. Polo, Judge. Stephen M. Todd, Senior Assistant County Attorney, Tampa, for Appellant. Michael C. Minardi of Minardi Law, PLLC, Tampa",,,,,76915,
-ycvU1g7SoY,22 1397,2D2022-1397,True,"JOSEPH MARCANTONIO VS RAOUF GUIRGUIS, EBTESSAM H. JUAKIEM",2023-10-11,affirm,Affirmed - Per Curiam Affirmed,True,True,,,False,,False,,Paul L. Huey,Hillsborough,"rom the Circuit Court for Hillsborough County; Paul L. Huey, Judge. David M. Caldevilla of de la Parte, Gilbert, McNamara & Caldevilla, P.A., Tampa; J. Daniel Clark, Clark & Martino, P.A., Tampa; and Christopher P. Calkin and Mike N. Koulianos of the Law Offices of Christopher P. Calkin, P.A., Tampa","t, McNamara & Caldevilla, P.A., Tampa; J. Daniel Clark, Clark & Martino, P.A., Tampa; and Christopher P. Calkin and Mike N. Koulianos of the Law Offices of Christopher P. Calkin, P.A., Tampa, for Appellant. John P. Joy and Sara Sandler Cromer of Walton Lantaff Schroeder & Carson LLP, Fort Lauderdale",,,,,995,
00qSLbWMpQI,22 85,2D2022-0085,True,SIMON APRAHAMIAN AND OUSANNA APRAHAMIAN VS CITIZENS PROPERTY INSURANCE CORPORATION,2024-02-16,affirm,Affirmed - Per Curiam Affirmed,True,True,,,False,,False,,Thomas Ramsberger,Pinellas,"HAMIAN and OUSANNA APRAHAMIAN, Appellants, v. CITIZENS PROPERTY INSURANCE CORPORATION, Appellee. No. 2D22-85 February 16, 2024 Appeal from the Circuit Court for Pinellas County; Thomas Ramsberger, Judge. D. Scott Boggs, Amy D. Boggs, and Benjamin L. Berkowitz of Boggs Law Group, P.A., St. Petersburg"," 2D22-85 February 16, 2024 Appeal from the Circuit Court for Pinellas County; Thomas Ramsberger, Judge. D. Scott Boggs, Amy D. Boggs, and Benjamin L. Berkowitz of Boggs Law Group, P.A., St. Petersburg for Appellants. Carlton Bober and Bernadette Guerra of Vernis & Bowling of Broward, P.A., Hollywood",,,,,851,
01w2ODYd25o,23 248,2D2023-0248,True,"CITY OF SARASOTA, OFFICER JUAN JAIMES, et al v. ESTATE OF JOHN KAAFI, SOUCY",2024-08-14,affirm,Affirmed,False,True,,,False,,False,,,,,"gust 14, 2024 Appeal pursuant to Fla. R. App. P. 9.130 from the Circuit Court for Sarasota County; Stephen Walker, Judge. Bradley S. Bell and Philip A. Beach of Bell Law Group, P.A., Tampa, for Appellants. Anthony J. Manganiello, III, of Icard, Merrill, Cullis, Timm, Furen & Ginsburg, P.A., Sarasota",,,,,9497,
02vo9Z0RBhc,25 0645,2D2025-0645,True,"Hurst, Estate of Howard Mathews v. Bell",2026-07-29,affirm,Affirmed,False,False,Labrit,Labrit; Black; Rothstein-Youakim,False,,False,,Edward Nicholas,Manatee,,"No. 2D2025-0645 July 29, 2026 Appeal from the Circuit Court for Manatee County; Edward Nicholas, Judge. Brent Steinberg and Brenna Spinner of Swope, Rodante, P.A., Tampa, for Appellant. Carlos Gomez, Jordan Thompson, and Megan Alexander of Young, Bill, Palmer, Duke, Thompson & Alexander, P.A., Tampa",2D2025-0645,https://www.courtlistener.com/opinion/10936075/hurst-estate-of-howard-mathews-v-bell/,10936075,11403649,16938,
03mgXL1crXI,22 2606,2D2022-2606,True,"RYAN GOLINSKI, GOLINSKI TAX ADVISORS, LLC, AND GOLINSKI TAX PREP, LLC, VS FLORIDA TAX ADVISORS, LLC",2023-11-03,affirm,Affirmed - Per Curiam Affirmed,True,True,,Morris; Lucas; Smith,False,,False,,Thomas M. Ramsberger,Pinellas,"NDREW MONGELLUZZI; and CLEARWATER BUSINESS LAW, LLC, Appellants, v. FLORIDA TAX ADVISORS, LLC, Appellee. No. 2D22-2606 November 3, 2023 Appeal from the Circuit Court for Pinellas County; Thomas M. Ramsberger, Judge. Sean M. Wagner and Andrew J. Mongelluzzi of Clearwater Business Law, LLC, Clearwater","m the Circuit Court for Pinellas County; Thomas M. Ramsberger, Judge. Sean M. Wagner and Andrew J. Mongelluzzi of Clearwater Business Law, LLC, Clearwater, for Appellants. Bradley A. Muhs, Marie Tomassi, and Shirin Vesely of Trenam, Kemker, Scharf, Barkin, Frye, O'Neil & Mullis, P.A., St. Petersburg",,,,,1057,
05JDV731yEg,2D20 3711,2D2020-3711,True,"MICHAEL SULLIVAN AND DAWN SULLIVAN, AS GUARDIANS OF G. S. vs FIRST BAPTIST CHURCH OF PLANT CITY, FLORIDA, INC., ET AL.,",2022-02-11,affirm,Affirmed,True,False,,,False,,False,,Gregory P. Holder,Hillsborough,"minor; and DAWN SULLIVAN, individually, Appellants, v. FIRST BAPTIST CHURCH OF PLANT CITY, INC.; and CAROL BASSETT, individually, Appellees. No. 2D20-3711 February 11, 2022 Appeal from the Circuit Court for Hillsborough County; Gregory P. Holder, Judge. K. Mitch Espat of Espat & Johnson, P.A., Tampa","LANT CITY, INC.; and CAROL BASSETT, individually, Appellees. No. 2D20-3711 February 11, 2022 Appeal from the Circuit Court for Hillsborough County; Gregory P. Holder, Judge. K. Mitch Espat of Espat & Johnson, P.A., Tampa, for Appellants. Hinda Klein and Samuel B. Spinner of Conroy Simberg, Hollywood",,,,,1150,
0BgY3aUyC4o,23 819,2D2023-0819,True,"SAM SHRIVASTAVA, VENN THERAPEUTICS, LLC AND VS CAC PHARMA INVESTMENTS LLC, AND",2024-03-06,reverse,Reversed - Authored Opinion ~ and remanded.,False,False,Casanueva,Casanueva; Lucas; Labrit,False,,False,,,,"MENTS, LLC, and C&J HEALTHCARE INVESTMENTS, LLC, Appellees. Nos. 2D23-819, 2D23-821 CONSOLIDATED March 6, 2024 Appeal pursuant to Fla. R. App. P. 9.130 from the Circuit Court for Hillsborough County; Rex Martin Barbas, Judge. Steven L. Brannock and Sarah B. Roberge of Brannock Berman & Seider, Tampa",,,,,,26461,
0C1wsY_a48I,2D20 3251,2D2020-3251,True,"SUPERIOR AUTO GLASS OF TAMPA BAY, INC., AS ASSIGNEE OF DAVID GILBO AND RONALD ROBBINS vs GOVERNMENT EMPLOYEES INSURANCE COMPANY",2021-12-08,granted,Granted Petition granted in part and denied in part; order quashed in part; remanded.,False,False,Atkinson,Atkinson; Villanti; Kelly,True,,False,,,,,,,,,,3664,
0IWqGZ73SLk,2D20 2493,2D2020-2493,True,"VINCENT LABIT  vs ASHBRITT ENVIRONMENTAL SERVICES, INC., ET AL",2021-06-09,affirm,Affirmed,True,False,,Morris; Lucas; Atkinson,False,,False,,Elizabeth V. Krier,Collier,,"-EMPLOYEE JOHN DOE (""MERLE""), Appellee. No. 2D20-2493 June 9, 2021 Appeal from the Circuit Court for Collier County; Elizabeth V. Krier, Judge. Ryan M. Barnett of Whibbs Stone Barnett, P.A., Pensacola, for Appellant. Michael J. Henry and Gary A. Shipman of Dunlap & Shipman, P.A., of Santa Rosa Beach",,,,,1062,
0R6p9XfURgA,22 1642,2D2022-1642,True,PINELLAS SUNCOAST TRANSIT AUTHORITY VS STEPHANIE WARD,2023-11-08,affirm,Affirmed - Per Curiam Affirmed,True,True,,Villanti; Black; Smith,False,,False,,David A. Demers and Thomas Ramsberger,Pinellas,"SECOND DISTRICT PINELLAS SUNCOAST TRANSIT AUTHORITY, Appellant, v. STEPHANIE WARD, Appellee. No. 2D22-1642 November 8, 2023 Appeal from the Circuit Court for Pinellas County; David A. Demers and Thomas Ramsberger, Judges. Jeffrey D. Jensen and T. R. Unice, Jr., of Unice Salzman Jensen, P.A., Trinity",", 2023 Appeal from the Circuit Court for Pinellas County; David A. Demers and Thomas Ramsberger, Judges. Jeffrey D. Jensen and T. R. Unice, Jr., of Unice Salzman Jensen, P.A., Trinity for Appellant. Megan Cummings of The Nurse Lawyer, P.A., Palm Harbor, and Kathryn E. Lee of Kathryn Lee, PLLC, Tampa",,,,,863,
0ayXWRSvOFg,2D19-2847,2D2019-2847,True,"GGH 11, LLC  vs CHEVAL GOLF CLUB, LLC AND CHEVAL PROPERTY OWNERS' ASSOCIATION, INC.",2020-09-16,affirm,Affirmed,True,False,,Northcutt; Black; Smith,False,,False,,,,"Florida limited liability ) company, CHEVAL GOLF AND ) ATHLETIC CLUB, LLC, a Florida limited ) liability company, ) ) Appellees. ) ________________________________ ) Opinion filed September 16, 2020. Appeal from the Circuit Court for Hillsborough County; Emily A. Peacock, Judge. Deborah Marks, Miami","s. ) ________________________________ ) Opinion filed September 16, 2020. Appeal from the Circuit Court for Hillsborough County; Emily A. Peacock, Judge. Deborah Marks, Miami, for Appellant. Samual A. Miller and Sara A. Brubaker of Akerman LLP, Orlando, and Marilyn Mullen Healy of Akerman LLP, Tampa",,,,,1559,
0fNXShCynXs,2D21 3415,2D2021-3415,True,"ROBERT TORNELLO  vs RICHARD F. LAROCHE, JR., LAROCHE FAMILY TRUST, DARTDORE HOLDINGS, LLC, EDWARD G. CHILES, FOUR BOYS HOLDINGS CO., LLC, ET AL",2022-12-02,affirm,Affirmed,True,False,,Villanti; Lucas; Rothstein-Youkim,False,,False,,Christopher C. Nash,Hillsborough,"ember 2, 2022 Appeal from the Circuit Court for Hillsborough County; Christopher C. Nash, Judge. Kent G. Whittemore and Erin Whittemore Lohmiller of The Whittemore Law Group, St. Petersburg; and Steven L. Brannock and Torri D. Macarages (withdrew after briefing) of Brannock Humphries & Berman, Tampa",". Kent G. Whittemore and Erin Whittemore Lohmiller of The Whittemore Law Group, St. Petersburg; and Steven L. Brannock and Torri D. Macarages (withdrew after briefing) of Brannock Humphries & Berman, Tampa, for Appellant. Joshua C. Webb and Fred C. Marshall, II of Hill, Ward & Henderson, P.A., Tampa",,,,,1106,
0g91xGsSd10,2D20-159,2D2020-0159,True,"JAMES  CELESTINE BICKETT,JR., PAUL BICKETT, PATRICIA JOSEPHINE BICKETT AND DAVID GREGORY BICKETT vs MARGARET ANN BICKETT CECIL, ET AL",2021-05-21,affirm,Affirmed,True,False,,Silberman; Atkinson; Smith,False,,False,,,,,"la. R. App. P. 9.130 from the Circuit Court for DeSoto County; Deno G. Economou, Judge. Angel A. Cortiñas and William J. Schifino, Jr., of Gunster, Tampa, for Appellants. Robert W. Goldman of Goldman Felcoski & Stone, P.A., Naples; and Bert J. Harris, III, of Swaine, Harris & Wohl, P.A., Lake Placid",,,,,1863,
0gq_E6iif6Q,2D21 802,2D2021-0802,True,TARRA WILLIAMS  vs CHAD JOSEPH FERNANDEZ AND CHRISTOPHER JOSEPH FERNANDEZ,2022-03-04,reverse,Reversed and remanded.,False,False,Casanueva,Casanueva; Khouzam; Lucas,False,,False,,,,"ER JOSEPH FERNANDEZ, Appellees. No. 2D21-802 March 4, 2022 Appeal pursuant to Fla. R. App. P. 9.130 from the Circuit Court for Pinellas County; Cynthia J. Newton, Judge. Kevin M. Cooper of Justin C. Johnson & Associates, P.A.; and Brandon S. Vesely of The Florida Appellate Firm, P.A., St. Petersburg","s County; Cynthia J. Newton, Judge. Kevin M. Cooper of Justin C. Johnson & Associates, P.A.; and Brandon S. Vesely of The Florida Appellate Firm, P.A., St. Petersburg, for Appellant. Elizabeth C. Wheeler of Elizabeth C. Wheeler, P.A., Orlando, for Appellee Christopher Joseph Fernandez. No appearance",,,,,14831,
0hIq2ZszqEg,22 1454,2D2022-1454,True,"MC MANUS PTY, LTD. VS JAMES CHEATHAM, ET AL.",2023-04-21,affirm,Affirmed - Per Curiam Affirmed,True,True,,Northcutt; Khouzam; Rothstein-Youaiim,False,,False,,Tesche Arkin,Hillsborough,". JAMES CHEATHAM; LIONSHARE GROUP OF SOUTH FLORIDA, INC., a corporation; PNC BANK, N.A., and INCOGNITUS, LLC, a limited liability company, Appellees. No. 2D22-1454 April 21, 2023 Appeal from the Circuit Court for Hillsborough County; Tesche Arkin, Judge. Michael Gonzalez of Gonzalez Law Group, Tampa","D22-1454 April 21, 2023 Appeal from the Circuit Court for Hillsborough County; Tesche Arkin, Judge. Michael Gonzalez of Gonzalez Law Group, Tampa, for Appellant. Mark Auerbacher and Sandra Ramirez Loe of Buchanan Ingersoll & Rooney PC, Miami, and Chance Lyman of Buchanan Ingersoll & Rooney PC, Tampa",,,,,1033,
0jN22Vyqzi4,2D20-1188,2D2020-1188,True,"SABER REAL ESTATE SOUTH AQUISITIONS, LLC  vs ALAGOLD COMMUNITIES, LLC AND BONITA FAIRWAYS COMMUNITY ASSOCIATION, INC.",2020-11-18,affirm,Affirmed,True,False,,Silberman; Morris; Lucas,False,,False,,,," ) Case No. 2D20-1188 ) ALAGOLD COMMUNITIES, LLC and ) BONITA FAIRWAYS COMMUNITY ) ASSOCATION, INC., ) ) Appellees. ) ) Opinion filed November 18, 2020. Appeal from the Circuit Court for Lee County; Keith R. Kyle, Judge. Richard H. Bergman and Harrison T. Bergman of Bergman & Jacobs, P.A., Hollywood","IRWAYS COMMUNITY ) ASSOCATION, INC., ) ) Appellees. ) ) Opinion filed November 18, 2020. Appeal from the Circuit Court for Lee County; Keith R. Kyle, Judge. Richard H. Bergman and Harrison T. Bergman of Bergman & Jacobs, P.A., Hollywood, for Appellant. Robert G. Menzies of FisherBroyles, LLP, Naples",,,,,1342,
0mZTE5wX9Jc,2D20-1799,,False,,,,,,,,,,,,,,,,,,,,,,
0qti9FmFwVU,2D19-4722,2D2019-4722,True,"LEE MEMORIAL HEALTH SYSTEM  vs CHASE HILDERBRAND, ET AL",2020-09-25,reverse,Reversed and remanded.,False,False,Silberman,Silberman; Villanti; Sleet,False,,False,,,,"______________________________) Opinion filed September 25, 2020. Appeal pursuant to Fla. R. App. P. 9.130 from the Circuit Court for Lee County; Alane C. Laboda, Judge. Hala Sandridge of Buchanan Ingersoll & Rooney, PC, Tampa; and Elinor Baxter of The Law Office of Elinor Baxter, P.L.L.C., Sarasota","County; Alane C. Laboda, Judge. Hala Sandridge of Buchanan Ingersoll & Rooney, PC, Tampa; and Elinor Baxter of The Law Office of Elinor Baxter, P.L.L.C., Sarasota, for Appellant. Joshua D. Ferraro of Lesser, Lesser, Landy & Smith, West Palm Beach; and Maria Alaimo of Viles & Beckman, LLC, Fort Myers",,,,,12410,
0spk2Lz1skw,24 0379,,False,,,,,,,,,,,,,,,,,,,,,,
0zVcZHCeHk0,2D19-1068,2D2019-1068,True,"WRIGHT INSURANCE AGENCY, INC. AND ANTHONY WRIGHT  vs NATIONWIDE MUTUAL FIRE INSURANCE COMPANY",2021-08-11,reverse,Reversed and remanded.,False,False,Kelly,Kelly; Casanueva; Black,False,,False,,Patricia A. Muscarella,Pinellas," FLORIDA SECOND DISTRICT WRIGHT INSURANCE AGENCY, INC. AND ANTHONY WRIGHT, Appellants, v. NATIONWIDE MUTUAL FIRE INSURANCE COMPANY, Appellee. No. 2D19-1068 August 11, 2021 Appeal from the Circuit Court for Pinellas County; Patricia A. Muscarella, Judge Jason Mulholland of Mulholland Law, P.A., Tampa","NY WRIGHT, Appellants, v. NATIONWIDE MUTUAL FIRE INSURANCE COMPANY, Appellee. No. 2D19-1068 August 11, 2021 Appeal from the Circuit Court for Pinellas County; Patricia A. Muscarella, Judge Jason Mulholland of Mulholland Law, P.A., Tampa, for Appellants. Lee W. Marcus of Marcus & Myers, P.A., Orlando",,,,,12969,
13UepGnXZbM,22 3628,2D2022-3628,True,"CHESTERTON CAPITAL, LLC VS CHARLES YANCY, ET AL.",2024-01-19,reverse,Reversed - Per Curiam Opinion ~ and remanded.,False,True,,Morris; Lucas; Smith,False,,False,,Paul L. Huey,Hillsborough,"DA YANCY KIDSLEY; AMERICAN FAMILY PROPERTIES, LLC; AFP9723, LLC; JOHN WALSH; and JOHN WALSH, III, Appellees. No. 2D22-3628 January 19, 2024 Appeal from the Circuit Court for Hillsborough County; Paul L. Huey, Judge. Ryan Fojo, Gabrielle Wright, Peter Ticktin of The Ticktin Law Group, Deerfield Beach",,,,,,3358,
14rYBVKTopk,22 2590,2D2022-2590,True,STATE FARM FLORIDA INSURANCE COMPANY VS ANNA GANT AND ISAAC GANT,2023-09-13,affirm,Affirmed - Per Curiam Affirmed,True,True,,Black; Atkinson; Smith,False,,False,,Rex M. Barbas,Hillsborough," DISTRICT STATE FARM FLORIDA INSURANCE COMPANY, Appellant, v. ANNA GANT and ISAAC GANT, Appellees. No. 2D22-2590 September 13, 2023 Appeal from the Circuit Court for Hillsborough County; Rex M. Barbas, Judge. C. Ryan Jones and Scot E. Samis of Traub Lieberman Straus & Shrewsberry LLP, St. Petersburg","NT and ISAAC GANT, Appellees. No. 2D22-2590 September 13, 2023 Appeal from the Circuit Court for Hillsborough County; Rex M. Barbas, Judge. C. Ryan Jones and Scot E. Samis of Traub Lieberman Straus & Shrewsberry LLP, St. Petersburg, for Appellant. Mark A. Nation of The Nation Law Firm, LLP, Longwood",,,,,812,
16r7xLndnUM,2D20-988,2D2020-0988,True,"A. G., C/ O MARILU SANCHEZ  vs SIMPLY HEALTHCARE PLANS, INC.",2020-12-11,affirm,Affirmed,True,False,,Silberman; Sleet; Rothstein-Youakim,False,,False,,,," ) v. ) Case No. 2D20-988 ) SIMPLY HEALTHCARE PLANS, INC., ) ) Appellee. ) ) Opinion filed December 11, 2020. Appeal from the Agency for Health Care Administration. Maria T. Santi of Health and Medicine Law Firm, Coconut Grove; and Morgan L. Weinstein of Twig, Trade & Tribunal, PLLC, Fort Lauderdale"," Appellee. ) ) Opinion filed December 11, 2020. Appeal from the Agency for Health Care Administration. Maria T. Santi of Health and Medicine Law Firm, Coconut Grove; and Morgan L. Weinstein of Twig, Trade & Tribunal, PLLC, Fort Lauderdale, for Appellant. Craig H. Smith of Hogan Lovells US LLP, Miami",,,,,1315,
19HxOfOAVZU,22 2709,2D2022-2709,True,"GLENN RENWICK AND DEBORAH RENWICK VS MURRAY HOMES LLC, ET AL",2023-09-01,affirm,Affirmed - Per Curiam Affirmed,True,True,,,False,,False,,Stephen M. Walker,Sarasota," DEBORAH RENWICK, Appellants, v. MURRAY HOME LLC d/b/a Murray Homes, and STEPHEN J. MURRAY, Appellees. No. 2D22-2709 September 1, 2023 Appeal from the Circuit Court for Sarasota County; Stephen M. Walker, Judge. Joseph M. Herbert of Norton, Hammersley, Lopez, & Skokos, P.A., for Appellants. Sarasota","peal from the Circuit Court for Sarasota County; Stephen M. Walker, Judge. Joseph M. Herbert of Norton, Hammersley, Lopez, & Skokos, P.A., for Appellants. Sarasota, for Appellants. Martin Garcia and Josh R. Dell of GarciaDell P.A., Sarasota, and Michael A. France of France Litigation Group, Sarasota",,,,,921,
1AVIPVI-1IU,2D20 2704,2D2020-2704,True,"ADVANTA IRA SERVICES, LLC  vs FTE PROPERTIES, LLC, AND WORLDWIDE TRUSTEE SERVICES, LLC",2021-09-10,reverse,Reversed and remanded.,False,False,,Lucas; Atkinson,False,,False,,Paul L. Huey,Hillsborough,"ND DISTRICT ADVANTA IRA SERVICES, LLC, Appellant, v. FTE PROPERTIES, LLC, and WORLDWIDE TRUSTEE SERVICES, LLC, Appellees. No. 2D20-2704 September 10, 2021 Appeal from the Circuit Court for Hillsborough County; Paul L. Huey, Judge. Felix G. Montanez of The Law Office of Felix G. Montanez, P.A., Tampa","LLC, and WORLDWIDE TRUSTEE SERVICES, LLC, Appellees. No. 2D20-2704 September 10, 2021 Appeal from the Circuit Court for Hillsborough County; Paul L. Huey, Judge. Felix G. Montanez of The Law Office of Felix G. Montanez, P.A., Tampa, for Appellant. Erin P. Newell of Denali Law Group, P.A., Fort Myers",,,,,9524,
1H3faIEbmnc,23 0688,,False,,,,,,,,,,,,,,,,,,,,,,
1H_2Kc06OQ8,23 1872,2D2023-1872,True,"GARISTO, ESTATE OF CHRIS WOODROW RAINES v. STALLEY, PERSONAL REPRESENTATIVE, ESTATE OF DAVID WAYNE BAILEY",2024-10-16,denied,Denied,True,False,,Villanti; Black; Atkinson,False,,False,,,,,,,,,,965,
1HjdUSoKg1A,2D20-2113,,False,,,,,,,,,,,,,,,,,,,,,,
1ICtb6Pss-0,22 4232,2D2022-4232,True,"GEICO INDEMNITY INSURANCE COMPANY v. SHAZAM AUTO GLASS, LLC, A/A/O GABRIELLA MERCADO",2024-08-21,affirm,Affirmed,False,True,,,False,,False,,Michael C. Bagge-Hernandez,Hillsborough,,"udge. Michael C. Clarke and Joye B. Walford of Kubicki Draper, P.A., Tampa, for Appellant/Cross-Appellee. David M. Caldevilla of de la Parte, Gilbert, McNamara & Caldevilla, P.A., Tampa; and Keith P. Ligori, Meaghann Ligori, Thomas McFadyen, and Torrey Clifford Taylor of Ligori & Ligori, P.A., Tampa",,,,,10435,
1OTMYOnp2tY,2D21 3214,2D2021-3214,True,"RYAN HAYES  vs CISCON, LLC D/ B/ A ACE RENT A CAR",2022-12-02,affirm,Affirmed,True,False,,Villanti; Lucas; Rothstein-Youkim,False,,False,,Emily Peacock,Hillsborough,,"SECOND DISTRICT RYAN HAYES, Appellant, v. CISCON, LLC d/b/a ACE RENT A CAR, Appellee. No. 2D21-3214 December 2, 2022 Appeal from the Circuit Court for Hillsborough County; Emily Peacock, Judge. Ryan Hayes, pro se. Robert J. Grace, Jr. and Gerard P. Duignan of Bleakley Bavol Denman Grace, P.A., Tampa",,,,,734,
1OqOugYiW_E,22 4080,2D2022-4080,True,"RONALD MCGEE, AS PERSONAL REPRESENTATIVE OF THE ESTATE OF KWON MCGEE VS ECKERD YOUTH ALTERNATIVES, INC., D/B/A ECKERD CONNECTS ALSO D/B/A ECKERD KIDS",2024-02-07,affirm,Affirmed - Per Curiam Affirmed,True,True,,Silberman; Villanti; Labrit,False,,False,,Susan G. Barthle,Pasco,"YOUTH ALTERNATIVES, INC., d/b/a ECKERD CONNECTS also d/b/a ECKERD KIDS; and LUTHERAN SERVICES FLORIDA, INC., Appellees. No. 2D22-4080 February 7, 2024 Appeal from the Circuit Court for Pasco County; Susan G. Barthle, Judge. Gregory K. Showers of the Law Office of Gregory K. Showers, PLLC, Clearwater","lees. No. 2D22-4080 February 7, 2024 Appeal from the Circuit Court for Pasco County; Susan G. Barthle, Judge. Gregory K. Showers of the Law Office of Gregory K. Showers, PLLC, Clearwater, for Appellant. Jason M. Azzarone, Jeffrey M. Goodis and Patrick D. Wier of LaCava Jacobson & Goodis, P.A., Tampa",,,,,1153,
1QEt51o_sOM,2D20-488,2D2020-0488,True,CHRISTOPHER MCCUBBIN  vs JAMIE M. GOSS,2021-02-24,affirm,Affirmed,True,False,,Khouzam; Smith; Stargel,False,,False,,,,". ) Case No. 2D20-488 ) JAMIE M. GOSS f/k/a JAMIE M. ) McCUBBIN, ) ) Appellee. ) ___________________________________) Opinion filed February 24, 2021. Appeal from the Circuit Court for Collier County; Scott Cupp, Judge. Toni S. Boettcher and Jason Wentworth Fraser of Family First Legal Group, Naples","_________________) Opinion filed February 24, 2021. Appeal from the Circuit Court for Collier County; Scott Cupp, Judge. Toni S. Boettcher and Jason Wentworth Fraser of Family First Legal Group, Naples, for Appellant. Christopher D. Donovan and Benjamin Joseph Bogos of Roetzel & Andress, LPA, Naples",,,,,1156,
1SO0VvwSZFA,2D19-4489,,False,,,,,,,,,,,,,,,,,,,,,,
1T-FrdQ1uCg,2D21 3886,2D2021-3886,True,"CLERK OF THE CIRCUIT COURT AND COMPTROLLER OF COLLIER COUNTY  vs YOELVIS DENIS HERNANDEZ, PALMETTO SURETY CORPORATION AND LIBERTY BAIL BONDS, INC.",2022-08-19,reverse,Reversed,False,False,Silberman,Silberman; Casanueva; Smith,False,,False,,Joseph G. Foster,Collier,,"and LIBERTY BAIL BONDS, INC., Appellees. No. 2D21-3886 August 19, 2022 Appeal from the Circuit Court for Collier County; Joseph G. Foster, Judge. Thomas W. Franchino of Thomas W. Franchino, P.A., Naples, for Appellant. Philip L. Reizenstein and Bhakti Kadiwar of Reizenstein & Associates, P.A., Miami",,,,,11102,
1TSipumn1hg,24 2203,2D2024-2203,True,Furst v. Brown,2025-10-15,affirm,Affirmed,True,True,,Villanti; Khouzam; Black,False,,False,,Hunter W. Carroll,Sarasota,,"rom the Circuit Court for Sarasota County; Hunter W. Carroll, Judge. Anthony Manganiello, III, Jason A. Lessinger, and J. Geoffrey Pflugner of Icard, Merrill, Cullis, Timm, Furen & Ginsburg, P.A., Sarasota, for Appellant. David A. Wallace and Corinna S. Coser of Bentley Goodrich Kison P.A., Sarasota",2D2024-2203,https://www.courtlistener.com/opinion/10751739/furst-v-brown/,10751739,11218324,1153,
1ULtBB3fRPA,2D20 600,2D2020-0600,True,DAVID PARSONS AND MARLA PARSONS  vs PATRICIA CULP,2021-09-17,mixed,Affirmed in Part/Reversed in Part ; remanded with directions,False,False,Lucas,Lucas,True,,True,,David V. Ward,Highlands,"RT OF APPEAL OF FLORIDA SECOND DISTRICT DAVID PARSONS and MARLA PARSONS, Appellants, v. PATRICIA CULP, Appellee. No. 2D20-600 September 17, 2021 Appeal from the Circuit Court for Highlands County; David V. Ward, Judge. Jennifer J. Kennedy of Abbey, Adams, Byelick, & Mueller, L.L.P., Saint Petersburg","RSONS, Appellants, v. PATRICIA CULP, Appellee. No. 2D20-600 September 17, 2021 Appeal from the Circuit Court for Highlands County; David V. Ward, Judge. Jennifer J. Kennedy of Abbey, Adams, Byelick, & Mueller, L.L.P., Saint Petersburg, for Appellants. Thomas E. Mooney of Mooney Colvin, P.L., Orlando",,,,,52687,
1W_B62p5onE,2D19-2413,,False,,,,,,,,,,,,,,,,,,,,,,
1XAwgzITII8,2D20 2097,,False,,,,,,,,,,,,,,,,,,,,,,
1_6E2mX1ZQk,2D20-15,2D2020-0015,True,"DAVID ANDREW NAPOLIELLO, M.D., FACS  AND LAKEWOOD RANCH MINIMALLY INVASIVE SURGERY, PLLC vs VENICE HMA, LLC, D/B/A VENICE REGIONAL BAYFRONT HEALTH",2021-02-05,affirm,Affirmed,True,False,,Northcutt; Rothstein-Youakim; Labrit,False,,False,,,,,"_____________) Opinion filed February 5, 2021. Appeal from the Circuit Court for Sarasota County; Maria Ruhl, Judge. Richard H. Levenstein and Abby M. Spears of Nason, Yeager, Gerson, Harris & Fumero, P.A., Palm Beach Gardens, for Appellant. Jason Coe and Martin B. Goldberg of Lash & Goldberg, Miami",,,,,1347,
1kPwIXlgGZc,2D21 1140,2D2021-1140,True,"DIVINE DESIGNS SALON, INC. A/K/A DIVINE DESIGNS SALON & SPA  vs ARDEN THOMPSON",2023-02-10,mixed,Affirmed in Part/Reversed in Part ; remanded with instructions.,False,False,Rothstein-Youakim,Rothstein-Youakim,False,,False,,Darren D. Farfante,Hillsborough,,,,,,,3090,
1sLS5E0sLQE,23 1795,2D2023-1795,True,Campbell v. Jara,2024-08-23,mixed,"Reversed in part, affirmed in part, and remanded.",False,False,Villanti,Villanti; Casanueva; Morris,False,,False,,Alicia Polk,Pasco,"DISTRICT COURT OF APPEAL OF FLORIDA SECOND DISTRICT RAYMOND CAMPBELL, Appellant, v. JULIA JARA, Appellee. No. 2D2023-1795 August 23, 2024 Appeal from the Circuit Court for Pasco County; Alicia Polk, Judge. Michael R. Warren of Warren Law Firm, PLLC, Dade City","EAL OF FLORIDA SECOND DISTRICT RAYMOND CAMPBELL, Appellant, v. JULIA JARA, Appellee. No. 2D2023-1795 August 23, 2024 Appeal from the Circuit Court for Pasco County; Alicia Polk, Judge. Michael R. Warren of Warren Law Firm, PLLC, Dade City, for Appellant. Angela M. Reimer of AMR Law Firm, P.A., Tampa",,,,,9223,
1yM17VwOj0g,24 0148,2D2024-0148,True,"Custom Homes by Triumph, LLC v. Sverdlow, Sverdlow",2025-08-29,granted,Petition granted; order quashed.,False,False,Atkinson,Atkinson; Silberman; Black,False,,False,,Robert A. Bauman,Hillsborough,,,,,,,13991,
1ykiX-w-9XQ,2D21 1341,2D2021-1341,True,CAMERON HERRIN  vs STATE OF FLORIDA,2022-05-20,affirm,Affirmed,True,False,,,False,,False,,Christine Marlewski,Hillsborough,"ICT COURT OF APPEAL OF FLORIDA SECOND DISTRICT CAMERON HERRIN, Appellant, v. STATE OF FLORIDA, Appellee. No. 2D21-1341 May 20, 2022 Appeal from the Circuit Court for Hillsborough County; Christine Marlewski, Judge. John M. Fitzgibbons and B. Kay Klein of The Law Offices of John M. Fitzgibbons, Tampa","May 20, 2022 Appeal from the Circuit Court for Hillsborough County; Christine Marlewski, Judge. John M. Fitzgibbons and B. Kay Klein of The Law Offices of John M. Fitzgibbons, Tampa, for Appellant. Ashley Moody, Attorney General, Tallahassee, and Jonathan P. Hurley, Assistant Attorney General, Tampa",,,,,853,
1zHqOteQV1U,24 1034,2D2024-1034,True,"Smith, Smith v. Four Marnan Inc., Equity Lifestyles Properties, Inc., et al",2025-08-22,affirm,Affirmed,True,True,,Kelly; Rothstein-Youakim; Smith,False,,False,,Don T. Hall,DeSoto,,"PARKS LIMITED PARTNERSHIP, a foreign limited partnership, Appellees. No. 2D2024-1034 August 22, 2025 Appeal from the Circuit Court for DeSoto County; Don T. Hall, Judge. Linda Bellomio Commons of Linda Bellomio Commons, P.A., Tampa, for Appellants. Hunter A. Hall of Hall Keener, P.A., St. Petersburg",,,,,1065,
2-zARNmvaVQ,2D21 2230,2D2021-2230,True,ELIZABETH PARISI  vs LISA CAVIOLA,2022-06-15,affirm,Affirmed,True,False,,,False,,False,,Keith R. Kyle,Lee,"DISTRICT COURT OF APPEAL OF FLORIDA SECOND DISTRICT ELIZABETH PARISI, Appellant, v. LISA CAVIOLA, Appellee. No. 2D21-2230 June 15, 2022 Appeal from the Circuit Court for Lee County; Keith R. Kyle, Judge. Sara F. Hall and Jamie B. Schwinghamer of Roetzel & Andress, LPA, Naples","ISTRICT ELIZABETH PARISI, Appellant, v. LISA CAVIOLA, Appellee. No. 2D21-2230 June 15, 2022 Appeal from the Circuit Court for Lee County; Keith R. Kyle, Judge. Sara F. Hall and Jamie B. Schwinghamer of Roetzel & Andress, LPA, Naples, for Appellant. Keith W. Upson of The Upson Law Group, P.L., Naples",,,,,754,
218ZJLNJKNU,22 1148,2D2022-1148,True,"SURGERY PARTNERS, INC.  vs NATIONAL UNION FIRE INSURANCE COMPANY OF PITTSBURGH, P. A., ET AL",2023-03-31,affirm,Affirmed,True,False,,Villanti; Lucas; Smith,False,,False,,Darren D. Farfante,Hillsborough,,"arkson of Saxe Doernberger & Vita, P.C., Temecula, California; for Appellant. Fredrick H.L. McClure and Lindsay Lopez of Trenam, Kemker, Scharf, Barkin, Frye, O'Neill & Mullis, P.A., Tampa; and Joseph G. Finnerty, III, Megan Shea Harwick, and Eric S. Connuck of DLA Piper LLP (US), New York, New York",,,,,2551,
26ipKD942cY,25 1038,2D2025-1038,True,Kesler v. Progressive Select Insurance Company,2026-04-01,granted,Petition granted; order quashed in part.,False,False,Sleet,Sleet; Silberman; Morris,False,,False,,,,,,2D2025-1038,https://www.courtlistener.com/opinion/10831166/kesler-v-progressive-select-insurance-company/,10831166,11298403,32724,
29Jz8XQPEnk,2D20-685,2D2020-0685,True,"PETER M. AMBRAZ, ET AL.,  vs CITY OF TAMPA, ET AL.,",2021-04-21,affirm,Affirmed,True,False,,Kelly; Black; Labrit,False,,False,,,," L. ) YOUNGBLOOD, and ANTHONY A. ) ZIEMAK, ) ) Appellants, ) ) v. ) Case No. 2D20-685 ) CITY OF TAMPA, ) ) Appellee. ) ) Opinion filed April 21, 2021. Appeal from the Circuit Court for Hillsborough County; Richard A. Nielsen, Judge. Thomas J. Pilacek of Thomas J. Pilacek & Associates, Winter Springs"," CITY OF TAMPA, ) ) Appellee. ) ) Opinion filed April 21, 2021. Appeal from the Circuit Court for Hillsborough County; Richard A. Nielsen, Judge. Thomas J. Pilacek of Thomas J. Pilacek & Associates, Winter Springs, for Appellants. Thomas M. Gonzalez and Kevin M. Sullivan of GrayRobinson, P.A., Tampa",,,,,2132,
2Ay9_U9pUNA,21 3909,2D2021-3909,True,SEMAAN MAKDISSI VS STATE OF FLORIDA,2023-05-24,affirm,Affirmed - Per Curiam Affirmed,True,True,,,False,,False,,Nancy Moate Ley,Pinellas,"URT OF APPEAL OF FLORIDA SECOND DISTRICT SEMAAN MAKDISSI, Appellant, v. STATE OF FLORIDA, Appellee. No. 2D21-3909 May 24, 2023 Appeal from the Circuit Court for Pinellas County; Nancy Moate Ley, Judge. George E. Tragos, Peter A. Sartes, and Tyler A. Dixon of Targos, Sartes & Tragos, PLLC, Clearwater","udge. George E. Tragos, Peter A. Sartes, and Tyler A. Dixon of Targos, Sartes & Tragos, PLLC, Clearwater, for Appellant. Ashley Moody, Attorney General, Tallahassee, Donna S. Koch, Assistant Attorney General, and Lydon W. Schultz, Assistant Attorney General, Tampa, (substituted as counsel of record)",,,,,961,
2CmjR2OQ_4Y,24 1198,2D2024-1198,True,"AMI LOCALS, LLC AND PRIME VACATIONS, LLC v. THAXTER, LLC",2025-07-02,affirm,Affirmed,True,True,,Lucas; Villanti; Labrit,False,,False,,Edward Nicholas,Manatee,"STRICT AMI LOCALS, LLC and PRIME VACATIONS, LLC, Appellants, v. THAXTER, LLC, a Florida limited liability company, Appellee. No. 2D2024-1198 July 2, 2025 Appeal from the Circuit Court for Manatee County; Edward Nicholas, Judge. Michelle Grantham and Jason M. Miller of Najmy Thompson, P.L., Bradenton","d liability company, Appellee. No. 2D2024-1198 July 2, 2025 Appeal from the Circuit Court for Manatee County; Edward Nicholas, Judge. Michelle Grantham and Jason M. Miller of Najmy Thompson, P.L., Bradenton, for Appellants. Aaron B. Crittenden and Adam Mohammadbhoy of Harllee & Bald, P.A., Bradenton",,,,,843,
2JAiem_Z008,2D19-2969,2D2019-2969,True,ALFONSO GARCIA-RODRIGUEZ  vs STATE OF FLORIDA,2020-12-11,reverse,Reversed and remanded with directions.,False,False,Villanti,Villanti; Casanueva; Labrit,False,,False,,,,"TERMINED IN THE DISTRICT COURT OF APPEAL OF FLORIDA SECOND DISTRICT ALFONSO GARCIA-RODRIGUEZ, ) ) Appellant, ) ) v. ) Case No. 2D19-2969 ) STATE OF FLORIDA, ) ) Appellee. ) ) Opinion filed December 11, 2020. Appeal from the Circuit Court for Lee County; J. Frank Porter, Judge. James J. Zonas, Naples",,,,,,18904,
2R7Ela_dDFg,25 0214,2D2025-0214,True,"Watkins v. Corbett, Corbett, et al",2026-03-25,affirm,Affirmed,False,False,Northcutt,Northcutt,False,,False,,Melissa M. Polo,Hillsborough,"PASCO COUNTY, INC., Appellees. No. 2D2025-0214 March 25, 2026 Appeal from the Circuit Court for Hillsborough County; Melissa M. Polo, Judge. Raymond T. Elligett, Jr., and Amy S. Farrior of Buell Elligett Farrior & Faircloth, P.A., Tampa, and James C. Hauser of Attorney's Fees in Florida, PL, Orlando"," M. Polo, Judge. Raymond T. Elligett, Jr., and Amy S. Farrior of Buell Elligett Farrior & Faircloth, P.A., Tampa, and James C. Hauser of Attorney's Fees in Florida, PL, Orlando, for Appellant. Michael R. Carey and Randall P. Mueller of Carey, O'Malley, Whitaker, Mueller, Roberts & Smith, P.A., Tampa",2D2025-0214,https://www.courtlistener.com/opinion/10814626/watkins-v-corbett-corbett/,10814626,11281380,11713,
2RRE3yL6Ji4,2D20 2703,2D2020-2703,True,"MANTABS, L L C, ET AL  vs THE HAPPY FIDDLER ASSOCIATION, INC., ET AL",2021-12-15,affirm,Affirmed,True,False,,,False,,False,,George M. Jirotka,Pinellas,"SARAH J. SALEM, Appellants, v. THE HAPPY FIDDLER ASSOCIATION, INC. and THEOCHEM LABORATORIES, INC., Appellees. No. 2D20-2703 December 15, 2021 Appeal from the Circuit Court for Pinellas County; George M. Jirotka, Judge. Jonathan J. Ellis and Kathleen G. Reres of Shumaker, Loop & Kendrick, LLP, Tampa","BORATORIES, INC., Appellees. No. 2D20-2703 December 15, 2021 Appeal from the Circuit Court for Pinellas County; George M. Jirotka, Judge. Jonathan J. Ellis and Kathleen G. Reres of Shumaker, Loop & Kendrick, LLP, Tampa, for Appellants. Bryan D. Hull and H. Web Melton, III, of Bush |Ross, P.A., Tampa",,,,,989,
2RgxSU6tCFo,2D20 3141,2D2020-3141,True,ERIC STALLINGS  vs DEVIN BERNARD,2022-02-18,reverse,Reversed and remanded.,False,False,Sleet,Sleet; Atkinson; Smith,False,,False,,Amy M. Williams,Pinellas,,,,,,,11087,
2SeuZlJP_l8,24 1022,2D2024-1022,True,"Krocka v. Public Storage, Inc., Unknown Third-Party Auction Bidder",2025-10-29,reverse,Reversed and remanded.,False,False,Villanti,Villanti; Silberman; Smith,False,,False,,Jennifer Gabbard,Hillsborough,"C. and UNKNOWN THIRD-PARTY AUCTION BIDDER, Appellees. No. 2D2024-1022 __________________________ October 29, 2025 Appeal from the Circuit Court for Hillsborough County; Jennifer Gabbard, Judge. Jeremy D. Bailie, Timothy W. Weber, and Sandford Blaine Kinne of Weber, Crabb & Wein, P.A., St. Petersburg","________ October 29, 2025 Appeal from the Circuit Court for Hillsborough County; Jennifer Gabbard, Judge. Jeremy D. Bailie, Timothy W. Weber, and Sandford Blaine Kinne of Weber, Crabb & Wein, P.A., St. Petersburg, for Appellant. Jeffrey R. Geldens of Lewis Brisbois Bisgaard & Smith LLP, Coral Gables",,,,,13416,
2dwcOLrC7SA,2D20 3681,2D2020-3681,True,ROGER WILLIAM LABOR  vs STATE OF FLORIDA,2022-11-04,affirm,Affirmed,True,False,,,False,,False,,Michael S. Williams,Hillsborough,"SECOND DISTRICT ROGER WILLIAM LABOR, Appellant, v. STATE OF FLORIDA, Appellee. No. 2D20-3681 November 4, 2022 Appeal from the Circuit Court for Hillsborough County; Michael S. Williams, Judge. Howard L. Dimmig, II, Public Defender, and Christopher E. Cosden, Special Assistant Public Defender, Bartow","I, Public Defender, and Christopher E. Cosden, Special Assistant Public Defender, Bartow, for Appellant. Ashley Moody, Attorney General, Tallahassee, and C. Todd Chapman, Assistant Attorney General, Tampa; and Alicia M. Winterkorn, Assistant Attorney General, Tampa (substituted as counsel of record)",,,,,1009,
2lgotryrAyM,24 2678,2D2024-2678,True,"Everman, Everman v. Sarasota County Public Hospital District, d/b/a Sarasota Memorial Hospital, et al",2026-07-08,mixed,"Affirmed in part, reversed in part, and remanded.",False,False,Silberman,Silberman; Kelly; Rothstein-Youakim,False,,False,,Stephen M. Walker,Sarasota,"-LAM NGUYEN, M.D.; and SARASOTA COUNTY PUBLIC HOSPITAL DISTRICT, d/b/a Sarasota Memorial Hospital, Appellees. No. 2D2024-2678 July 8, 2026 Appeal from the Circuit Court for Sarasota County; Stephen M. Walker, Judge. Samuel Alexander and Michael J. Ellis of Alexander Appellate Law, P.A., Jacksonville","rasota County; Stephen M. Walker, Judge. Samuel Alexander and Michael J. Ellis of Alexander Appellate Law, P.A., Jacksonville, for Appellant. Dinah S. Stein and Dean Kandi of Hicks, Porter & Stein, P.A., Miami; and Ralph L. Marchbank, Jr., and Mark S. Tomlinson of Dickinson & Gibbons, P.A., Sarasota",2D2024-2678,https://www.courtlistener.com/opinion/10918391/x/,10918391,11385926,14702,
2llcU_3vfmE,2D20 429,2D2020-0429,True,KATHI HULL AND ARTHUR HULL  vs CITIZENS PROPERTY INSURANCE CORPORATION,2021-06-23,affirm,Affirmed,True,False,,Khouzam; Smith; Labrit,False,,False,,Patricia A. Muscarella,Pinellas,"FLORIDA SECOND DISTRICT KATHI HULL and ARTHUR HULL, Appellants, v. CITIZENS PROPERTY INSURANCE CORPORATION, Appellee Case No. 2D20-429 June 23, 2021 Appeal from the Circuit Court for Pinellas County; Patricia A. Muscarella, Judge. Mark A. Nation and Paul W. Pritchard of The Nation Law Firm, Longwood",". CITIZENS PROPERTY INSURANCE CORPORATION, Appellee Case No. 2D20-429 June 23, 2021 Appeal from the Circuit Court for Pinellas County; Patricia A. Muscarella, Judge. Mark A. Nation and Paul W. Pritchard of The Nation Law Firm, Longwood, for Appellant. Maureen G. Pearcy of Paul R. Pearcy, P.A., Miami",,,,,809,
2m6yJ0Q3wuQ,2D20-2331,2D2020-2331,True,"AMERICAN CAPITAL ASSURANCE CORP.  vs PALMETTO DUNES AT PELICAN SOUND CONDOMINIUM ASSOCIATION, INC.",2021-03-10,affirm,Affirmed ; conflict certified.,False,False,,Northcutt; Morris; Smith,False,,False,,,,"AN ) SOUND CONDOMINIUM ASSOCIATION, ) INC., ) ) Appellee. ) ) Opinion filed March 10, 2021. Appeal pursuant to Fla. R. App. P. 9.130 from the Circuit Court for Lee County; Leigh Frizzell Hayes, Judge. Michael A. Monteverde and Kali Lauren Sinclair of Zinober Diana & Monteverde, P.A., Fort Lauderdale","suant to Fla. R. App. P. 9.130 from the Circuit Court for Lee County; Leigh Frizzell Hayes, Judge. Michael A. Monteverde and Kali Lauren Sinclair of Zinober Diana & Monteverde, P.A., Fort Lauderdale, for Appellant. Cary J. Goggin and Amanda Broadwell of Goede, Adamczyk, DeBoest & Cross, PLLC, Naples",,,,,2027,
2s_mefylmhY,2D20-3139,,False,,,,,,,,,,,,,,,,,,,,,,
2yTWY3LcpxU,2D21 1447,2D2021-1447,True,"BLAKE O. EWING AND DEBORAH K. EWING, INDIVIDUALLY AND AS TRUSTEES OF THE DIE BROKE TRUST DATED AUGUST 16, 2016, ET AL vs JOHN R. CASSIDY; RICHARD D. SABA, P. A., AS ESCROW AGENT UNDER THE POST CLOSING ESCROW AGREEMENT DATED AUGUST 18, 2017, ET AL",2022-06-10,affirm,Affirmed,True,False,,Sleet; Atkinson; Stargel,False,,False,,,,"ants, v. JOHN R. CASSIDY, MICHAEL SAUNDERS & CO., and RYAN SKRZYPKOWSKI, Appellee. No. 2D21-1447 June 10, 2022 Appeal from the Circuit Court for Sarasota County; Elizabeth V. Krier, Associate Judge. Timothy A. Kolaya, Ian M. Ross, Amy M. Bowers of Stumphauzer Foslid Sloman Ross & Kolaya, PLLC, Miami","peal from the Circuit Court for Sarasota County; Elizabeth V. Krier, Associate Judge. Timothy A. Kolaya, Ian M. Ross, Amy M. Bowers of Stumphauzer Foslid Sloman Ross & Kolaya, PLLC, Miami, for Appellant. Kyle C. Dudek and J. Matthew Belacastro of Henderson, Franklin, Starnes & Holt, P.A., Fort Myers",,,,,1170,
31jlgV-u6vU,2D22 853 a,2D2022-0853,True,EUGENE ZENTKO  vs DEPARTMENT OF HIGHWAY SAFETY AND MOTOR VEHICLES,2022-08-17,denied,Denied,True,False,,Northcutt; Casanueva; Khouzam,False,,False,,,,,,,,,,980,
33Px8DqQe3s,2D21 72,2D2021-0072,True,"EARL CHRISTY AND DAVID CONSTABLE  vs MARK C. BOULDIN, ET AL",2022-06-08,affirm,Affirmed,True,False,,Northcutt; Villanti; Sleet,False,,False,,Thane B. Covert,Pinellas,"ENIOR LIVING REIT INVESTMENT MANAGEMENT COMPANY LLC, Appellees. No. 2D21-72 June 8, 2022 Appeal from the Circuit Court for Pinellas County; Thane B. Covert, Judge. Paul B. Thanasides, Mary R. Thanasides, and Stephen Shaw of McIntyre Thanasides Bringgold Elliott Grimaldi Guito & Matthews, P.A., Tampa",,,,,,1833,
36OhiKvYK3k,2D20 1739,2D2020-1739,True,TIMOTHY CRAWFORD AND MARY CRAWFORD  vs CITIZENS PROPERTIES CORP.,2021-12-15,affirm,Affirmed,True,False,,,False,,False,,Declan P. Mansfield,Pasco,,"TY INSURANCE CORPORATION, Appellee. No. 2D20-1739 December 15, 2021 Appeal from the Circuit Court for Pasco County; Declan P. Mansfield, Judge. Kurt J. Rosales and George A. Vaka of Vaka Law Group, Tampa, for Appellants. Mary Lou Cuellar-Stilo and Mark D. Tinker of Cole, Scott & Kissane, P.A., Tampa",,,,,784,
37o9flQpAtI,2D18-4944,,False,,,,,,,,,,,,,,,,,,,,,,
39TAd1tMnS8,2D19-1659,2D2019-1659,True,STATE OF FLORIDA  vs JAMES PETERSON,2021-02-26,affirm,Affirmed,True,False,,Northcutt; Morris; Smith,False,,False,,,,,"Fla. R. App. P. 9.140 from the Circuit Court for Hillsborough County; Mark R. Wolfe, Judge. Ashley Moody, Attorney General, Tallahassee, and Chelsea N. Simms, Assistant Attorney General, Tampa, for Appellant. Howard L. Dimmig, II, Public Defender, and Daniel Muller, Assistant Public Defender, Bartow",,,,,1211,
3Bk92YBCRXg,23 1776,,False,,,,,,,,,,,,,,,,,,,,,,
3BneQv3Qdvs,2D20 3723,2D2020-3723,True,"BACTES IMAGING SOLUTIONS, INC. N/ K/ A SHARECARE HEALTH DATA SERVICES, LLC vs PATRICIA WEBBER, individually and on behalf of all those similarly situated",2022-02-04,affirm,Affirmed,True,False,,,False,,False,,Martha J. Cook,Hillsborough,,", John W. Leonard, and Loreyn P. Raab of Orr/Cook, Jacksonville, for Appellant. Steven L. Brannock of Brannock & Humphries, Tampa; David M. Caldevilla of de la Parte & Gilbert, P.A., Tampa; J. Daniel Clark of Clark & Martino, P.A., Tampa; and Scott R. Jeeves of Jeeves Law Group, P.A., St. Petersburg",,,,,1273,
3C31qY-0SuU,24 2745,2D2024-2745,True,Gooden v. State of Florida,2026-03-20,affirm,Affirmed,True,True,,,False,,False,,Julie L. Sercus,Pinellas,,"Appellee. No. 2D2024-2745 March 20, 2026 Appeal from the Circuit Court for Pinellas County; Julie L. Sercus, Judge. Laura L. Cepero and William R. Ponall of Ponall Law, Maitland, for Appellant. James Uthmeier, Attorney General, Tallahassee, and Krystle Celine Cacci, Assistant Attorney General, Tampa",2D2024-2745,https://www.courtlistener.com/opinion/10811560/gooden-v-state-of-florida/,10811560,11278312,824,
3H8_5buAuak,2D19-3326,2D2019-3326,True,"KAILLE RITTER, RODNEY RITTER AND JODI RITTER vs FRANK W. FUTCH AND LAVERNE H. FUTCH",2020-11-18,affirm,Affirmed,True,False,,Silberman; Morris; Lucas,False,,False,,,," Case No. 2D19-3326 ) FRANK W. FUTCH and LAVERNE H. ) FUTCH, ) ) Appellees. ) ) Opinion filed November 18, 2020. Appeal from the Circuit Court for Polk County; Gerald P. Hill, II, Judge. Geneva R. Fountain of Boyd & Jenerette, P.A., Jacksonville; and Kansas R. Gooden of Boyd & Jenerette, P.A., Miami","pellees. ) ) Opinion filed November 18, 2020. Appeal from the Circuit Court for Polk County; Gerald P. Hill, II, Judge. Geneva R. Fountain of Boyd & Jenerette, P.A., Jacksonville; and Kansas R. Gooden of Boyd & Jenerette, P.A., Miami, for Appellants. James A. Wardell of Wardell Law Firm, P.A., Tampa",,,,,1253,
3LkTmNWhF6s,24 0060,2D2024-0060,True,COCOLA v. STATE OF FLORIDA,2025-01-29,affirm,Affirmed,True,True,,Sleet; Morris; Smith,False,,False,,Julie Sercus,Pinellas,"DISTRICT COURT OF APPEAL OF FLORIDA SECOND DISTRICT NICHOLAS JAMES COCOLA, Appellant, v. STATE OF FLORIDA, Appellee. No. 2D2024-0060 January 29, 2025 Appeal from the Circuit Court for Pinellas County; Julie Sercus, Judge. Matthew R. McLain of McLain Law, P.A., Longwood","E OF FLORIDA, Appellee. No. 2D2024-0060 January 29, 2025 Appeal from the Circuit Court for Pinellas County; Julie Sercus, Judge. Matthew R. McLain of McLain Law, P.A., Longwood, for Appellant. John M. Guard, Acting Attorney General, Tallahassee, and Tayna Alexander, Assistant Attorney General, Tampa",,,,,816,
3LsS_4E9oXI,21 1623,2D2021-1623,True,IDEAL IMAGE DEVELOPMENT CORPORATION AND IDEAL IMAGE OF VS HANNAH BUENO,2023-11-22,affirm,Affirmed - Per Curiam Affirmed,True,True,,Kelly; Khouzam; Atkinson,False,,False,,Darren D. Farfante,Hillsborough,"D IDEAL IMAGE OF MISSOURI, LLC, A FOREIGN CORPORATION, Appellants, v. HANNAH BUENO, Appellee. No. 2D21-1623 November 22, 2023 Appeal from the Circuit Court for Hillsborough County; Darren D. Farfante, Judge. William P. Cassidy and Nicole Deese Newlon of Johnson, Cassidy, Newlow & DeCort, P.A., Tampa","21-1623 November 22, 2023 Appeal from the Circuit Court for Hillsborough County; Darren D. Farfante, Judge. William P. Cassidy and Nicole Deese Newlon of Johnson, Cassidy, Newlow & DeCort, P.A., Tampa, for Appellants. Darryl Richards and J.D. Zarate of Johnson, Pope, Bokor, Ruppel & Burns LLP, Tampa",,,,,940,
3Xu5-4ikaRc,2D22 660,2D2022-0660,True,"DERLYS B. FERNANDEZ  vs JULIO D. MANSO, ET AL.,",2023-03-22,affirm,Affirmed,True,False,,Silberman; Kelly; Lucas,False,,False,,G. Gregory Green,Hillsborough,". FERNANDEZ, Appellant, v. JULIO D. MANSO, J & D FINANCIAL SOLUTIONS, LLC, and LAS BRISAS MINIMARKET, LLC, Appellees. No. 2D22-660 March 22, 2023 Appeal from the Circuit Court for Hillsborough County; G. Gregory Green, Judge. Eric R. Maier and Frances E. Martinez of Older Lundy Koch & Martino, Tampa","ONS, LLC, and LAS BRISAS MINIMARKET, LLC, Appellees. No. 2D22-660 March 22, 2023 Appeal from the Circuit Court for Hillsborough County; G. Gregory Green, Judge. Eric R. Maier and Frances E. Martinez of Older Lundy Koch & Martino, Tampa, for Appellant. Mark F. Baseman of Felix, Felix & Baseman, Tampa",,,,,895,
3Z0k7kBEaQk,22 119,2D2022-0119,True,RICHARD PERRY VS DONNA TURNER,2023-06-30,affirm,Affirmed - Authored Opinion,False,False,Labrit,Labrit; Morris; Kelly,False,,False,,Charles P. Sniffen,Manatee,,"d D&R SPACES, INC., Appellee. No. 2D22-119 June 30, 2023 Appeal from the Circuit Court for Manatee County; Charles P. Sniffen, Judge. Jesse R. Butler of Dickinson & Gibbons, P.A., Sarasota, for Appellant/Cross-Appellee. John G. Beggan of Farr, Farr, Emerich, Hackett, Carr & Holmes, P.A., Punta Gorda",,,,,9124,
3aaw8AxfU3c,25 0014,2D2025-0014,True,"Brockhurst, M.D. v. Al-Rawi, M.D., Imminent Surgical Associates, P.A.",2025-10-15,other,Citation- Affirmed,True,False,,Villanti; Sleet; Labrit,False,,False,,,,"CIATES, P.A., a Florida corporation, Appellees. No. 2D2025-0014 October 15, 2025 Appeal pursuant to Fla. R. App. P. 9.130 from the Circuit Court for Sarasota County; Hunter W. Carroll, Judge. Abby M. Spears and Richard H. Levenstein of Nason, Yeager, Gerson, Harris & Fumero, P.A., Palm Beach Gardens"," from the Circuit Court for Sarasota County; Hunter W. Carroll, Judge. Abby M. Spears and Richard H. Levenstein of Nason, Yeager, Gerson, Harris & Fumero, P.A., Palm Beach Gardens, for Appellant. Steven D. Hutton, Przemyslaw L. Dominko and Tyler Brand Stall of Hutton, Dominko & Stall, PLLC, Sarasota",,,,,2364,
3bNfMCG8HXM,21 2401,2D2021-2401,True,"FELIX ROBLES ORTIZ, JR.  vs STATE OF FLORIDA",2023-03-01,affirm,Affirmed,True,False,,Morris; Casanueva; Smith,False,,False,,Lyann Goudie,Hillsborough,"DISTRICT COURT OF APPEAL OF FLORIDA SECOND DISTRICT FELIX ORTIZ, Appellant, v. STATE OF FLORIDA, Appellee. No. 2D21-2401 March 1, 2023 Appeal from the Circuit Court for Hillsborough County; Lyann Goudie, Judge. Anthony M. Candela of Candela Law Firm, P.A., Riverview","F FLORIDA, Appellee. No. 2D21-2401 March 1, 2023 Appeal from the Circuit Court for Hillsborough County; Lyann Goudie, Judge. Anthony M. Candela of Candela Law Firm, P.A., Riverview, for Appellant. Ashley Moody, Attorney General, Tallahassee, and William C. Shelhart, Assistant Attorney General, Tampa",,,,,825,
3ee0RWKfMd4,2D21 3235,2D2021-3235,True,ARLENE CAROZZA  vs FIRST PROTECTIVE INSURANCE COMPANY D/ B/ A FRONTLINE INSURANCE,2022-08-24,affirm,Affirmed,True,False,,Morris; Khouzam; Black,False,,False,,Elizabeth V. Krier,Collier,,,,,,,953,
3l8zJQb_fiU,2D21 1151,2D2021-1151,True,"HABIBOLLAH SHOBEIRI, ET AL.  vs TERRY DOWNS AND BOBBIE DOWNS",2022-11-23,affirm,Affirmed,True,False,,,False,,False,,,,"ees 34TH STREET, LLC, Appellant, v. PRO KARTING EXPERIENCE, INC., Appellee. Nos. 2D21-1151, 2D21-1152 CONSOLIDATED November 23, 2022 Appeals from the Circuit Court for Pinellas County; Keith Meyer, Judge. Michael P. Beltran of Beltran Litigation, P.A., Tampa, and Thomas A Burns of Burns, P.A., Tampa","151, 2D21-1152 CONSOLIDATED November 23, 2022 Appeals from the Circuit Court for Pinellas County; Keith Meyer, Judge. Michael P. Beltran of Beltran Litigation, P.A., Tampa, and Thomas A Burns of Burns, P.A., Tampa, for Appellants. Jason S. Lambert and Brandon T. Holmes of Dinsmore & Shohl LLP, Tampa",,,,,1236,
3m1apHd3x4w,23 997,2D2023-0997,True,"PETER KREISSLE, ON BEHALF OF HIMSELF AND ALL OTHERS SIMILARLY SITUATED VS THE CITY OF BRADENTON",2023-10-18,affirm,Affirmed - Per Curiam Affirmed,True,True,,Silberman; Villanti; Rothstein-Youakim,False,,False,,,,,"TER KREISSLE, on behalf of himself and all others similarly situated, Appellant, v. CITY OF BRADENTON, Appellee. No. 2D23-997 October 18, 2023 Appeal pursuant to Fla. R. App. P. 9.130 from the Circuit Court for Manatee County; Edward Nicholas, Judge. Scott D. McKay of McKay Law Firm, P.A., Bradenton",,,,,834,
3mFH28qCAyM,2D19-3484,,False,,,,,,,,,,,,,,,,,,,,,,
3nIdOdqp8Dc,22 548,2D2022-0548,True,"WAL-MART STORES EAST, LP v. MCCRACKEN",2023-08-23,affirm,Affirmed - Per Curiam Affirmed,True,True,,Silberman; Kelly; Morris,False,,False,,George M. Jirotka,Pinellas,," 2023 Appeal from the Circuit Court for Pinellas County; George M. Jirotka, Judge. Jack R. Reiter and Sydney M. Feldman of GrayRobinson, P.A., Miami, for Appellant. James W. Holliday and Theodore E. Karatinos of Holliday Karatinos Law Firm PLLC, Lutz; Shea T. Moxon of Brannock Berman & Seider, Tampa",,,,,862,
3nIqo5niZmM,2D21 1885,2D2021-1885,True,"BRIAN FREEMAN, AS SUCCESSOR TRUSTEE OF THE FIDDLESTICKS LAND TRUST U/A/D SEPTEMBER 25, 1984  vs ROZ BERRIN A/K/A ROSLYN BERRIN, ET AL.",2022-12-02,affirm,Affirmed,False,False,,,True,,False,,,,", v. ROZ BERRIN a/k/a ROSLYN BERRIN, ROBERT BERRIN, and STEVEN ROBINSON, Appellees. No. 2D21-1885 December 2, 2022 Appeal pursuant to Fla. R. App. P. 9.130 from the Circuit Court for Lee County; Joseph C. Fuller, Jr., Judge. John Charles Coleman and Thomas G. Coleman of Coleman & Coleman, Fort Myers",,,,,,53385,
3v6Vfw2pzEg,2D20 1268,2D2020-1268,True,STATE FARM FLORIDA INSURANCE COMPANY  vs ORLINDA GONZALEZ AND HARMODIO DIAZ,2021-10-01,reverse,Reversed and remanded.,False,False,,Lucas; Atkinson,False,,False,,James Sloan,Hendry,"PEAL OF FLORIDA SECOND DISTRICT STATE FARM FLORIDA INSURANCE COMPANY, Appellant, v. ORLINDA GONZALEZ and HARMODIO DIAZ, Appellees. No. 2D20-1268 October 1, 2021 Appeal from the Circuit Court for Hendry County; James Sloan, Judge. Scot Samis of Traub Lieberman Straus & Shrewsberry LLP, St. Petersburg",,,,,,15372,
3y9a6-un1e0,22 3008,2D2022-3008,True,CODY HAYDON VS JOHN THAYER HAYDON,2023-09-15,affirm,Affirmed - Per Curiam Affirmed,True,True,,Northcutt; Casanueva; Khouzam,False,,False,,,,,,,,,,903,
4-F5wt8WQxI,22 3118,,False,,,,,,,,,,,,,,,,,,,,,,
4-lD0RGNyjs,21 3150,2D2021-3150,True,DANIEL ARTHUR WHITE  vs STATE OF FLORIDA,2023-02-17,affirm,Affirmed,True,False,,,False,,False,,Melissa M. Polo,Hillsborough,,"lee. No. 2D21-3150 February 17, 2023 Appeal from the Circuit Court for Hillsborough County; Melissa M. Polo, Judge. Michael Ufferman of Michael Ufferman Law Firm, P.A., Tallahassee, for Appellant. Ashley Moody, Attorney General, Tallahassee, and William C. Shelhart, Assistant Attorney General, Tampa",,,,,900,
40BolFTCmw4,2D19-2399,2D2019-2399,True,"ANGEL MARTINEZ AND MARIA ELENA MARTINEZ vs LOBSTER HAVEN, LLC",2021-05-05,reverse,Reversed and remanded.,False,False,Black,Black; Morris; Smith,False,,False,,,,"RIA ELENA ) MARTINEZ, ) ) Appellants, ) ) v. ) Case No. 2D19-2399 ) LOBSTER HAVEN, LLC, ) ) Appellee. ) ) Opinion filed May 5, 2021. Appeal from the Circuit Court for Hillsborough County; Rex M. Barbas, Judge. Brent G. Steinberg, Brandon G. Cathey, and Daniel L. Greene of Swope, Rodante, P.A., Tampa",,,,,,38491,
40YulwisEo4,22 2816,2D2022-2816,True,"CAROLYN M. GEWEYE VS WILMINGTON SAVINGS FUND SOCIETY, F S B",2023-11-08,affirm,Affirmed - Per Curiam Affirmed,True,True,,Casanueva; Lucas; Labrit,False,,False,,Edward Nicholas,Manatee," M. GEWEYE, Appellant, v. WILMINGTON SAVINGS FUND SOCIETY, FSB, as Owner Trustee of the Residential Credit Opportunities Trust V-D, Appellee. No. 2D22-2816 November 8, 2023 Appeal from the Circuit Court for Manatee County; Edward Nicholas, Judge. H. Daniel McKillop of McKillop Law Firm, Jacksonville",,,,,,916,
40h9KgoLtJ0,22 2527,2D2022-2527,True,"JONATHAN WYSASKI VS WORLD BUSINESS LENDERS, LLC, ET AL.",2023-05-10,affirm,Affirmed - Per Curiam Affirmed,True,True,,,False,,False,,Charles Sniffen,Manatee,"t, v. WORLD BUSINESS LENDERS, LLC, a New York limited liability company; and BRADENTON CAR CARE, LLC, a Florida limited liability company, Appellees. No. 2D22-2527 May 10, 2023 Appeal from the Circuit Court for Manatee County; Charles Sniffen, Judge. Scott D. McKay of McKay Law Firm, P.A., Bradenton"," and BRADENTON CAR CARE, LLC, a Florida limited liability company, Appellees. No. 2D22-2527 May 10, 2023 Appeal from the Circuit Court for Manatee County; Charles Sniffen, Judge. Scott D. McKay of McKay Law Firm, P.A., Bradenton, for Appellant. Jonathan M. Sykes of Nardella & Nardella, PLLC, Orlando",,,,,980,
44yq_TfODMk,24 1268,2D2024-1268,True,"Womack v. Womack,",2024-12-18,denied,Denied,True,False,,Morris; Black; Smith,False,,False,,,,,,,,,,1141,
45af5EzZ27g,2D21 849,2D2021-0849,True,DALE MASSAD  vs STATE OF FLORIDA,2022-07-15,reverse,Reversed and remanded with instructions to vacate the judgement and sentence.,False,False,Smith,Smith,False,,False,,Mary M. Handsel,Pasco,"DISTRICT COURT OF APPEAL OF FLORIDA SECOND DISTRICT DALE MASSAD, Appellant, v. STATE OF FLORIDA, Appellee. No. 2D21-849 July 15, 2022 Appeal from the Circuit Court for Pasco County; Mary M. Handsel, Judge. J. Jervis Wise of Brunvand Wise, P.A., Clearwater",", v. STATE OF FLORIDA, Appellee. No. 2D21-849 July 15, 2022 Appeal from the Circuit Court for Pasco County; Mary M. Handsel, Judge. J. Jervis Wise of Brunvand Wise, P.A., Clearwater, for Appellant. Ashley Moody, Attorney General, Tallahassee, and Jonathan S. Tannen, Assistant Attorney General, Tampa",,,,,14088,
47im8vXvlsY,21 2084,,False,,,,,,,,,,,,,,,,,,,,,,
4Afbt1lJjiw,2D18-5064,,False,,,,,,,,,,,,,,,,,,,,,,
4EJrNhG19rc,24 0640,2D2024-0640,True,"ENGELIN v. PORTFOLIO RECOVERY ASSOCIATES, LLC",2025-08-06,reverse,Reversed; remanded with directions.,False,False,Silberman,Silberman; Kelly; Labrit,False,,False,,Kimberly Sharpe Byrd,Pasco,,"ust 6, 2025 Appeal from the Circuit Court for Pasco County; Kimberly Sharpe Byrd, Judge. Ian R. Leavengood and Philip M. Piazza of LeavenLaw, St. Petersburg; and Charles M. Schropp of Schropp Law Firm, P.A., Tampa, for Appellant. Yesica S. Liposky and Robert E. Sickles of Dinsmore & Shohl LLP, Tampa",,,,,13756,
4GnrqRosbVU,24 0780,2D2024-0780,True,"MID-AMERICA APARTMENT COMMUNITIES, INC., JIMINEZ v. GONZALEZ",2025-03-14,reverse,Reversed and remanded with directions.,False,False,Villanti,Villanti; Black; Labrit,False,,False,,,," MID-AMERICA APARTMENT COMMUNITIES, INC., and ROBIN JIMINEZ, Appellants, v. ALEJANDRA GONZALEZ, Appellee. No. 2D2024-0780 March 14, 2025 Appeal pursuant to Fla. R. App. P. 9.130 from the Circuit Court for Hillsborough County; Robert A. Bauman, Judge. Ezequiel Lugo of Banker Lopez Gassler P.A., Tampa","A GONZALEZ, Appellee. No. 2D2024-0780 March 14, 2025 Appeal pursuant to Fla. R. App. P. 9.130 from the Circuit Court for Hillsborough County; Robert A. Bauman, Judge. Ezequiel Lugo of Banker Lopez Gassler P.A., Tampa, for Appellants. Benjamin James Stevenson of Stevenson Legal, PLLC, Pensacola Beach",,,,,17500,
4HVWew7BZJM,22 4013,2D2022-4013,True,MICHAEL E. TIMKO VS CLARA R. TIMKO,2023-10-11,affirm,Affirmed - Per Curiam Affirmed,True,True,,,False,,False,,Frederick L. Pollack,Pinellas,,,,,,,784,
4LslBncirzM,2D19-4892,,False,,,,,,,,,,,,,,,,,,,,,,
4T5dXKVD4yM,22 1687,2D2022-1687,True,"JAN H. SELIGMAN AND MARC A. SELIGMAN VS THE OASIS MASTER ASSOCIATION, INC.",2023-12-13,affirm,Affirmed - Per Curiam Affirmed,True,True,,Northcutt; Kelly; Black,False,,False,,Kemba Johnson Lewis,Pasco,"F FLORIDA SECOND DISTRICT JAN H. SELIGMAN and MARC A. SELIGMAN, Appellants, v. THE OASIS MASTER ASSOCIATION, INC., a Florida corporation, Appellee. No. 2D22-1687 December 13, 2023 Appeal from the Circuit Court for Pasco County; Kemba Johnson Lewis, Judge. Dineen Pashoukos Wasykik of DPW Legal, Tampa","rida corporation, Appellee. No. 2D22-1687 December 13, 2023 Appeal from the Circuit Court for Pasco County; Kemba Johnson Lewis, Judge. Dineen Pashoukos Wasykik of DPW Legal, Tampa, for Appellants. Therese A. Savona, Michael A. Rosenberg, and Nicholas Bastidas of Cole, Scott & Kissane, P.A., Orlando",,,,,829,
4YCwcSc5M4M,24 0800,2D2024-0800,True,"Simeonov, Ronell, et al v. Delgado, Amica Mutual Insurance Company",2025-09-26,affirm,Affirmed,True,True,,Khouzam; Black; Moe,False,,False,,Helene Daniel,Hillsborough,"OF FLORIDA SECOND DISTRICT KALIN B. SIMEONOV, DANIELA RONELL, AND NEVENA RONELL APOSTOLOV, Appellants, v. JOSEFINA SANDOVAL DELGADO, Appellee. No. 2D2024-0800 September 26, 2025 Appeal from the Circuit Court for Hillsborough County; Helene Daniel, Judge. Brian J. Lee of Morgan & Morgan, Jacksonville",", Appellants, v. JOSEFINA SANDOVAL DELGADO, Appellee. No. 2D2024-0800 September 26, 2025 Appeal from the Circuit Court for Hillsborough County; Helene Daniel, Judge. Brian J. Lee of Morgan & Morgan, Jacksonville, for Appellant. Mark D. Tinker and Brandon J. Tyler of COLE, SCOTT, KISSANE, P.A., Tampa",,,,,881,
4ZycRyXtFZ4,2D21 3311,2D2021-3311,True,ALEXANDER WALKINE  vs STATE OF FLORIDA,2022-10-28,affirm,Affirmed,True,False,,Morris; Casanueva; Villanti,False,,False,,Kimberly K. Fernandez,Hillsborough,,"Appellee No. 2D21-3311 October 28, 2022 Appeal from the Circuit Court for Hillsborough County; Kimberly K. Fernandez, Judge. Anthony M. Candela of Candela Law Firm, P.A., Riverview, for Appellant. Ashley Moody, Attorney General, Tallahassee, and James A. Hellickson, Assistant Attorney General, Tampa",,,,,802,
4_k2eMtX4sE,2D1 2384,,False,,,,,,,,,,,,,,,,,,,,,,
4dXCLW5bfXk,23 2410,2D2023-2410,True,"TOTAH, TOTAH v. LEFEBVRE, LEFEBVRE",2024-04-24,affirm,Affirmed,True,True,,Kelly; Rothstein-Youakim; Smith,False,,False,,,,"AHAM TOTAH and RIMA TOTAH, Appellants, v. JAMES LeFEBVRE and ADRIANA LeFEBVRE, Appellees. No. 2D2023-2410 April 24, 2024 Appeal pursuant to Fla. R. App. P. 9.130 from the Circuit Court for Pinellas County; Michael F. Andrews, Judge. Scott L. Knox and W. Nathan Meloon of Widerman Malek, PL, Melbourne",,,,,,882,
4eCX4YEtn9g,2D20 904,2D2020-0904,True,"PRECISION ORTHOPEDICS, INC.  vs ZIMMER US, INC., ET AL",2022-06-17,reverse,Reversed and remanded.,False,False,Stargel,Stargel; Lucas; Smith,False,,False,,Steven Scott Stephens,Hillsborough,,".A., St. Petersburg; and Frederick J. Mills, of Morrison & Mills, P.A., Tampa, for Appellant. Kelli A. Edson and Drew Patrick O'Malley, of Quarles & Brady, LLP, Tampa; and Troy S. Brown, Margot G. Bloom, and Amanda F. Lashner, of Morgan, Lewis & Bockius, LLP, pro hac vice, Philadelphia, Pennsylvania",,,,,18068,
4hbeaAIpkDQ,2D21 669,2D2021-0669,True,"PHARMACY VALUE MANAGEMENT SOLUTIONS, INC.  vs ROTECH HEALTHCARE, INC.",2022-03-16,affirm,Affirmed,True,False,,Silberman; Smith; Labrit,False,,False,,Caroline Tesche Arkin,Hillsborough,"MENT SOLUTIONS, a Nevada corporation, Appellant, v. ROTECH HEALTHCARE INC., a Delaware corporation, Appellee. No. 2D21-669 March 16, 2022 Appeal from the Circuit Court for Hillsborough County; Caroline Tesche Arkin, Judge. Stanford R. Solomon and Laura H. Howard of The Solomon Law Group, P.A., Tampa","laware corporation, Appellee. No. 2D21-669 March 16, 2022 Appeal from the Circuit Court for Hillsborough County; Caroline Tesche Arkin, Judge. Stanford R. Solomon and Laura H. Howard of The Solomon Law Group, P.A., Tampa, for Appellant. Brandon W. Banks and Brian M. Walsh of Walsh Banks Law, Orlando",,,,,905,
4jzOQreOFJU,2D20 1651 & 2383,2D2020-1651,True,"BLUE GOOSE CONSTRUCTION, L L C  vs CUTRALE FARMS, L L C",2021-10-06,affirm,Affirmed,True,False,,,False,,False,,John M. Radabaugh,Polk,,"nock Humphries & Berman, Tampa; John W. Frost, II, of Frost Law Firm, Bartow; and Joseph W. Lawrence, II, and Nicole D. Moss of Vezina, Lawrence & Piscitelli, P.A., Ft. Lauderdale, for Appellant/Cross-Appellee. Leanne E. Palmer, Brian P. Kirwin and Douglas W. Ackerman of Kirwin Norris, P.A., Orlando",,,,,1096,
4pjclbOPMGo,2D19-4444,2D2019-4444,True,"STATE FARM MUTUAL AUTOMOBILE INSURANCE COMPANY  vs BENJAMIN D. MARKUSON, ET AL.",2021-03-10,affirm,Affirmed,True,False,,Kelly; Sleet; Lucas,False,,False,,,,," for Appellant. Patrick J. McNamara and David M. Caldevilla of de la Parte and Gilbert, P.A.; and Daniel J. McBreen and Eric D. Nowak of McBreen and Nowak, P.A., Tampa, for Appellee, Benjamin D. Markuson. Sean P. Sheppard and Joshua Gornitsky of Searles, Sheppard and Gornitsky, PLLC, Fort Lauderdale",,,,,1416,
4rARsUH8w-U,2D20 310,2D2020-0310,True,DEVIN ANTHONY MCKENDREE  vs STATE OF FLORIDA,2021-06-16,affirm,Affirmed,True,False,,,False,,False,,Mark D. Kiser,Hillsborough," FLORIDA SECOND DISTRICT DEVIN ANTHONY MCKENDREE, Appellant, v. STATE OF FLORIDA, Appellee. No. 2D20-310 June 16, 2021 Appeal from the Circuit Court for Hillsborough County; Mark D. Kiser, Judge. Howard L. Dimmig, II, Public Defender, and Benedict P. Kuehne, Special Assistant Public Defender, Bartow","ppeal from the Circuit Court for Hillsborough County; Mark D. Kiser, Judge. Howard L. Dimmig, II, Public Defender, and Benedict P. Kuehne, Special Assistant Public Defender, Bartow, for Appellant. Ashley Moody, Attorney General, Tallahassee, and Elba Caridad Martin, Assistant Attorney General, Tampa",,,,,870,
4sMIT-AW5ak,23 1005,2D2023-1005,True,BALTASAR JIMENEZ VS MELBA JIMENEZ,2023-12-20,affirm,Affirmed - Per Curiam Affirmed,True,True,,,False,,False,,,,"T OF APPEAL OF FLORIDA SECOND DISTRICT BALTASAR JIMENEZ, Appellant, v. MELBA JIMENEZ, Appellee. No. 2D23-1005 December 20, 2023 Appeal pursuant to Fla. R. App. P. 9.130 from the Circuit Court for Sarasota County; Maria Ruhl, Judge. Marshall G. Reissman of The Reissman Law Group, P.A., St. Petersburg","er 20, 2023 Appeal pursuant to Fla. R. App. P. 9.130 from the Circuit Court for Sarasota County; Maria Ruhl, Judge. Marshall G. Reissman of The Reissman Law Group, P.A., St. Petersburg, for Appellant. William Wong of William Wong, P.A., Miami; and Douglas A. Orr of The Orr Law Firm, P.L., Cape Coral",,,,,848,
4tbD9iqTO-E,2D20 1445,2D2020-1445,True,DANIEL BENJAMIN HURLEY  vs CHELSEA BERNHEIM,2021-05-12,affirm,Affirmed,True,False,,Lucas; Atkinson; Labrit,False,,False,,,,"RICT DANIEL BENJAMIN HURLEY, ) ) Appellant, ) ) v. ) Case No. 2D20-1445 ) CHELSEA BERNHEIM, ) ) Appellee. ) ) Opinion filed May 12, 2021. Appeal from the Circuit Court for Pinellas County; Pamela A.M. Campbell, Judge. Kansas R. Gooden and Kevin D. Franz of Boyd & Jenerette, P.A, Miami and Boca Raton","HELSEA BERNHEIM, ) ) Appellee. ) ) Opinion filed May 12, 2021. Appeal from the Circuit Court for Pinellas County; Pamela A.M. Campbell, Judge. Kansas R. Gooden and Kevin D. Franz of Boyd & Jenerette, P.A, Miami and Boca Raton, for Appellant. Nancy A Lauten and George A. Vaka of Vaka Law Group, Tampa",,,,,1118,
4vEyLL3npRQ,2D19-4301,2D2019-4301,True,JOHNATHAN JAMES CALDERON  vs STATE OF FLORIDA,2021-04-14,affirm,Affirmed,True,False,,Casanueva; Morris; Stargel,False,,False,,,,"AL OF FLORIDA SECOND DISTRICT JOHNATHAN JAMES CALDERON, ) ) Appellant, ) ) v. ) Case No. 2D19-4301 ) STATE OF FLORIDA, ) ) Appellee. ) ) Opinion filed April 14, 2021. Appeal from the Circuit Court for Hillsborough County; Christopher C. Nash, Judge. Anthony M. Candela, of Candela Law Firm, Riverview",,,,,,1179,
4w8_7CWB2sU,2D21 34,2D2021-0034,True,"ROTOR HOLDINGS, INC.  vs FRIMARC VALCIN AND GARCENA VOLMY",2021-12-22,affirm,Affirmed,True,False,,Silberman; Villanti; Rothstein-Youakim,False,,False,,Leigh Frizzell Hayes,Lee,,"ant, v. FRIMARC VALCIN and GARCENA VOLMY, Appellees. No. 2D21-34 December 22, 2021 Appeal from the Circuit Court for Lee County; Leigh Frizzell Hayes, Judge. P. Brandon Perkins of Campbell Conroy & O'Neil, Plantation, for Appellant. Annette Marie Lyn of Florida Rural Legal Services, Inc., Fort Myers",,,,,814,
4yfXYWvw9gw,2D21 214,2D2021-0214,True,"UNNI HASKELL  vs JOHN S. HASKELL, ET AL",2022-01-21,mixed,Affirmed in Part/Reversed in Part ; remanded.,False,False,Rothstein-Youakim,Rothstein-Youakim; Morris; Khouzam,False,,False,,Doneene D. Loar,Pinellas,"AL CONNECTION FLORIDA, INC., a Florida Corporation; and HASKELL TEXTILES CORP., LLC, a Connecticut Corporation, Appellees. No. 2D21-214 January 21, 2022 Appeal from the Circuit Court for Pinellas County; Doneene D. Loar, Judge. Eric R. Maier and Michael L. Lundy of Older, Lundy Alvarez & Koch, Tampa","2D21-214 January 21, 2022 Appeal from the Circuit Court for Pinellas County; Doneene D. Loar, Judge. Eric R. Maier and Michael L. Lundy of Older, Lundy Alvarez & Koch, Tampa, for Appellant. Lindsay Patrick Lopez and Marie Tomassi of Trenam, Kemker, Scharf, Barkin, Frye, O'Neill & Mullis, P.A., Tampa",,,,,4377,
57KqpBGmhg4,2D21 277,2D2021-0277,True,RIGOBERTO RAMIREZ-GONZALEZ  vs STATE OF FLORIDA,2021-09-24,affirm,Affirmed,True,False,,Kelly; Black; Stargel,False,,False,,Margaret O. Steinbeck,Lee,"T COURT OF APPEAL OF FLORIDA SECOND DISTRICT RIGOBERTO RAMIREZ-GONZALEZ, Appellant, v. STATE OF FLORIDA, Appellee. Case No. 2D21-277 September 24, 2021 Appeal from the Circuit Court for Lee County; Margaret O. Steinbeck, Judge. Christopher E. Cosden of Law Office of Christopher E. Cosden, Fort Myers",". 2D21-277 September 24, 2021 Appeal from the Circuit Court for Lee County; Margaret O. Steinbeck, Judge. Christopher E. Cosden of Law Office of Christopher E. Cosden, Fort Myers, for Appellant. Ashley Moody, Attorney General, Tallahassee, and Ryan Michael Edmiston, Assistant Attorney General, Tampa",,,,,840,
5I8DCrvwjsw,2D20 3734,,False,,,,,,,,,,,,,,,,,,,,,,
5LE6ORF_UG8,24 0988,2D2024-0988,True,"SCHMIDT INVESTMENTS OF SOUTH FLORIDA, LLC, SCHMIDT. v. A. G. DEVELOPMENT GROUP, INC.",2025-04-09,affirm,Affirmed,True,True,,Villanti; Morris; Black,False,,False,,Alissa M. Ellison and Rex Barbas,Hillsborough,"GTON VILLAGE LLC, a Florida limited liability company, Nominally, Appellees. No. 2D2024-0988 April 9, 2025 Appeal from the Circuit Court for Hillsborough County; Alissa M. Ellison and Rex Barbas, Judges. Ryan M. Schmidt, Jon B. Coats, Jr., and J. Patrick Walsh, of Coats Schmidt, P.A., St. Petersburg","ison and Rex Barbas, Judges. Ryan M. Schmidt, Jon B. Coats, Jr., and J. Patrick Walsh, of Coats Schmidt, P.A., St. Petersburg, for Appellants. Raymond T. Elligett, Jr. and Shirley T. Faircloth of Buell Elligett Farrior & Faircloth, P.A., Tampa, and R. Gale Porter, Jr. of Porter Law Group, LLC, Tampa",,,,,1237,
5NBnq-Ufdng,2D21 1190,2D2021-1190,True,"ANDREW STRONG AND CHRISTOPHER STRONG  vs WILMINGTON SAVINGS FUND SOCIETY, FSB, D/B/A CHRISTIANA TRUST AS OWNER OF THE RESIDENTIAL CREDIT OPPORTUNITIES TRUST I I I",2022-04-22,affirm,Affirmed,True,False,,Casanueva; Khouzam; Black,False,,False,,Cynthia Newton,Pinellas,"RC RECEIVABLES CORP.; UNITED STATES OF AMERICA – DEPARTMENT OF THE TREASURY; and WESTCHESTER OF COUNTRYSIDE NEIGHBORHOOD ASSOCIATION, INC., Appellees. No. 2D21-1190 April 22, 2022 Appeal from the Circuit Court for Pinellas County; Cynthia Newton, Judge. Jonathan Kline of Jonathan Kline, P.A., Weston","NTRYSIDE NEIGHBORHOOD ASSOCIATION, INC., Appellees. No. 2D21-1190 April 22, 2022 Appeal from the Circuit Court for Pinellas County; Cynthia Newton, Judge. Jonathan Kline of Jonathan Kline, P.A., Weston, for Appellants. Melisa Manganelli of Law Offices of Mandel, Manganelli & Leider, P.A., Boca Raton",,,,,1217,
5PvXQo49KTs,25 1356,2D2025-1356,True,"Garrett v. Lynch, ARNP, Sarasota Pain Management, et al",2026-07-10,affirm,Affirmed,False,False,Guard,Guard; Lucas; Kelly,False,,False,,Jennifer X. Gabbard,Hillsborough,"yatt Dean Garrett, deceased, Appellant, v. AGNES LYNCH, ARNP; SARASOTA PAIN MANAGEMENT; and PHYSICIAN PARTNERS OF AMERICA, Appellees. No. 2D2025-1356 July 10, 2026 Appeal from the Circuit Court for Hillsborough County; Jennifer X. Gabbard, Judge. Jeffrey B. Crockett of Coffey Burlington, P.L., Miami",,2D2025-1356,https://www.courtlistener.com/opinion/10925388/garrett-v-lynch-arnp-sarasota-pain-management/,10925388,11392926,20707,
5ShzxDvsEG4,23 488,2D2023-0488,True,RAMOS v. RAMOS,2024-05-03,affirm,Affirmed,True,True,,,False,,False,,Teri Kaklis Dees,Manatee,,"STRICT RICHARD RAMOS, Appellant, v. KRYSTAL RAMOS, Appellee. No. 2D2023-0488 May 3, 2024 Appeal from the Circuit Court for Manatee County; Teri Kaklis Dees, Judge. Brandon S. Vesely of The Florida Appellate Firm, P.A., St. Petersburg, for Appellant. Michael Gulisano of Gulisano Law, PLLC, Boca Raton",,,,,777,
5VOs5czMu8k,24 0813,2D2024-0813,True,"GOLUB v. NEFF-GOLUB, O/B/O L.G. AND H.G.",2025-03-19,dismissed,Dismissed for lack of jurisdiction.,False,True,,,False,,False,,Evan Glenn Frayman,Pinellas,,"ECOND DISTRICT JOSHUA GOLUB, Appellant, v. KATIE NEFF-GOLUB, o/b/o L.G. and H.G., Appellee. No. 2D2024-0813 March 19, 2025 Appeal from the Circuit Court for Pinellas County; Evan Glenn Frayman, Judge. J. Andrew Crawford of J. Andrew Crawford, P.A., St. Petersburg, for Appellant. David L. Levy, Largo",,,,,835,
5Ypil4_0HmI,22 2707,2D2022-2707,True,"HOWARD HAYES AND AIDA HAYES VS WELLS FARGO BANK, N. A., ET AL",2023-11-03,affirm,Affirmed - Per Curiam Affirmed,True,True,,Morris; Lucas; Smith,False,,False,,George M. Jirotka,Pinellas,"COND DISTRICT HOWARD HAYES and AIDA HAYES, Appellants, v. WELLS FARGO BANK, N.A., as trustee of The Harborview 2006-12 Trust Fund, Appellee. No. 2D22-2707 November 3, 2023 Appeal from the Circuit Court for Pinellas County; George M. Jirotka, Judge. Kathy L. Houston of Mortgage Lawyers, Coral Springs","d, Appellee. No. 2D22-2707 November 3, 2023 Appeal from the Circuit Court for Pinellas County; George M. Jirotka, Judge. Kathy L. Houston of Mortgage Lawyers, Coral Springs, for Appellants. Allison Morat of Bitman, O'Brien and Morat, PLLC, Lake Mary, and Matthew D. Wolf of Ivanov & Wolf, PLLC, Tampa",,,,,879,
5YvZVoAg0d4,2D20-1420,2D2020-1420,True,"DAVID W. SHEVCHIK, SR.  vs SHELLEY CASEY SUTTON F/ K/ A SHELLEY C. SUTTON SHEVCHIK",2021-04-07,affirm,Affirmed,True,False,,Casanueva; Rothstein-Youakim; Labrit,False,,False,,,,,,,,,,1204,
5a6c1iyZmXM,22 1866,2D2022-1866,True,"MARINA BAY DEVELOPMENT, IV, LLC  vs ARHC LDSPGFL01, LLC",2023-03-24,affirm,Affirmed,True,False,,,False,,False,,Thomas M. Ramsberger,Pinellas,"OF APPEAL OF FLORIDA SECOND DISTRICT MARINA BAY DEVELOPMENT IV, LLC, Appellant, v. ARHC LDSPGFL01, LLC, Appellee. No. 2D22-1866 March 24, 2023 Appeal from the Circuit Court for Pinellas County; Thomas M. Ramsberger, Judge. Stanford R. Solomon and Laura H. Howard of The Solomon Law Group, P.A., Tampa","1, LLC, Appellee. No. 2D22-1866 March 24, 2023 Appeal from the Circuit Court for Pinellas County; Thomas M. Ramsberger, Judge. Stanford R. Solomon and Laura H. Howard of The Solomon Law Group, P.A., Tampa, for Appellant. Harvey W. Gurland, Jr., and Julian A. Jackson-Fannin of Duane Morris LLP, Miami",,,,,825,
5cdo4LXyNno,23 2070,,False,,,,,,,,,,,,,,,,,,,,,,
5gNCIK8oBmw,2D19-2560,2D2019-2560,True,"JEANNE T. TATE, ESQ. AND S. A. C.  vs C. O. W.",2020-07-17,mixed,Affirmed in Part/Reversed in Part ; remanded.,False,False,,Casanueva; Rothstein-Youakim; Smith,False,,False,,,,,"dler of Fiddler Osband, LLC, Edina, Minnesota; and James B. Outman of Hester Outman LLC, Atlanta, Georgia, for Amicus Curiae The Academy of Adoption & Assisted Reproduction Attorneys, Inc. Jean Marie Henne of Jean M. Henne, P.A., Winter Haven; and Anthony Marchese of Anthony B. Marchese, P.A., Tampa",,,,,3009,
5ieabpT4NxI,24 0840,2D2024-0840,True,"COBURN, ESTATE OF ALLEN BARNES v. DAVIS, DAVIS, ET AL.",2025-06-18,affirm,Affirmed,True,True,,Northcutt; Morris; Moe,False,,False,,Helene L. Daniel,Hillsborough,"T AMY COBURN, as personal representative of the Estate of Allen Barnes, Appellant, v. VERA DAVIS, CLIFFORD DAVIS, and CHRISTOPHER MANGAN, Appellees. 2D2024-0840 June 18, 2025 Appeal from the Circuit Court for Hillsborough County; Helene L. Daniel, Judge. Brian J. Lee of Morgan & Morgan, Jacksonville","nt, v. VERA DAVIS, CLIFFORD DAVIS, and CHRISTOPHER MANGAN, Appellees. 2D2024-0840 June 18, 2025 Appeal from the Circuit Court for Hillsborough County; Helene L. Daniel, Judge. Brian J. Lee of Morgan & Morgan, Jacksonville, for Appellant. P. Brandon Perkins of Campbell Conroy & O'Neil, Ft. Lauderdale",,,,,928,
5ka1nhM3c7w,2D20-1353,2D2020-1353,True,"NAPLES ESTATES LIMITED PARTNERSHIP  vs CAROL GARBACIK AND NAPLES ESTATES HOMEOWNERS' ASSOCIATION, INC.",2020-12-23,affirm,Affirmed,True,False,,Northcutt; Sleet; Lucas,False,,False,,,,,"llee. ) ) Opinion filed December 23, 2020. Appeal from the Circuit Court for Collier County; Joseph G. Foster, Judge. J. Allen Bobo and Jody B. Gabel of Lutz, Bobo and Telfair, P.A., of Sarasota, for Appellant. Donald E. Christopher of Baker, Donelson, Bearman, Caldwell and Berkowitz, PC, of Orlando",,,,,1112,
5lkzCbf2hr4,24 1429,2D2024-1429,True,Higbee v. State of Florida,2026-02-11,reverse,Reversed and remanded for a new trial.,False,False,Labrit,Labrit; Khouzam; Morris,False,,False,,Samantha L. Ward,Hillsborough,"PEAL OF FLORIDA SECOND DISTRICT KIERNAN ASHTON HIGBEE, Appellant, v. STATE OF FLORIDA, Appellee. No. 2D2024-1429 February 11, 2026 Appeal from the Circuit Court for Hillsborough County; Samantha L. Ward, Judge. Michael Ufferman and Laurel Cornell Niles of Michael Ufferman Law Firm, P.A., Tallahassee","ary 11, 2026 Appeal from the Circuit Court for Hillsborough County; Samantha L. Ward, Judge. Michael Ufferman and Laurel Cornell Niles of Michael Ufferman Law Firm, P.A., Tallahassee, for Appellant. James Uthmeier, Attorney General, Tallahassee, and Tayna Alexander, Assistant Attorney General, Tampa",2D2024-1429,https://www.courtlistener.com/opinion/10787083/higbee-v-state-of-florida/,10787083,11253724,8338,
5mk-JyhoV0U,2D19-2206,,False,,,,,,,,,,,,,,,,,,,,,,
5nlmMyu6BKM,24 2661,2D2024-2661,True,"Rennhack v. Walmart Stores, Inc.",2026-06-05,affirm,Affirmed,True,True,,Kelly; Morris; Sleet,False,,False,,Edward Nicholas,Manatee," June 5, 2026 Appeal from the Circuit Court for Manatee County; Edward Nicholas, Judge. Bard D. Rockenbach of Burlington & Rockenbach, P.A., West Palm Beach; W. Nelon Kirkland of Dye Harrison Knowles Kirkland Pratt & DePaola, PLLC, Bradenton; and Thomas P. Whitaker, Jr. of Kingdom Counsel, Bradenton","Bard D. Rockenbach of Burlington & Rockenbach, P.A., West Palm Beach; W. Nelon Kirkland of Dye Harrison Knowles Kirkland Pratt & DePaola, PLLC, Bradenton; and Thomas P. Whitaker, Jr. of Kingdom Counsel, Bradenton, for Appellant. Jack R. Reiter and Sydney Feldman D'Angelo of GrayRobinson, P.A., Miami",2D2024-2661,https://www.courtlistener.com/opinion/10870536/rennhack-v-walmart-stores-inc/,10870536,11337994,1190,
5pBbA8w0-NA,2D19-2219,,False,,,,,,,,,,,,,,,,,,,,,,
5pDGio4rooc,23 776,2D2023-0776,True,"COBB, O' DONNELL, et al v. SUNCOAST PRIMATE SANCTUARY FOUNDATION, INC., HOLLEY, et al",2024-06-14,affirm,Affirmed in part; dismissed in part; remanded for further proceedings.,False,True,,,False,,False,,Keith Meyer,Pinellas,", v. SUNCOAST PRIMATE SANCTUARY FOUNDATION, INC.; CHRISTY HOLLEY; NANCY NAGEL; and KEN PELTIER, Appellees. No. 2D2023-0776 June 14, 2024 Appeal from the Circuit Court for Pinellas County; Keith Meyer, Judge. Robert E. Biasotti and Brandon S. Vesely of The Florida Appellate Firm, P.A., St. Petersburg","NANCY NAGEL; and KEN PELTIER, Appellees. No. 2D2023-0776 June 14, 2024 Appeal from the Circuit Court for Pinellas County; Keith Meyer, Judge. Robert E. Biasotti and Brandon S. Vesely of The Florida Appellate Firm, P.A., St. Petersburg, for Appellants. Lee L. Haas of Haas & Castillo, PLLC, Clearwater",,,,,1712,
5pK2WpOrI5E,23 800,2D2023-0800,True,BURTON v. STATE OF FLORIDA,2024-05-17,affirm,Affirmed,True,True,,Kelly; Lucas; Atkinson,False,,False,,Stephen Mathew Whyte,Manatee,"F FLORIDA SECOND DISTRICT WILLIE JAMES BURTON, Appellant, v. STATE OF FLORIDA, Appellee No. 2D2023-0800 May 17, 2024 Appeal from the Circuit Court for Manatee County; Stephen Mathew Whyte, Judge. Howard L. Dimmig, II, Public Defender, and Lawrence R. Metsch, Special Assistant Public Defender, Bartow","mmig, II, Public Defender, and Lawrence R. Metsch, Special Assistant Public Defender, Bartow, for Appellant. Ashley Moody, Attorney General, Tallahassee, and Natalia Reyna- Pimiento, Assistant Attorney General; Krystle Celine Cacci, Assistant Attorney General (substituted as counsel of record) Tampa",,,,,955,
5pj0cMT9hMU,2D21 1967,2D2021-1967,True,"J. STANFORD LIFSEY, ESQ.  vs SUSAN ELIZABETH NEUHOFF, ET AL",2022-06-29,affirm,Affirmed,True,False,,Casanueva; Rothstein-Youakim; Labrit,False,,False,,Gregory Green,Hillsborough,,"IFSEY, Appellant, v. SUSAN LAUDER, F/K/A SUSAN NEUHOFF, Appellee. No. 2D21-1967 June 29, 2022 Appeal from the Circuit Court for Hillsborough County; Gregory Green, Judge. J. Stanford Lifsey, pro se. Angela L. Leiner, Richard J. Mockler, and Katherine Johnson Nassar of Mockler Leiner Law, P.A., Tampa",,,,,854,
5rIS1rkHJ2I,25 0588,2D2025-0588,True,"Sea World Parks & Entertainment, LLC, d/b/a Busch Gardens Tampa Bay v. Abougamal, M.",2026-09-09,reverse,Reversed and remanded.,False,False,Black,Black; Northcutt; Villanti,False,,False,,Melissa M. Polo,Hillsborough," ASMAA ABOUGAMAL, as parent and legal guardian of A.M., a minor, Appellee. No. 2D2025-0588, 2D2025-1220 CONSOLIDATED September 9, 2026 Appeal from the Circuit Court for Hillsborough County; Melissa M. Polo, Judge. David B. Shelton and Candy L. Messersmith of Rumberger, Kirk & Caldwell, P.A., Orlando","r, Appellee. No. 2D2025-0588, 2D2025-1220 CONSOLIDATED September 9, 2026 Appeal from the Circuit Court for Hillsborough County; Melissa M. Polo, Judge. David B. Shelton and Candy L. Messersmith of Rumberger, Kirk & Caldwell, P.A., Orlando, for Appellant. Brian J. Lee of Morgan & Morgan, Jacksonville",2D2025-0588,https://www.courtlistener.com/opinion/10969848/sea-world-parks-entertainment-llc-dba-busch-gardens-tampa-bay-v/,10969848,11437468,39727,
5rt328E292o,23 1853,2D2023-1853,True,"HOMEWARD REAL ESTATE, INC. v. SHOUBAKI, SHOUBAKI",2024-12-20,affirm,Affirmed,True,True,,Northcutt; Kelly; Khouzam,False,,False,,James S. Giardina,Hillsborough,"DISTRICT COURT OF APPEAL OF FLORIDA SECOND DISTRICT HOMEWARD REAL ESTATE, INC., Appellant, v. HUSSIEN SHOUBAKI and HANI SHOUBAKI, Appellees. No. 2D2023-1853 December 20, 2024 Appeal from the County Court for Hillsborough County; James S. Giardina, Judge. George A. Vaka of Vaka Law Group, P.L., Tampa",,,,,,871,
5tJc0gte1iw,2D21 2593,2D2021-2593,True,"GEICO GENERAL INSURANCE COMPANY  vs SUPERIOR AUTO GLASS OF TAMPA BAY, INC.",2022-12-28,affirm,Affirmed,True,False,,,False,,False,,,,,"f Smith, Gambrell & Russell, LLP, for Appellant/Cross-Appellee. David M. Caldevilla of de la Parte, Gilbert, McNamara & Caldevilla, P.A., Tampa; Anthony T. Prieto of Morgan & Morgan, P.A., Tampa; and Christopher P. Calkin and Mike N. Koulianos of The Law Offices of Christopher P. Calkin, P.A., Tampa",,,,,1210,
6-e8eE1Q4uo,2D20-1881,2D2020-1881,True,"WEBB ROOFING & CONSTRUCTION, LLC  vs FEDNAT INSURANCE COMPANY, ET AL.",2021-04-07,affirm,Affirmed,False,False,Casanueva,Casanueva; Lucas; Stargel,False,,False,,,,"OHN LEFEVRE and LISA ) LEFEVRE, ) ) Appellant, ) ) v. ) Case No. 2D20-1881 ) FEDNAT INSURANCE COMPANY, ) ) Appellee. ) ) Opinion filed April 7, 2021. Appeal pursuant to Fla. R. App. P. 9.130 from the Circuit Court for Collier County; Hugh D. Hayes, Judge. Alex Finch of Fromang & Finch, P.A., Orlando","ANCE COMPANY, ) ) Appellee. ) ) Opinion filed April 7, 2021. Appeal pursuant to Fla. R. App. P. 9.130 from the Circuit Court for Collier County; Hugh D. Hayes, Judge. Alex Finch of Fromang & Finch, P.A., Orlando, for Appellant. Warren B. Kwavnick of Cooney Trybus Kwavnick Peets, PLC, Fort Lauderdale",,,,,12683,
66eNKiXFjUs,24 0539,2D2024-0539,True,"DOMINGUEZ v. DGP&S CONSTRUCTION, INC., MORALES",2024-12-27,affirm,Affirmed,True,True,,Northcutt; Kelly; Khouzam,False,,False,,Jennifer X Gabbard,Hillsborough,"ICT MAURICIO DOMINGUEZ, Appellant/Cross-Appellee, v. FELICIANO MORALES and DGP & S CONSTRUCTION, INC., Appellees/Cross-Appellants. No. 2D2024-0539 December 27, 2024 Appeal from the Circuit Court for Hillsborough County; Jennifer X Gabbard, Judge. Mauricio Dominguez, pro se, and Luis Morales, Orlando"," and DGP & S CONSTRUCTION, INC., Appellees/Cross-Appellants. No. 2D2024-0539 December 27, 2024 Appeal from the Circuit Court for Hillsborough County; Jennifer X Gabbard, Judge. Mauricio Dominguez, pro se, and Luis Morales, Orlando, for Appellant. Heather A. DeGrave of Walters Levine & DeGrave, Tampa",,,,,800,
69s9gmR5SSk,2D19-2428,2D2019-2428,True,JEREMIAH LUIS TORRES  vs STATE OF FLORIDA,2021-04-30,affirm,Affirmed,True,False,,Silberman; Kelly; Sleet,False,,False,,,,"REMIAH LUIS TORRES, ) ) Appellant, ) ) v. ) Case No. 2D19-2428 ) STATE OF FLORIDA, ) ) Appellee. ) ) Opinion filed April 30, 2021. Appeal from the Circuit Court for Polk County; J. Kevin Abdoney, Judge. Howard L. Dimmig, II, Public Defender, and J. L. Perez, Special Assistant Public Defender, Bartow",,,,,,1221,
6Ckt1EAGCJk,25 0477,2D2025-0477,True,"Doe v. Federation Francaise Des Sports De Glace, d/b/a French Federation of Ice Sports, et al",2026-02-25,affirm,Affirmed,True,True,,,False,,False,,Susan Barthle,Pasco,,,2D2025-0477,https://www.courtlistener.com/opinion/10800205/x/,10800205,11266881,951,
6EB3AOAoBN0,2D20 3494,2D2020-3494,True,"KERRY TOPJUN  vs MICHELLE BRUNONE, ET AL",2021-11-19,affirm,Affirmed,True,False,,Northcutt; Silberman; Lucas,False,,False,,Andrea McHugh,Sarasota," OF FLORIDA SECOND DISTRICT KERRY S. TOPJUN, Appellant, v. MICHELLE BRUNONE and WELLS FARGO BANK, N.A., Appellees. No. 2D20-3494 November 19, 2021 Appeal from the Circuit Court for Sarasota County; Andrea McHugh, Judge. John C. Dent Jr., and Jennifer A. McClain of Dent & McClain, Chartered, Sarasota","E BRUNONE and WELLS FARGO BANK, N.A., Appellees. No. 2D20-3494 November 19, 2021 Appeal from the Circuit Court for Sarasota County; Andrea McHugh, Judge. John C. Dent Jr., and Jennifer A. McClain of Dent & McClain, Chartered, Sarasota, for Appellant. James D. Gibson of Gibson, Kohl & Wolff, Sarasota",,,,,892,
6GbVpQT3o8E,2D21 1664,2D2021-1664,True,"NATIONWIDE INSURANCE COMPANY OF AMERICA  vs CRESPO & ASSOCIATES, P. A., A/A/O LISA OLIVER",2022-12-28,affirm,Affirmed,False,False,,,False,,False,,Frances M. Perrone,Hillsborough,,,,,,,1495,
6Ivp-h5r6iQ,24 2262,2D2024-2262,True,"Silver, M.D. v. Florida Department of Health",2025-02-21,affirm,Affirmed,True,True,,,False,,False,,,,,,,,,,777,
6Jmxky6-9uk,22 1254,2D2022-1254,True,"RIDGEMOOR MASTER ASSOCIATION, INC. VS TODD W. DOANE",2024-03-20,affirm,Affirmed - Per Curiam Affirmed,True,True,,Sleet; Kelly; Villanti,False,,False,,Karl B. Grube and Myra Scott McNary,Pinellas,"NC., Appellant, v. TODD W. DOANE, Appellee. No. 2D22-1254 March 20, 2024 Appeal from the County Court for Pinellas County; Karl B. Grube and Myra Scott McNary, Judges. Christopher D. Donovan of Roetzel & Andress, LPA, Naples, n/k/a Christopher D. Donovan of Donovan Appellate Law, LLC, Bonita Springs"," 2024 Appeal from the County Court for Pinellas County; Karl B. Grube and Myra Scott McNary, Judges. Christopher D. Donovan of Roetzel & Andress, LPA, Naples, n/k/a Christopher D. Donovan of Donovan Appellate Law, LLC, Bonita Springs, for Appellant. Edward B. Cole of Cole Law Firm, P.A., Palm Harbor",,,,,871,
6MPpVFfxtn8,24 0192,2D2024-0192,True,"BURNS, COLTER-BURNS v. KOONTZ & ASSOCIATES, PL, et al",2024-12-20,affirm,Affirmed,True,True,,Silberman; Kelly; Villanti,False,,False,,Hunter W. Carroll,Sarasota,"ENDANT 1; and OLD REPUBLIC NATIONAL TITLE INSURANCE COMPANY, Appellees. No. 2D2024-0192 December 20, 2024 Appeal from the Circuit Court for Sarasota County; Hunter W. Carroll, Judge. Daniel Joy of Law Office of Daniel Joy, Osprey, and Gregg Horowitz of Law Office of Gregg M. Horowitz, P.A., Sarasota","r 20, 2024 Appeal from the Circuit Court for Sarasota County; Hunter W. Carroll, Judge. Daniel Joy of Law Office of Daniel Joy, Osprey, and Gregg Horowitz of Law Office of Gregg M. Horowitz, P.A., Sarasota, for Appellants. David A. Wallace and Amanda R. Kison of Bentley Goodrich Kison P.A., Sarasota",,,,,1112,
6MXZbF8jGtk,22 4020,2D2022-4020,True,"VENICE HMA, LLC, D/B/A VENICE REGIONAL MEDICAL CENTER v. SARASOTA DOCTORS HOSPITAL, INC., ENGLEWOOD COMMUNITY HOSPITAL, INC., et al",2024-07-31,mixed,Affirmed in part; reversed in part; remanded with instructions.,False,False,Atkinson,Atkinson; Morris; Black,False,,False,,,,,"Associates, Melbourne, for Appellant Venice HMA, LLC, d/b/a Venice Regional Medical Center. Frederick J. Elbrecht, County Attorney, and Karl A. Senkow, Chief Deputy County Attorney, Office of the County Attorney, Sarasota; Raymond T. Elligett, Jr., and Amy S. Farrior of Buell & Elligett, P.A., Tampa",,,,,52065,
6QEN6sELeHE,2D19-3575 & 4485,,False,,,,,,,,,,,,,,,,,,,,,,
6Rhlx7LIZXk,22 2617,2D2022-2617,True,"BERKLEY INSURANCE COMPANY v. BANC OF AMERICA COMMUNITY DEVELOPMENT COMPANY, LLC, TAMPA HOUSING AUTHORITY, et al",2024-05-17,mixed,Affirmed in Part/Reversed in Part and remand.,False,True,,Black; Lucas; Labrit,False,,False,,Darren D. Farfante,Hillsborough,,"n of Brannock Berman & Seider, Tampa; E.A. Seth Mills, Jr., of Mills Law Group, Tampa; and Ty G. Thompson and Robert C. Graham, Jr., of Paskert Divers Thompson, Tampa, for Appellant Berkley Insurance Company. Stacy D. Blank, Joseph H. Varner, III, and Avery A. Holloman of Holland & Knight LLP, Tampa",,,,,8801,
6WgqnQOC8nQ,2D21 3742,2D2021-3742,True,"TOWN OF REDDINGTON BEACH  vs THE BIG BEACH HOUSE, LLC",2022-11-16,affirm,Affirmed,True,False,,Morris; Silberman; Labrit,False,,False,,Patricia A. Muscarella,Pinellas," DISTRICT TOWN OF REDDINGTON BEACH, a Florida municipal corporation, Appellant, v. THE BIG BEACH HOUSE, LLC, Appellee. No. 2D21-3742 November 16, 2022 Appeal from the Circuit Court for Pinellas County; Patricia A. Muscarella, Judge. Robert Michael Eschenfelder of Trask Daigneault, L.L.P., Clearwater","ACH HOUSE, LLC, Appellee. No. 2D21-3742 November 16, 2022 Appeal from the Circuit Court for Pinellas County; Patricia A. Muscarella, Judge. Robert Michael Eschenfelder of Trask Daigneault, L.L.P., Clearwater, for Appellant. Marion Hale and Sharon E. Krick of Johnson, Pope, Bokor, Ruppel & Burns, LLP",,,,,885,
6YyHsFKNsZY,2D19 4834,2D2019-4834,True,"LEILA NANETTE STRANDBERG  vs POKEYS, INC., ET AL",2021-05-21,affirm,Affirmed,True,False,,Khouzam; Kelly; Labrit,False,,False,,,,," filed May 21, 2021. Appeal from the Circuit Court for Hillsborough County; Emmett Lamar Battles, Judge. S. Tanner Williams, Nelson E. Sierra, and James P. Brunet of The Law Offices of Ronald E. Sholes, P.A., Jacksonville; for Appellant. Samuel B. Spinner and Hinda Klein of Conroy Simberg, Hollywood",,,,,1314,
6ZKkWTP6tOg,2D21 1374,2D2021-1374,True,"CALOOSA BAYVIEW CONDOMINIUM ASSOCIATION, INC.  vs HERITAGE PROPERTY & CASUALTY INSURANCE COMPANY",2021-12-22,affirm,Affirmed,True,False,,Silberman; Villanti; Rothstein-Youakim,False,,False,,,,"ppellant, v. HERITAGE PROPERTY & CASUALTY INSURANCE COMPANY, Appellee. No. 2D21-1374 December 22, 2021 Appeal pursuant to Fla. R. App. P. 9.130 from the Circuit Court for Lee County; Leigh Frizzell Hayes, Judge. Cary J. Goggin and Amanda C. Broadwell of Goede, Adamczyk, DeBoest & Cross, PLLC, Naples","y; Leigh Frizzell Hayes, Judge. Cary J. Goggin and Amanda C. Broadwell of Goede, Adamczyk, DeBoest & Cross, PLLC, Naples, for Appellant. Jeffrey A. Rubinton and Veronica Dossat of Rubinton & Associates, P.A., Tampa, and Kara Rockenbach Link and David A. Noel of Link & Rockenbach, PA, West Palm Beach",,,,,1088,
6artGEtvx4c,2D20-1307,2D2020-1307,True,"CARTER & DEAN, LLC  vs KIMBERLY BARNES, INDIVIDUALLY AND AS NATURAL GUARDIAN FOR E.J.P.R., A MINOR, ET AL",2020-12-18,affirm,Affirmed,True,False,,Morris; Black; Smith,False,,False,,,,"ellees. ) ) Opinion filed December 18, 2020. Appeal pursuant to Fla. R. App. P. 9.130 from the Circuit Court for Polk County; Wayne M. Durden, Judge. Daniel S. Liebowitz and Samuel R. Eisenstein of Resnick & Louis, P.C., Orlando; and Brian L. Harvell and Robert Squire of Resnick & Louis, P.C., Miami"," Polk County; Wayne M. Durden, Judge. Daniel S. Liebowitz and Samuel R. Eisenstein of Resnick & Louis, P.C., Orlando; and Brian L. Harvell and Robert Squire of Resnick & Louis, P.C., Miami, for Appellant. Kristin A. Norse, Stuart C. Markman and Jared M. Krukar of Kynes, Markman & Felman, P.A., Tampa",,,,,1618,
6axylQWNKhQ,2D21 3434,2D2021-3434,True,"MARINER INTERNATIONAL TRAVEL, INC. D/ B/ A THE MOORINGS vs JOSHAN PAYBARAH, AS REPRESENTATIVE FOR THE ESTATE OF: GEMMA PAYBARAH",2022-05-18,affirm,Affirmed,True,False,,Casanueva; Silberman; Smith,False,,False,,,,,"al pursuant to Fla. R. App. 9.130 from the Circuit Court for Pinellas County; Keith Meyer, Judge. Beverly A. Pohl of Nelson Mullins, Fort Lauderdale; and Ginger Barry Boyd and Lacey Corona of Nelson Mullins, Tallahassee, for Appellant. Wayne Mitchell of Anderson & Mitchell, PLLC, Seattle, Washington",,,,,1015,
6bsx7NejhPE,24 1001,2D2024-1001,True,"Bartley Investments, Ltd. v. Menendez",2025-12-19,affirm,Affirmed,False,False,Morris,Morris; Northcutt; Black,False,,False,,Paul L. Huey,Hillsborough,"ARTLEY INVESTMENTS, LTD., a Florida limited partnership, Appellant, v. TAMALA MENENDEZ, Appellee. No. 2D2024-1001 December 19, 2025 Appeal from the Circuit Court for Hillsborough County; Paul L. Huey, Judge. Brandon S. Vesely and Robert E. Biasotti of The Florida Appellate Firm, P.A., St. Petersburg","the Circuit Court for Hillsborough County; Paul L. Huey, Judge. Brandon S. Vesely and Robert E. Biasotti of The Florida Appellate Firm, P.A., St. Petersburg, for Appellant. Raymond T. Elligett, Jr., of Buell, Elligett, Farrior & Faircloth, Tampa; and James A. Wardell of Wardell Law Firm, P.A., Tampa",,,,,44849,
6hXHY_AzP0c,2D21 3878,2D2021-3878,True,"EDWARD J. DUNLEY  vs SAMUEL W. DUNLEY, TRUSTEE OF THE JAMES E. DUNLEY REVOCABLE LIVING TRUST, DATED JUNE 26, 1984",2023-01-27,reverse,Reversed and remanded.,False,False,Labrit,Labrit; Morris; Silberman,False,,False,,Hunter W. Carroll,Sarasota,"EY, as trustee for the James E. Dunley Revocable Living Trust, dated June 26, 1984, Appellee. No. 2D21-3878 January 27, 2023 Appeal from the Circuit Court for Sarasota County; Hunter W. Carroll, Judge. John R. Stump and Benjamin C. Iseman of Swann, Hadley, Stump, Dietrich & Spears, P.A., Winter Park",,,,,,9517,
6iUp563IThQ,2D20 3012,2D2020-3012,True,"N M RESIDENTIAL, L L C AND 949 CLEVELAND STREET, L L C  vs PROSPECT PARK DEVELOPMENT, L L C",2022-03-25,reverse,Reversed and remanded.,False,False,Atkinson,Atkinson; Casanueva; Rothstein-Youakim,False,,False,,Thane B. Covert,Pinellas,", v. PROSPECT PARK DEVELOPMENT, LLC, Appellee. No. 2D20-3012 March 25, 2022 Appeal from the Circuit Court for Pinellas County; Thane B. Covert, Judge. Melissa Alagna, M. Shannon McLin, and William D. Palmer of Florida Appeals, Orlando; John H. Bill of Godbold Downing, Bill & Rentz, P.A., Winter Park","sa Alagna, M. Shannon McLin, and William D. Palmer of Florida Appeals, Orlando; John H. Bill of Godbold Downing, Bill & Rentz, P.A., Winter Park, for Appellants. Darryl R. Richards of Johnson Pope Bokor Ruppel & Burns, LLP, Tampa; Rachael L. Wood of Johnson Pope Bokor Ruppel & Burns, LLP, Clearwater",,,,,18710,
6lMp2_R9v0A,22 2609,2D2022-2609,True,LASSITER v. CITIZENS PROPERTY INSURANCE COMPANY,2024-05-29,reverse,Reversed and remanded.,False,False,Morris,Morris; Black; Rothstein-Youakim,False,,False,,Lorraine M. Kelly,Pinellas,,,,,,,24067,
6p0Zyfb9VAQ,22 2192,2D2022-2192,True,"CLERK v. STATE OF FLORIDA, B. S. D.",2023-12-08,reverse,Reversed - Authored Opinion ~ and remanded.,False,False,Rothstein-Youakim,Rothstein-Youakim; Casanueva; Lucas,False,,False,,Samantha L. Ward,Hillsborough,"Appeal from the Circuit Court for Hillsborough County; Samantha L. Ward, Judge. Kristen M. Fiore of Akerman LLP, Tallahassee, and Christine B. Gardner of Akerman LLP, West Palm Beach; and Nancy M. Wallace of Akerman LLP, Tallahassee (substituted as counsel of record); and Mark J. Ware, Legal Counsel","Palm Beach; and Nancy M. Wallace of Akerman LLP, Tallahassee (substituted as counsel of record); and Mark J. Ware, Legal Counsel, for Appellant. Nicholas A. Shannin and Carol B. Shannin, of Shannin Law Firm, P.A., Orlando; and Dayna Maeder and Camille Infantolino, of Maeder Infantolino, LLC, Jupiter",,,,,14028,
6xcMa4hRx8w,24 0527,2D2024-0527,True,HILL v. STATE OF FLORIDA,2025-01-31,affirm,Affirmed,True,True,,,False,,False,,Joshua B. Riba,Pasco,"DISTRICT COURT OF APPEAL OF FLORIDA SECOND DISTRICT RYAN C. HILL, Appellant, v. STATE OF FLORIDA, Appellee. No. 2D2024-0527 January 31, 2025 Appeal from the Circuit Court for Pasco County; Joshua B. Riba, Judge. Blair Allen, Public Defender and Andrea M. Norgard, Assistant Public Defender, Bartow"," January 31, 2025 Appeal from the Circuit Court for Pasco County; Joshua B. Riba, Judge. Blair Allen, Public Defender and Andrea M. Norgard, Assistant Public Defender, Bartow, for Appellant. John M. Guard, Acting Attorney General, and Jeffrey Paul Desousa, Chief Deputy Solicitor General, Tallahassee",,,,,846,
708wBbhS5UQ,2D19-2563,2D2019-2563,True,"LAURA SIMON POLANCO, ET AL  vs SECURITY FIRST INSURANCE CO.",2021-03-03,affirm,Affirmed,True,False,,Northcutt; Morris; Smith,False,,False,,,,") ALEXANDER LORENZO ASTWOOD, ) ) Appellants, ) ) v. ) Case No. 2D19-2563 ) SECURITY FIRST INSURANCE ) COMPANY, ) ) Appellee. ) ) Opinion filed March 3, 2021. Appeal from the Circuit Court for Hillsborough County; Gregory P. Holder, Judge. Erin M. Berger and Melissa A. Giasi of Giasi Law, P.A., Tampa","3 ) SECURITY FIRST INSURANCE ) COMPANY, ) ) Appellee. ) ) Opinion filed March 3, 2021. Appeal from the Circuit Court for Hillsborough County; Gregory P. Holder, Judge. Erin M. Berger and Melissa A. Giasi of Giasi Law, P.A., Tampa, for Appellants. Mark D. Tinker of Cole, Scott, & Kissane, P.A., Tampa",,,,,1205,
70GGc-JZwEo,2D19-1303,,False,,,,,,,,,,,,,,,,,,,,,,
70XsiSbsXQs,2D18-4536,,False,,,,,,,,,,,,,,,,,,,,,,
70lFmO7SJaA,2D18-3742,2D2018-3742,True,SCOTT J. SINGER  vs KATHERINE A. SINGER,2020-07-08,affirm,Affirmed,True,False,,,False,,False,,,,"ISTRICT SCOTT J. SINGER, ) ) Appellant, ) ) v. ) Case No. 2D18-3742 ) KATHERINE A. SINGER, ) ) Appellee. ) ___________________________________) Opinion filed July 8, 2020. Appeal from the Circuit Court for Pinellas County; Susan St. John, Judge. Jason Scott Coupal of Ayo & Iken, PLC, New Port Richey","INE A. SINGER, ) ) Appellee. ) ___________________________________) Opinion filed July 8, 2020. Appeal from the Circuit Court for Pinellas County; Susan St. John, Judge. Jason Scott Coupal of Ayo & Iken, PLC, New Port Richey, for Appellant. John A. Simms of Staack, Simms & Reighard, PLLC, Clearwater",,,,,1058,
70ok3irb-Wc,2D20 2215,2D2020-2215,True,"SAHER ALKAYYAL KADER  vs ASHOD N. AMIRIAN, ET AL",2021-05-21,affirm,Affirmed,True,False,,,False,,False,,,," COURT OF APPEAL OF FLORIDA SECOND DISTRICT SAHER ALKAYYAL KADER, ) ) Appellant, ) ) v. ) Case No. 2D20-2215 ) ASHOD N. AMIRIAN, ) ) Appellee. ) ) Opinion filed May 21, 2021. Appeal from the Circuit Court for Manatee County; Edward Nicholas, Judge. Chase P. Florin of Florin Roebig, P.A., Palm Harbor","ppellant, ) ) v. ) Case No. 2D20-2215 ) ASHOD N. AMIRIAN, ) ) Appellee. ) ) Opinion filed May 21, 2021. Appeal from the Circuit Court for Manatee County; Edward Nicholas, Judge. Chase P. Florin of Florin Roebig, P.A., Palm Harbor, for Appellant. Sarah Lahlou-Amine of Banker Lopez Gassler P.A., Tampa",,,,,1143,
76IWA00H0bQ,24 0664,2D2024-0664,True,"Brita, et al v. Citizens Property Insurance Corporation",2025-06-18,reverse,Reversed and remanded for further proceedings; conflict certified.,False,False,Khouzam,Khouzam,False,,False,,Paul Huey,Hillsborough,"/k/a JUANA TEJADA, Appellants, v. CITIZENS PROPERTY INSURANCE CORPORATION, Appellee. No. 2D2024-0664 June 18, 2025 Appeal from the Circuit Court for Hillsborough County; Paul Huey, Judge. Barbara M. Hernando and Dean Makris of Makris & Mullinax, P.A., Tampa; and Aaron Kling of Kling Law, P.A., Tampa","t Court for Hillsborough County; Paul Huey, Judge. Barbara M. Hernando and Dean Makris of Makris & Mullinax, P.A., Tampa; and Aaron Kling of Kling Law, P.A., Tampa, for Appellants. Evan A. Zuckerman of Vernis & Bowling of Broward, P.A., Hollywood; and Andrew A. Labbe of Groelle & Salmon, P.A., Tampa",,,,,22620,
76UZhiIVMLs,24 1810,2D2024-1810,True,Kelly v. State of Florida,2026-02-18,affirm,Affirmed,True,True,,Lucas; Northcutt; Villanti,False,,False,,Thomas Krug,Sarasota,"DISTRICT COURT OF APPEAL OF FLORIDA SECOND DISTRICT BRADFORD JOHN KELLY, Appellant, v. STATE OF FLORIDA, Appellee. No. 2D2024-1810 February 18, 2026 Appeal from the Circuit Court for Sarasota County; Thomas Krug, Judge. J. Michael Shea, Tampa"," KELLY, Appellant, v. STATE OF FLORIDA, Appellee. No. 2D2024-1810 February 18, 2026 Appeal from the Circuit Court for Sarasota County; Thomas Krug, Judge. J. Michael Shea, Tampa, for Appellant. James Uthmeier, Attorney General, Tallahassee, and Krystle Celine Cacci, Assistant Attorney General, Tampa",2D2024-1810,https://www.courtlistener.com/opinion/10795470/kelly-v-state-of-florida/,10795470,11262122,774,
78BWK3I_dF8,2D19-4371,2D2019-4371,True,"JAK CAPITAL, LLC  vs KATRINA ADAMS, ET AL.",2020-12-09,reverse,Reversed and remanded with directions.,False,False,Villanti,Villanti; Black; Atkinson,False,,False,,,,,"ed December 9, 2020. Appeal from the Circuit Court for Lee County; Robert J. Branning and Joseph C. Fuller, Judges. Ryan W. Owen and David L. Boyette of Adams and Reese LLP, Sarasota, for Appellant. Robson D.C. Powers and Alvaro C. Sanchez of Burandt, Adamski, Feichthaler & Sanchez, PLLC, Cape Coral",,,,,18095,
7Gv4If_VR40,2D20 2071,,False,,,,,,,,,,,,,,,,,,,,,,
7I8L2ZDg1UI,21 1541,2D2021-1541,True,"NICHOLAS C. GLADDING AND DANIELLE GLADDING VS JEANNE D. HILL, ET AL.",2023-05-24,affirm,Affirmed - Authored Opinion,False,False,,Khouzam; Smith,False,,False,,Lee E. Haworth,Sarasota,", JOANN DESROSIERS, JOHN C. DESROSIERS, JEANNE D. HILL, and JACQUELINE D. RUSSELL, Appellees. No. 2D21-1541 May 24, 2023 Appeal from the Circuit Court for Sarasota County; Lee E. Haworth, Senior Judge. David A. Wallace, Morgan R. Bentley, and Amanda R. Kison of Bentley Goodrich Kison, P.A., Sarasota",,,,,,11209,
7PbsLjqyaSY,2D20 2535,2D2020-2535,True,AMY FRANCES PESCHEL  vs JAY GRANGER,2021-09-17,affirm,Affirmed,True,False,,Morris; Sleet; Labrit,False,,False,,Wesley Tibbals,Hillsborough,"DISTRICT COURT OF APPEAL OF FLORIDA SECOND DISTRICT AMY FRANCES PESCHEL, Appellant, v. JAY GRANGER, Appellee. No. 2D20-2535 September 17, 2021 Appeal from the Circuit Court for Hillsborough County; Wesley Tibbals, Judge. Mark A. Neumaier, Tampa","DISTRICT COURT OF APPEAL OF FLORIDA SECOND DISTRICT AMY FRANCES PESCHEL, Appellant, v. JAY GRANGER, Appellee. No. 2D20-2535 September 17, 2021 Appeal from the Circuit Court for Hillsborough County; Wesley Tibbals, Judge. Mark A. Neumaier, Tampa, for Appellant. LeesaAnn N. Dodds, Tampa",,,,,707,
7Xnoa_KUt9s,22 1137,2D2022-1137,True,"VERIZZO v. THE BANK OF NEW YORK MELLON F/ K/ A THE BANK OF NEW YORK, AS SUCCESSOR IN INTEREST TO JP MORGAN CHASE BANK, N. A.,",2024-04-10,affirm,Affirmed - Per Curiam Affirmed,True,True,,Sleet; Morris; Labrit,False,,False,,Andrea McHugh,Sarasota,,,,,,,1604,
7jzWOGuU8rg,2D22 194,,False,,,,,,,,,,,,,,,,,,,,,,
7mB_XUTdaYQ,24 0299,2D2024-0299,False,,,,,,,,,,,,,,,,,,,,,,
7mWn8GhonxI,24 1903,2D2024-1903,True,Matthews-Hamad v. Petty,2026-01-02,affirm,Affirmed,True,True,,Northcutt; Rothstein-Youakim; Atkinson,False,,False,,Thomas M. Ramsberger,Pinellas,,"Appellant, v. ASHLEY RAYNE SMITH and ANTHONY L. PETTY, Appellees. No. 2D2024-1903 January 2, 2026 Appeal from the Circuit Court for Pinellas County; Thomas M. Ramsberger, Judge. Marcy I. LaHart of Marcy I. LaHart, P.A., Tacoma, Washington, for Appellant. George A. Vaka of Vaka Law Group, P.L., Tampa",2D2024-1903,https://www.courtlistener.com/opinion/10768163/matthews-hamad-v-petty/,10768163,11234748,885,
7oPkZsGSQsc,22 4031,2D2022-4031,True,"CITY OF TAMPA VS DWAYNE FREDRICK, ET AL.",2023-08-18,affirm,Affirmed - Authored Opinion,False,False,,,False,,False,,Christopher C. Nash,Hillsborough,"CT CITY OF TAMPA, Appellant, v. DWAYNE FREDRICK and PAULA FREDRICK, Appellees. No. 2D22-4031 August 18, 2023 Appeal from the Circuit Court for Hillsborough County; Christopher C. Nash, Judge. Andrea Zelman, City Attorney, City of Tampa, and Toyin K. Aina- Hargrett, Sr. Assistant City Attorney, Tampa",,,,,,7227,
7q-m9cqGntY,22 953,2D2022-0953,True,"FLORIDA GULF COAST CHAPTER ASSOCIATED BUILDERS & CONTRACTORS, INC. VS CITY OF ST. PETERSBURG",2023-12-08,reverse,Reversed - Authored Opinion ~ and remanded with instructions.,False,False,Kelly,Kelly,False,,False,,Cynthia Newton,Pinellas,", v. CITY OF ST. PETERSBURG, a Political subdivision of the State of Florida, Appellee. No. 2D22-953 December 8, 2023 Appeal from the Circuit Court for Pinellas County; Cynthia Newton, Judge. Brian R. Lambert of Adams and Reese, LLP, Tampa; Richard N. Asfar and Michael J. Baska of Almazan Law, Tampa",,,,,,4088,
7qnVoDLi5Cs,24 2689,2D2024-2689,True,"Bolliger Law Group, PLLC, Bolliger v. Tolli, M.D., P.A., d/b/a Thomas Tolli, M. D.",2025-08-22,affirm,Affirmed,True,True,,Villanti; Sleet; Labrit,False,,False,,Cynthia J. Newton,Pinellas,", ESQ., Appellants, v. THOMAS C. TOLLI, M.D., P.A. d/b/a THOMAS TOLLI, M.D. and KIMBERLY FRINZI n/k/a KlMBERLY SCOGLIETTI, Appellees. No. 2D2024-2689 August 22, 2025 Appeal from the Circuit Court for Pinellas County; Cynthia J. Newton, Judge. Aldo Bolliger of Bolliger Law Group, PLLC, St. Petersburg","LLI, M.D. and KIMBERLY FRINZI n/k/a KlMBERLY SCOGLIETTI, Appellees. No. 2D2024-2689 August 22, 2025 Appeal from the Circuit Court for Pinellas County; Cynthia J. Newton, Judge. Aldo Bolliger of Bolliger Law Group, PLLC, St. Petersburg, for Appellants. Brad Salter of Salter Healy, LLC, St. Petersburg",,,,,934,
7str_PinW2g,2D21 2198,2D2021-2198,True,"EDM-SARASOTA, LLC, NT RETAIL PROPCO, LLC AND NT AIR RIGHTS PROPCO, LLC vs CITY OF SARASOTA",2022-08-26,affirm,Affirmed,True,False,,Kelly; Lucas; Atkinson,False,,False,,Andrea McHugh,Sarasota,"RASOTA, LLC, NT RETAIL PROPCO, LLC and NT AIR RIGHTS PROPCO, LLC, Appellants, v. CITY OF SARASOTA, Appellee. No. 2D21-2198 August 26, 2022 Appeal from the Circuit Court for Sarasota County; Andrea McHugh, Judge. Donald A. Michokovich, Thomas H. Dart, and Ryan W. Owen of Adams and Reese LLP, Sarasota","ppellee. No. 2D21-2198 August 26, 2022 Appeal from the Circuit Court for Sarasota County; Andrea McHugh, Judge. Donald A. Michokovich, Thomas H. Dart, and Ryan W. Owen of Adams and Reese LLP, Sarasota, for Appellants. Robert N. Clarke, Jr. and Martin B. Sipple of Ausley & McMullen, P.A., Tallahassee",,,,,844,
7wlEOPsOUCQ,22 2630,2D2022-2630,True,"CITY OF TAMPA VS TAMPA POLICE BENEVOLENT ASSOCIATION, INC.",2023-09-27,affirm,Affirmed - Per Curiam Affirmed,True,True,,Morris; Smith; Labrit,False,,False,,,,"DISTRICT COURT OF APPEAL OF FLORIDA SECOND DISTRICT CITY OF TAMPA, Appellant, v. TAMPA POLICE BENEVOLENT ASSOCIATION, INC., Appellee. No. 2D22-2630 September 27, 2023 Appeal from the Public Employees Relations Commission. Thomas M. Gonzalez and Natasha Khoyi of GrayRobinson, P.A., Tampa","CT CITY OF TAMPA, Appellant, v. TAMPA POLICE BENEVOLENT ASSOCIATION, INC., Appellee. No. 2D22-2630 September 27, 2023 Appeal from the Public Employees Relations Commission. Thomas M. Gonzalez and Natasha Khoyi of GrayRobinson, P.A., Tampa, for Appellant. Luke Newman of Luke Newman, P.A., Tallahassee",,,,,757,
7xrMjkmNgdA,23 2330,2D2023-2330,True,"WESLEY, EXECUTIVE MORTGAGE & INVESTMENTS, INC. v. DAVIS, DEKLOET REAL ESTATE PARTNERSHIP",2025-01-03,affirm,Affirmed,True,True,,Villanti; Lucas; Atkinson,False,,False,,Christopher Nash,Hillsborough,"ellant, v. CURTIS DAVIS and DEKLOET REAL ESTATE PARTNERSHIP, Appellees. No. 2D2023-2330 January 3, 2025 Appeal from the Circuit Court for Hillsborough County; Christopher Nash, Judge. Shannon L. Troutman, Brandon S. Vesely, and Robert E. Biasotti of The Florida Appellant Firm, P.A., Saint Petersburg","lees. No. 2D2023-2330 January 3, 2025 Appeal from the Circuit Court for Hillsborough County; Christopher Nash, Judge. Shannon L. Troutman, Brandon S. Vesely, and Robert E. Biasotti of The Florida Appellant Firm, P.A., Saint Petersburg, for Appellant. James A. Wardell of Wardell Law Firm, P.A., Tampa",,,,,999,
7zD-uyiw7-Q,23 1570,2D2023-1570,True,"ESTATE OF ROSE CASTILLO, YEDERLINIC, et al v. HEATHER HILL NURSING CENTER, LLC, HEALTH SERVICES MANAGEMENT, INC., et al",2024-04-19,reverse,Reversed and remanded.,False,False,Silberman,Silberman; Morris; Smith,False,,False,,,,"BY SCOTT JACKSON; and CHRISTINA BRANCATO, Appellees. No. 2D2023-1570 April 19, 2024 Appeal pursuant to Fla. R. App. P. 9.130 from the Circuit Court for Pasco County; Declan P. Mansfield, Judge. Megan M. Hunter, Rainey C. Booth, Jr., and Joanna Greber Dettloff of Mendes, Reins & Wilander, PLLC, Tampa","P. 9.130 from the Circuit Court for Pasco County; Declan P. Mansfield, Judge. Megan M. Hunter, Rainey C. Booth, Jr., and Joanna Greber Dettloff of Mendes, Reins & Wilander, PLLC, Tampa, for Appellants. Brandon C. Szymula, James J. Maskowitz, and Kathryn Dunnam Harden of Hall Booth Smith, P.C., Tampa",,,,,6650,
8-vKRPb-u2I,24 1930,2D2024-1930,True,Umsted v. Athanas,2025-08-29,affirm,Affirmed,True,True,,Northcutt; Morris; Black,False,,False,,James R. Stearns,Pasco,,"STRICT In re Estate of Nicholas Manganas, HUGH C. UMSTED, Appellant, v. ANGELA ATHANAS, Appellee. No. 2D2024-1930 August 29, 2025 Appeal from the Circuit Court for Pasco County; James R. Stearns, Judge. Hugh C. Umsted, pro se. Thomas P. Atlman of Law Offices of James J. Altman, P.A., New Port Richey",,,,,790,
82LILjBkE3k,23 98,2D2023-0098,True,"CONCERNED CITIZENS OF TARPON SPRINGS, INC. VS CITY OF TARPON SPRINGS, KAMILE SALAME, AND MORGAN GROUP DEVELOPMENT, LLP",2023-08-23,denied,Denied - PC Denied,True,False,,Sleet; Villanti; Black,False,,False,,,,,,,,,,1042,
85IIAP_o3Lo,2D19-1622,2D2019-1622,True,JOHN GILBERT  vs STATE OF FLORIDA,2021-08-13,affirm,Affirmed,False,False,Labrit,Labrit; Silberman; Black,False,,False,,J. Frank Porter and Josephine Gagliardi,Lee,"ND DISTRICT JOHN WALTER GILBERT, Appellant, v. STATE OF FLORIDA, Appellee. No. 2D19-1622 August 13, 2021 Appeal from the Circuit Court for Lee County; J. Frank Porter and Josephine Gagliardi, Judges. Howard L. Dimmig, II, Public Defender, and Keith W. Upson, Special Assistant Public Defender, Bartow","immig, II, Public Defender, and Keith W. Upson, Special Assistant Public Defender, Bartow, for Appellant. Ashley Moody, Attorney General, Tallahassee; Allison C. Heim, Assistant Attorney General, Tampa; and Helene S. Parnes, Senior Assistant Attorney General, Tampa (substituted as counsel of record)",,,,,22775,
86RxG2fN3G4,25 0583,2D2025-0583,True,"Brown v. Selman, McElroy, et al",2026-05-22,affirm,Affirmed,True,True,,Northcutt; Morris; Smith,False,,False,,,,,,2D2025-0583,https://www.courtlistener.com/opinion/10863263/brown-v-selman-mcelroy/,10863263,11330700,1078,
86zYH0Bzr8g,2D17-3974,2D2017-3974,True,"GENET ARIZONE & VANA SIMON  vs HOMEOWNERS CHOICE PROPERTY & CASUALTY INSURANCE CO., INC.",2020-12-04,affirm,Affirmed,True,False,,Casanueva; Villanti; Labrit,False,,False,,,,"TRICT GENET ARIZONE and VANA SIMON, ) ) Appellants, ) ) v. ) Case No. 2D17-3974 ) HOMEOWNERS CHOICE PROPERTY & ) CASUALTY INSURANCE CO., INC., ) ) Appellee. ) ) Opinion filed December 4, 2020. Appeal from the Circuit Court for Lee County; Keith Kyle, Judge. Melissa A. Giasi of Giasi Law, P.A., Tampa","No. 2D17-3974 ) HOMEOWNERS CHOICE PROPERTY & ) CASUALTY INSURANCE CO., INC., ) ) Appellee. ) ) Opinion filed December 4, 2020. Appeal from the Circuit Court for Lee County; Keith Kyle, Judge. Melissa A. Giasi of Giasi Law, P.A., Tampa, for Appellants. Andrew A. Labbe of Groelle & Salmon, P.A., Tampa",,,,,1184,
896n1degHZk,2D20-1585,2D2020-1585,True,"ROBERT HICKS  vs EDWARD G. KEEBLER AND JEFFREY PEARSON, AS CO-PERSONAL REPRESENTATIVES OF THE ESTATE OF JAMES STEPHEN GEORGE BOGGS",2021-02-12,granted,Granted ; order affirming fnal summary judgement quashed; final summary judgment reversed; case remanded.,False,False,Silberman,Silberman; Lucas; Rothstein-Youakim,False,,False,,,,,,,,,,18607,
8Hc-xqA72m4,2D20-2204,,False,,,,,,,,,,,,,,,,,,,,,,
8Hten4Ge4HQ,2D20-491,2D2020-0491,True,"OSPREY HEALTH CARE CENTER, L L C, ET AL  vs THE ESTATE OF RONALD A. PASCAZI, ET AL",2021-05-14,affirm,Affirmed,True,False,,Silberman; Kelly; Sleet,False,,False,,,,,"Fla. R. App. P. 9.130 from the Circuit Court for Pinellas County; Keith Meyer, Judge. Thomas A. Valdez, Vilma Martinez and Kimberly J. Lopater of Quintairos, Prieto, Wood & Boyer, P.A., Tampa, for Appellants. Megan Gisclar Colter, Lisa M. Tanaka and Donna K. Hanes of Wilkes & Associates, P.A., Tampa",,,,,1490,
8LJ1-vpSgtw,24 2425,2D2024-2425,True,"Kabaa, Al Hadri v. Ortho Neuro Surgical, LLC, Gleis, M. D.",2025-08-15,affirm,Affirmed,False,True,,Lucas; Silberman; Villanti,False,,False,,,,"T OMAR KABAA and NADIA AL HADRI, Appellants, v. ORTHO NEURO SURGICAL, LLC, and CHRISTOPHER GLEIS, M.D., Appellees. No. 2D2024-2425 August 15, 2025 Appeal pursuant to Fla. R. App. P. 9.130 from the Circuit Court for Hillsborough County; Mark Wolfe, Judge. Brian J. Lee of Morgan & Morgan, Jacksonville",", Appellees. No. 2D2024-2425 August 15, 2025 Appeal pursuant to Fla. R. App. P. 9.130 from the Circuit Court for Hillsborough County; Mark Wolfe, Judge. Brian J. Lee of Morgan & Morgan, Jacksonville, for Appellants. Marie A. Borland, Ethen R. Shapiro, and Elise J. Berry of Hill Ward Henderson, Tampa",,,,,1287,
8PK4yvktg1M,21 2273,2D2021-2273,True,"ETHAN TADD LEVY, P. A. VS DEPT. OF HEALTH",2023-08-23,affirm,Affirmed - Authored Opinion,False,False,,Villanti; Black,False,,False,,,," TADD LEVY, P.A., Appellant, v. DEPARTMENT OF HEALTH, Appellee. Nos. 2D21-2273, 2D21-3815 CONSOLIDATED August 23, 2023 Appeal from the Florida Department of Health, Board of Medicine. Richard M. Hanchett and Lindsay Patrick Lopez of Trenam, Kemker, Scharf, Barkin, Frye, O'Neill & Mullis, P.A., Tampa",,,,,,15970,
8PWjhPMFRwA,2D21 117,2D2021-0117,True,DEVENY C. ALEXANDER  vs JUSTIN W. SCHWETER,2022-02-25,affirm,Affirmed,True,False,,Kelly; Stargel; Labrit,False,,False,,Keith Meyer,Pinellas,"DISTRICT COURT OF APPEAL OF FLORIDA SECOND DISTRICT DEVENY C. ALEXANDER, Appellant, v. JUSTIN W. SCHWETER, Appellee. No. 2D21-117 February 25, 2022 Appeal from the Circuit Court for Pinellas County; Keith Meyer, Judge. Somah Sameni of Faith Legal Aid, Tampa","OF APPEAL OF FLORIDA SECOND DISTRICT DEVENY C. ALEXANDER, Appellant, v. JUSTIN W. SCHWETER, Appellee. No. 2D21-117 February 25, 2022 Appeal from the Circuit Court for Pinellas County; Keith Meyer, Judge. Somah Sameni of Faith Legal Aid, Tampa, for Appellant. Mohamad A. Akbik of Akbik Law, Clearwater",,,,,711,
8QZY_6fEMyQ,2D19-1223,,False,,,,,,,,,,,,,,,,,,,,,,
8TPsyLgfvKA,2D20 3302,2D2020-3302,True,"ACHIM GINSBERG-KLEMMT AND ERIKA GINSBERG-KLEMMT  vs LAWRENCE POINTE CONDOMINIUM ASSOCIATION, INC. AND SLAB, LLC",2022-04-01,mixed,Affirmed in Part/Reversed in Part ; remanded.,False,False,Black,Black,False,,False,,Hunter W. Carroll,Sarasota,,,,,,,3784,
8Tt2QGuaRfo,2D20-715,2D2020-0715,True,TYLER BROOKS DUNCAN  vs STATE OF FLORIDA,2021-04-16,affirm,Affirmed,True,False,,Kelly; Black; Labrit,False,,False,,,,"ND DISTRICT TYLER BROOKS DUNCAN, ) ) Appellant, ) ) v. ) Case No. 2D20-715 ) STATE OF FLORIDA, ) ) Appellee. ) ___________________________________) Opinion filed April 16, 2021. Appeal from the Circuit Court for Polk County; J. Kevin Abdoney, Judge. Michael Hrdlicka of Gomez & Touger, P.A., Lakeland",,,,,,1092,
8__8O8Cmtfs,2D22 1287,2D2022-1287,True,"GINA OVIEDO-BATT, M.D. AND LAKE MAGDALENE EMERGENCY PHYSICIANS, LLC  vs TAVIA J. STOKES, ET AL",2022-12-14,denied,Denied,True,False,,Casanueva; Khouzam; Labrit,False,,False,,,,,,,,,,1123,
8_r3SuTPgGQ,24 2082,2D2024-2082,True,"City of Tampa, Florida v. Liberty Hospitality Management, LLC",2026-03-06,granted,Petition granted.,False,False,Morris,Morris; Silberman; Sleet,False,,False,,,,,,2D2024-2082,https://www.courtlistener.com/opinion/10804772/city-of-tampa-florida-v-liberty-hospitality-management-llc/,10804772,11271507,23054,
8cDJptsCBow,25 2373,2D2025-2373,True,Judd v. Judd,2026-07-31,affirm,Affirmed,True,True,,Sleet; Atkinson; Guard,False,,False,,David Ellis,Pinellas,,"ICT COURT OF APPEAL OF FLORIDA SECOND DISTRICT DOTTY JUDD, Appellant, v. JEFFREY JUDD, Appellee. No. 2D2025-2373 July 31, 2026 Appeal from the Circuit Court for Pinellas County; David Ellis, Judge. Bridget Remington and Ellen E. Ware of Ware Law Group, Tampa, for Appellant. Brooke Elvington, Dunedin",2D2025-2373,https://www.courtlistener.com/opinion/10937576/judd-v-judd/,10937576,11405152,735,
8eL2RGSw0IU,24 2052,2D2024-2052,True,"Kaplafka-Dinofa v. Camden Operating, L.P.",2025-11-26,affirm,Affirmed.,True,True,,Kelly; Villanti; Labrit,False,,False,,Emily A. Peacock,Hillsborough,". CAMDEN OPERATING, L.P.; CAMDEN DEVELOPMENT, INC.; and TEAM MANAGEMENT OF PASCO, INC., Appellees. No. 2D2024-2052 November 26, 2025 Appeal from the Circuit Court for Hillsborough County; Emily A. Peacock, Judge. Michael J. Labbee and Tyler A. Hayden of Phillips, Hayden & Labbee, LLP, St. Petersburg",,2D2024-2052,https://www.courtlistener.com/opinion/10751027/kaplafka-dinofa-v-camden-operating-lp/,10751027,11217612,864,
8gG1e1xlws4,22 11,2D2022-0011,True,JIMMIE JEROME MANNING VS STATE OF FLORIDA,2023-09-01,affirm,Affirmed - Per Curiam Affirmed,True,True,,Sleet; Villanti; Black,False,,False,,Mary M. Handsel,Pasco,,"rcuit Court for Pasco County; Mary M. Handsel, Judge. Howard L. Dimmig, II, Public Defender, and Benedict P. Kuehne and Michael T. Davis, Special Assistant Public Defenders, Bartow, for Appellant. Ashley Moody, Attorney General, Tallahassee, and James A. Hellickson, Assistant Attorney General, Tampa",,,,,892,
8hTPRlCyW8I,2D20-2988,2D2020-2988,True,"THOMAS J. FOSTER, SR.  vs CHRISTA RADULOVICH, THE EMERGENCY TEMPORARY GUARDIAN, ET AL",2021-12-17,granted,Granted Petition for writ of certiorari granted; order quashed; remanded for further proceedings consistent with this opinion,False,False,Atkinson,Atkinson; Lucas; Rothstein-Youakim,False,,False,,,,,,,,,,23831,
8ih9MzinJKI,22 2517,2D2022-2517,True,FISION CORPORATION VS MARIA FRUEH,2023-08-23,affirm,Affirmed - Authored Opinion,False,False,,Smith; Atkinson,False,,True,Atkinson,Darren D. Farfante,Hillsborough,"A FRUEH, Appellee. No. 2D22-2517 August 23, 2023 Appeal from the Circuit Court for Hillsborough County; Darren D. Farfante, Judge. Cory L. Chandler of Spector Gadon Rosen Vinci P.C., St. Petersburg; and Kristen Over of Spector Gadon Rosen Vinci P.C., St. Petersburg (substituted as counsel of record)","rcuit Court for Hillsborough County; Darren D. Farfante, Judge. Cory L. Chandler of Spector Gadon Rosen Vinci P.C., St. Petersburg; and Kristen Over of Spector Gadon Rosen Vinci P.C., St. Petersburg (substituted as counsel of record), for Appellant. V. Stephen Cohen of Bajo Cohen Agliano P.A., Tampa",,,,,21163,
8mhSKHIIu3s,23 96,2D2023-0096,True,"OPTUMRX v. KING'S DRUGS, INC., VISTACARE PHARMACY SERVICES, LLC, et al",2024-04-17,reverse,Reversed and remanded.,False,False,Lucas,Lucas; Northcutt; Casanueva,False,,False,,Rex M. Barbas,Hillsborough,"pellees. No. 2D2023-0096 April 17, 2024 Appeal from the Circuit Court for Hillsborough County; Rex M. Barbas, Judge. Kristen M. Fiore of Akerman LLP, Tallahassee; Michael J. Holecek of Gibson, Dunn & Crutcher LLP, Los Angeles, California; Alexandra M. Mora and Ndifreka U. Uwem of Akerman, LLP, Miami","ifornia; Alexandra M. Mora and Ndifreka U. Uwem of Akerman, LLP, Miami, for Appellant. Richard E. Miller of Jacobs Law Group, PC, Philadelphia, Pennsylvania; Sean Estes of Hoyer Law Group, PLLC, Tampa; and Mark R. Rosen, admitted pro hac vice, of Jacobs Law Group, PC, West Conshohocken, Pennsylvania",,,,,19694,
8o4CDSO_6vQ,24 1900,2D2024-1900,True,"Doe, Doe v. Young Men's Christian Association of the Suncoast, Inc., Cortez, et al",2026-05-15,mixed,Affirmed in part; reversed in part; and remanded.,False,False,Sleet,Sleet; Lucas; Black,False,,False,,Cynthia J. Newton,Pinellas,"NCOAST, INC.; DELONYX CORTEZ; LINDA PENN; PLAY SPACE SERVICES, INC.; M.D.K.; and C.K., Appellees. No. 2D2024-1900 May 15, 2026 Appeal from the Circuit Court for Pinellas County; Cynthia J. Newton, Judge. Bradley S. Bell of Bell Law Group, Tampa; and Joshua Drechsel of Josh Firm, P.A., St. Petersburg",,2D2024-1900,https://www.courtlistener.com/opinion/10859298/doe-doe-v-young-mens-christian-association-of-the-suncoast-inc-cortez/,10859298,11326701,24891,
8u0qo9cHp5Q,2D19-2454,2D2019-2454,True,"GAYLE M. BURNS  vs LAW OFFICES OF LYNWOOD ARNOLD, P. A.",2021-08-11,affirm,Affirmed,False,False,,,False,,False,,Daryl M. Manning,Hillsborough,"DISTRICT COURT OF APPEAL OF FLORIDA SECOND DISTRICT GAYLE M. BURNS, Appellant, v. LAW OFFICES OF LYNWOOD ARNOLD, P.A., Appellee. No. 2D19-2454 August 11, 2021 Appeal from the Circuit Court for Hillsborough County; Daryl M. Manning, Judge. Drew J. Daddono, Tampa","RNS, Appellant, v. LAW OFFICES OF LYNWOOD ARNOLD, P.A., Appellee. No. 2D19-2454 August 11, 2021 Appeal from the Circuit Court for Hillsborough County; Daryl M. Manning, Judge. Drew J. Daddono, Tampa, for Appellant. Liben M. Amedie, Tampa, and David M. Caldevilla of de la Parte & Gilbert, P.A., Tampa",,,,,1862,
9-nn9tEXUhI,2D19-4583,2D2019-4583,True,MARY IWANICKI  vs SAFEPOINT INSURANCE CO.,2021-08-11,reverse,Reversed and remanded.  **CORRECTED**,False,False,Northcutt,Northcutt; Morris; Smith,False,,False,,Cheryl K. Thomas,Hillsborough,"IDA SECOND DISTRICT MARY IWANICKI, Appellant, v. SAFEPOINT INSURANCE COMPANY, Appellee. No. 2D19-4583 August 11, 2021 Appeal from the Circuit Court for Hillsborough County; Cheryl K. Thomas, Judge. Jeffrey S. Pekar of Pekar Law, P.A., Tampa, and Jason A. Herman of Herman & Wells, P.A., Pinellas Park",,,,,,10067,
90kr-c0Mcco,2D21 1455,2D2021-1455,True,"NATHAN T. WOOD  vs PORTFOLIO RECOVERY ASSOCIATES, LLC",2022-12-07,affirm,Affirmed,True,False,,Lucas; Rothstein-Youakim; Smith,False,,False,,Chet A. Tharpe and Monique Scott,Hillsborough,"ISTRICT COURT OF APPEAL OF FLORIDA SECOND DISTRICT NATHAN T. WOOD, Appellant, v. PORTFOLIO RECOVERY ASSOCIATES, LLC, Appellee. No. 2D21-1455 December 7, 2022 Appeal from the County Court for Hillsborough County; Chet A. Tharpe and Monique Scott, Judges. Ian R. Leavengood of LeavenLaw, St. Petersburg","TES, LLC, Appellee. No. 2D21-1455 December 7, 2022 Appeal from the County Court for Hillsborough County; Chet A. Tharpe and Monique Scott, Judges. Ian R. Leavengood of LeavenLaw, St. Petersburg, for Appellant. Robert E. Sickles, Yesica S. Liposky, and Jason S. Lambert of Dinsmore & Shohl, LLP, Tampa",,,,,807,
91R_Ik-zCoI,2D19 4073,2D2019-4073,True,"JOHN JONCHUCK, JR.  vs STATE OF FLORIDA",2022-11-18,affirm,Affirmed,True,False,,,False,,False,,Chris Helinger,Pinellas,,"Alice B. Copek, Special Assistant Public Defender, Bartow, for Appellant/Cross-Appellee. Ashley Moody, Attorney General, Tallahassee; and Helene S. Parnes, Special Assistant Attorney General, Christopher A. Phillips, Assistant Attorney General, and Cynthia Richards, Assistant Attorney General, Tampa",,,,,1062,
95Z7O3siYEo,2D21 252,2D2021-0252,True,"ELLEN JONES, AS PERSONAL REPRESENTATIVE OF THE ESTATE OF LORETTA THOMAS  vs LANCE M. MCKINNEY, AS CURATOR OF THE ESTATE OF ADELAIDE TUNNELL",2022-04-20,reverse,Reversed and remanded.,False,False,Northcutt,Northcutt; Silberman; Lucas,False,,False,,Donald H. Mason,Charlotte,"sentative of the Estate of Loretta Thomas, deceased, Appellant, v. LANCE M. McKINNEY, as curator of the Estate of Adelaide Tunnell, deceased, Appellee. No. 2D21-252 April 20, 2022 Appeal from the Circuit Court for Charlotte County; Donald H. Mason, Judge. Patrick J. Reilly of Snyder & Reilly, Venice",,,,,,6463,
96F5yEc9aOo,2D21 521,2D2021-0521,True,"PETRONEX TECHNOLOGIES, LLC  vs VICKI LYNN MADDOX",2023-02-24,mixed,Affirmed in Part/Reversed in Part and remanded.,False,False,Black,Black; Casanueva; Kelly,False,,False,,Christine A. Marlewski,Hillsborough,"v. VICKI LYNN MADDOX, Appellee, and PETRONEX TECHNOLOGIES, LLC, Appellant, v. VICKI LYNN MADDOX, Appellee. Nos. 2D21-517, 2D21-521 CONSOLIDATED February 24, 2023 Appeal from the Circuit Court for Hillsborough County; Christine A. Marlewski, Judge. Matthew J. Conigliaro of Carlton Fields, P.A., Tampa","al from the Circuit Court for Hillsborough County; Christine A. Marlewski, Judge. Matthew J. Conigliaro of Carlton Fields, P.A., Tampa, for Appellants. Kymberly A. Starr of Starr Law, P.A., Lakeland (withdrew after briefing); Aaron Proulx of Proulx Law, Palm Harbor (substituted as counsel of record)",,,,,16973,
96IOq-PGNbY,2D20-1239,2D2020-1239,True,RONALD HOWARTH  vs DIANE LOMBARDI,2020-12-11,granted,Granted ; order and opinion quashed; remanded for further proceedings.,False,False,,Casanueva; Villanti; Labrit,False,,False,,,,,,,,,,8029,
98dTyQ_5jLE,24 1062,2D2024-1062,True,"Clerk of Circuit Court and Comptroller, Hillsborough County v. Manhattan Palms Association One, LLC",2025-07-23,reverse,Reversed and remanded; conflict certified.,False,False,Villanti,Villanti; Northcutt; Morris,False,,False,,,,"v. MANHATTAN PALMS ASSOCIATION ONE, LLC, Appellee. No. 2D2024-1062 July 23, 2025 Appeal pursuant to Fla. R. App. P. 9.130 from the Circuit Court for Hillsborough County; Paul L. Huey, Judge. Kristen M. Fiore of Akerman LLP, Tallahassee; and Jason L. Margolin and Keenan Molaskey of Akerman LLP, Tampa","0 from the Circuit Court for Hillsborough County; Paul L. Huey, Judge. Kristen M. Fiore of Akerman LLP, Tallahassee; and Jason L. Margolin and Keenan Molaskey of Akerman LLP, Tampa, for Appellant. Gregory Bryl of Bryl Law Offices, Sunny Isles Beach; and Henry G. Gyden of Gyden Law Group, P.A., Tampa",,,,,15062,
9AcKZSeqy8U,22 1800,2D2022-1800,True,"HASKELL v. PCP GROUP, LLC",2024-05-29,reverse,Reversed and remanded with instructions.,False,False,Kelly,Kelly; Rothstein-Youakim; Atkinson,False,,True,Atkinson,,,,,,,,,8120,
9BReuwWmV-Q,25 1718,2D2025-1718,True,"Doe, Doe v. Young Men's Christian Association of the Suncoast, Inc., Cortez, et al",2026-01-28,denied,Denied,True,True,,Kelly; Black; Rothstein-Youakim,False,,False,,,,,,2D2025-1718,https://www.courtlistener.com/opinion/10780447/x/,10780447,11247061,1279,
9EcRznZm6yI,22 3831,2D2022-3831,True,M. K. D. VS STATE OF FLORIDA,2023-08-25,affirm,Affirmed - Per Curiam Affirmed,True,True,,,False,,False,,Patrice W. Moore,Pinellas,"OURT OF APPEAL OF FLORIDA SECOND DISTRICT M.K.D., Appellant, v. STATE OF FLORIDA, Appellee. No. 2D22-3831 August 25, 2023 Appeal from the Circuit Court for Pinellas County; Patrice W. Moore, Judge. Howard L. Dimmig, II, Public Defender, and Anthony C. Musto, Special Assistant Public Defender, Bartow","Judge. Howard L. Dimmig, II, Public Defender, and Anthony C. Musto, Special Assistant Public Defender, Bartow, for Appellant. Ashley Moody, Attorney General, Tallahassee, and Katherine Coombs Cline, Assistant Attorney General, Tampa; and Alicia M. Winterkorn, Tampa (substituted as counsel of record)",,,,,1044,
9Eq3kHSeocc,22 4126 & 4127,2D2022-4126,True,"STEVE SIMON AND MAX JACQUES VS ADALBERTO JARAMILLO, LLC; AND",2024-01-31,affirm,Affirmed - Per Curiam Affirmed,True,True,,,False,,False,,,,"ppellants, v. ADALBERTO JARAMILLO, LLC; and ADALBERTO JARAMILLO, Appellees. No. 2D22-4126 January 31, 2024 Appeal pursuant to Fla. R. App. P. 9.130 from the Circuit Court for Hillsborough County; Christopher C. Nash, Judge. Christopher M. Palermo of the Law Offices of Christopher Palermo, P.A., Lutz","lees. No. 2D22-4126 January 31, 2024 Appeal pursuant to Fla. R. App. P. 9.130 from the Circuit Court for Hillsborough County; Christopher C. Nash, Judge. Christopher M. Palermo of the Law Offices of Christopher Palermo, P.A., Lutz, for Appellants. Mya M. Hatchette of Maynard Nexsen P.C., Winter Park",,,,,876,
9FRiy80bDVw,23 1544,2D2023-1544,True,"MANUELIAN v. STARR, ET AL.",2024-05-01,affirm,Affirmed,True,True,,Villanti; Black; Atkinson,False,,False,,Kemba Lewis,Pasco," v. JENNIFER L. STARR, individually and in the Capacity as Trustee of the Laura Kirkland Trust dated 3/10/05 and in the Capacity as Trustee of the Starr Trust, Appellee. No. 2D2023-1544 May 1, 2024 Appeal from the Circuit Court for Pasco County; Kemba Lewis, Judge. Donald J. Schutz, Saint Petersburg",,,,,,875,
9FaySxYDWCo,25 0953,2D2025-0953,True,Sarup v. Citizens Property Insurance Corporation,2026-08-21,affirm,Affirmed,False,True,,Northcutt; Villanti; Khouzam,False,,False,,Amy M. Williams,Pinellas,"DISTRICT COURT OF APPEAL F FLORIDA SECOND DISTRICT ANKUR SARUP, Appellant, v. CITIZENS PROPERTY INSURANCE CORPORATION, Appellee. No. 2D2025-0953 August 21, 2026 Appeal from the Circuit Court for Pinellas County; Amy M. Williams, Judge. Matthew K. Mullinax of Makris & Mullinax, P.A., Tampa","ION, Appellee. No. 2D2025-0953 August 21, 2026 Appeal from the Circuit Court for Pinellas County; Amy M. Williams, Judge. Matthew K. Mullinax of Makris & Mullinax, P.A., Tampa, for Appellant. David T. Burr, C. Ryan Jones, and Scot E. Samis, of Traub Lieberman Straus & Shrewsberry LLP, St. Petersburg",2D2025-0953,https://www.courtlistener.com/opinion/10954401/sarup-v-citizens-property-insurance-corporation/,10954401,11422001,1169,
9GgIk7NL8ns,25 0356,2D2025-0356,False,,,,,,,,,,,,,,,,,,,,,,
9HUVa_mLUYw,23 1789,2D2023-1789,True,PROGRESSIVE SELECT INSURANCE COMPANY v. TRAN,2024-10-02,affirm,Affirmed,True,True,,Morris; Atkinson; Smith,False,,False,,Rex M. Barbas,Hillsborough,"Appellant, v. JULIE TRAN Appellee. No. 2D2023-1789 October 2, 2024 Appeal from the Circuit Court for Hillsborough County; Rex M. Barbas, Judge, and J. Logan Murphy, Acting Circuit Judge. Kevin D. Franz of Boyd & Jenerette, P.A., Boca Raton, and Jennifer Aybar Karr of Boyd & Jenerette, P.A., Maitland"," Appeal from the Circuit Court for Hillsborough County; Rex M. Barbas, Judge, and J. Logan Murphy, Acting Circuit Judge. Kevin D. Franz of Boyd & Jenerette, P.A., Boca Raton, and Jennifer Aybar Karr of Boyd & Jenerette, P.A., Maitland, for Appellant. Jeffrey M. Byrd of Jeffrey M. Byrd, P.A., Orlando",,,,,871,
9IUJbPeJkQg,25 1230,2D2025-1230,True,"Yo, Yo Company, Inc., et al v. Kim",2025-10-15,denied,Denied,True,True,,Villanti; Khouzam; Black,False,,False,,,,,,2D2025-1230,https://www.courtlistener.com/opinion/10751724/x/,10751724,11218309,873,
9Lq4qS01Uhw,2D20 1655,2D2020-1655,True,CHRISTIAN MUNDO  vs STATE OF FLORIDA,2022-02-11,affirm,Affirmed,True,False,,,False,,False,,Don T. Hall,DeSoto,"O, Appellant, v. STATE OF FLORIDA, Appellee. No. 2D20-1655 February 11, 2022 Appeal from the Circuit Court for DeSoto County; Don T. Hall, Judge. Howard L. Dimmig, II, Public Defender, and Benedict P. Kuehne and Michael T. Davis of Kuehne Davis Law, P.A, as Special Assistant Public Defenders, Bartow","ounty; Don T. Hall, Judge. Howard L. Dimmig, II, Public Defender, and Benedict P. Kuehne and Michael T. Davis of Kuehne Davis Law, P.A, as Special Assistant Public Defenders, Bartow, for Appellant. Ashley Moody, Attorney General, Tallahassee, and Kiersten E. Jensen, Assistant Attorney General, Tampa",,,,,951,
9UbbtO_VWI0,2D21 2515,2D2021-2515,True,JEFFREY ALLAN GRIMES  vs FEDERAL NATIONAL MORTGAGE ASSOCIATION,2022-11-16,affirm,Affirmed,True,False,,Northcutt; Casanueva; Khouzam,False,,False,,Emmett Lamar Battles,Hillsborough,,"; Emmett Lamar Battles, Judge. Blake J. Fredrickson of Cremeens Law Group, PLLC, Tampa, for Appellant. Nancy M. Wallace of Akerman LLP, Tallahassee; William P. Heller of Akerman LLP, Fort Lauderdale; Eric M. Levine of Akerman LLP, West Palm Beach; and Marc J. Gottlieb of Akerman LLP, Fort Lauderdale",,,,,933,
9VEOrX7e6i4,22 2349,2D2022-2349,True,"LANDIN v. MAGINLEY, PERRY, et al",2024-03-08,affirm,Affirmed - Per Curiam Affirmed,True,True,,Northcutt; Silberman; Kelly,False,,False,,Cynthia J. Newton,Pinellas,"ant, v. MARILYN MAGINLEY, DANIA PERRY, JIM WHITE & ASSOCIATES, INC. D/B/A CENTURY 21 JIM WHITE AND ASSOCIATES, INC., and JAMES R. WHITE, JR., Appellees. No. 2D22-2349 March 8, 2024 Appeal from the Circuit Court for Pinellas County; Cynthia J. Newton, Judge. Carroll G. Sanders of CGS Law, P.A., Tampa","/A CENTURY 21 JIM WHITE AND ASSOCIATES, INC., and JAMES R. WHITE, JR., Appellees. No. 2D22-2349 March 8, 2024 Appeal from the Circuit Court for Pinellas County; Cynthia J. Newton, Judge. Carroll G. Sanders of CGS Law, P.A., Tampa, for Appellant. Ryan M. Schmidt of Coats Schmidt, P.A., St. Petersburg",,,,,1080,
9bGJAhUJ_jQ,25 2866,2D2025-2866,True,Citizens Property Insurance Corporation v. Nekouee,2026-08-14,granted,Petition granted; order quashed.,False,False,,Morris; Sleet,False,,False,,,,,,2D2025-2866,https://www.courtlistener.com/opinion/10948474/x/,10948474,11416061,20776,
9h4UhtyQT6k,24 2393,2D2024-2393,True,Dawson v. Sonju,2025-09-12,denied,Denied,True,False,,Northcutt; Silberman; Labrit,False,,False,,,,,,,,,,884,
9jy4mSa0les,2D20-1531,2D2020-1531,True,ANTWAN MORCOS  vs ANGIE GAD,2021-04-07,affirm,Affirmed,True,False,,Casanueva; Rothstein-Youakim; Labrit,False,,False,,,,"RMINED IN THE DISTRICT COURT OF APPEAL OF FLORIDA SECOND DISTRICT ANTWAN MORCOS, ) ) Appellant, ) ) v. ) Case No. 2D20-1531 ) ANGIE GAD, ) ) Appellee. ) ) Opinion filed April 7, 2021. Appeal from the Circuit Court for Pasco County; David Ellis, Judge. Sean T. Donovan of Butash and Donovan, LLC, Lutz","ANTWAN MORCOS, ) ) Appellant, ) ) v. ) Case No. 2D20-1531 ) ANGIE GAD, ) ) Appellee. ) ) Opinion filed April 7, 2021. Appeal from the Circuit Court for Pasco County; David Ellis, Judge. Sean T. Donovan of Butash and Donovan, LLC, Lutz, for Appellant. LeesaAnn N. Dodds of Dodds Law Group, P.A., Tampa",,,,,1102,
9oXJSa3Vb30,2D19-4377,,False,,,,,,,,,,,,,,,,,,,,,,
9oa4kAKVXSA,23 606,2D2023-0606,True,"KARAN, R. N., GARNER, R. N., ET AL. v. GREEN",2024-05-17,affirm,Affirmed,True,True,,Northcutt; Silberman; Kelly,False,,False,,Anne-Leigh Gaylord Moe,Hillsborough,"and CONCORDIA OF FLORIDA, INC., Appellants, v. LINDA GREEN, as personal representative of the Estate of Robert J. Green, Appellee. No. 2D2023-0606 May 17, 2024 Appeal from the Circuit Court for Hillsborough County; Anne-Leigh Gaylord Moe, Judge. Christine R. Davis of Davis Appeals, PLLC, Tallahassee","bert J. Green, Appellee. No. 2D2023-0606 May 17, 2024 Appeal from the Circuit Court for Hillsborough County; Anne-Leigh Gaylord Moe, Judge. Christine R. Davis of Davis Appeals, PLLC, Tallahassee, for Appellants. Christopher P. Jayson and Arthur B. Skafidas of Jayson, Farthing & Skafidas, P.A., Tampa",,,,,909,
9r5r-vz3NUM,2D20 1951,2D2020-1951,True,"TMH MEDICAL SERVICES, INC.  vs PLATINUM-HR, LLC, ET AL",2021-08-27,affirm,Affirmed,True,False,,,False,,False,,Rex M. Barbas,Hillsborough,"R, LLC, PLATINUM-HR II, LLC, and PLATINUM EXCELL, LLC, collectively d/b/a SYNUITY; and NOREK THOMAS NEWMAN, Appellees. No. 2D20-1951 August 27, 2021 Appeal from the Circuit Court for Hillsborough County; Rex M. Barbas, Judge. Rosemary Hanna Hayes and Carly Marie Newman of Hayes & Newman, PL, Orlando","EWMAN, Appellees. No. 2D20-1951 August 27, 2021 Appeal from the Circuit Court for Hillsborough County; Rex M. Barbas, Judge. Rosemary Hanna Hayes and Carly Marie Newman of Hayes & Newman, PL, Orlando, for Appellant. Michael A. Rosenberg and Therese A. Savona of Cole, Scott & Kissane, P.A, Plantation",,,,,933,
9rczKF96g0M,2D21 3714,2D2021-3714,True,"VAN SANT LAW, LLC  vs AIR ISAAC, LLC",2022-12-02,reverse,Reversed and remanded with instructions.,False,False,Stargel,Stargel; Morris; Rothstein-Youakim,False,,False,,George M. Jirotka,Pinellas,"DISTRICT COURT OF APPEAL OF FLORIDA SECOND DISTRICT VAN SANT LAW, LLC, Appellant, v. AIR ISAAC, LLC, Appellee. No. 2D21-3714 December 2, 2022 Appeal from the Circuit Court for Pinellas County; George M. Jirotka, Judge. David L. Luck of Lewis, Brisbois, Bisgaard & Smith, LLP, Coral Gables",", v. AIR ISAAC, LLC, Appellee. No. 2D21-3714 December 2, 2022 Appeal from the Circuit Court for Pinellas County; George M. Jirotka, Judge. David L. Luck of Lewis, Brisbois, Bisgaard & Smith, LLP, Coral Gables, for Appellant. Steven Scott Stephens and John A. Anthony of Anthony & Partners, LLC, Tampa",,,,,5481,
9sKEXOnEDDY,2D21 1931,2D2021-1931,True,BENNIE DAVID SPURLIN  vs STATE OF FLORIDA,2022-05-25,affirm,Affirmed,True,False,,,False,,False,,J. Kevin Abdoney,Polk,,"1-1931 May 25, 2022 Appeal from the Circuit Court for Polk County; J. Kevin Abdoney, Judge. Howard L. Dimmig, II, Public Defender, and Christopher Desrochers, Special Assistant Public Defender, Bartow, for Appellant. Ashley Moody, Attorney General, and James A. Hellickson, Assistant Attorney General",,,,,849,
9ssde5FbKes,24 0912,2D2024-0912,True,"Lutheran Services Florida, Inc. v. Davis",2025-07-02,reverse,Reversed and remanded.,False,False,Black,Black; Sleet; Moe,False,,False,,Amy M. Williams,Pinellas,,"liams, Judge, and W. Douglas Baird, Senior Judge. Mark D. Tinker and Brandon J. Tyler of Cole, Scott & Kissane, P.A., Tampa, for Appellant/Cross-Appellee. Sharon E. Krick of Johnson Pope Bokor Ruppel & Burns, LLP, Clearwater; and Guy M. Burns of Johnson Pope Bokor Ruppel & Burns, LLP, St. Petersburg",,,,,17766,
9wqPUkQlNJs,2D20 3210,2D2020-3210,True,"GEORGE KOZMA, M. D. AND JONATHAN EBERHARDT, ARNP vs ADVANCED SURGERY CENTER OF SARASOTA, LLC, ET AL.,",2021-11-12,dismissed,Dismissed,False,False,,Northcutt; Atkinson; Smith,False,,False,,,,,,,,,,1435,
9xndhV_Rl94,23 2775,2D2023-2775,True,"Simon, Jr., Estate Of Matthew Joseph Simon v. Anheuser-Busch Companies, LLC, et al",2025-10-22,reverse,Reversed and remanded.,False,False,Silberman,Silberman; Villanti; Smith,False,,False,,Hunter W. Carroll,Sarasota,"C.; and FAISAN TRANSPORT CORP., Appellees. No. 2D2023-2775 October 22, 2025 Appeal from the Circuit Court for Sarasota County; Hunter W. Carroll, Judge. Bryan S. Gowdy and Nicholas P. McNamara of Creed & Gowdy, P.A., Jacksonville; and Joseph V. Camerlengo of The Truck Accident Law Firm, Jacksonville",", Judge. Bryan S. Gowdy and Nicholas P. McNamara of Creed & Gowdy, P.A., Jacksonville; and Joseph V. Camerlengo of The Truck Accident Law Firm, Jacksonville, for Appellant. Joseph H. Lang, Jr., of Carlton Fields, P.A., Tampa; and Jeffrey A. Cohen and Katarina Dobsinska of Carlton Fields, P.A., Miami",,,,,24405,
A46W9H6Qrvg,2D18-2972,,False,,,,,,,,,,,,,,,,,,,,,,
A4yABDqijyw,22 2744,2D2022-2744,True,"CITIZENS PROPERTY INSURANCE CORPORATION v. BARBERAN, BARBERAN",2024-04-03,affirm,Affirmed - Authored Opinion,False,False,Silberman,Silberman; Casanueva; Black,False,,False,,Caroline Tesche Arkin,Hillsborough," v. ARIS BARBERAN and DELAIDA BARBERAN, Appellees. No. 2D22-2744 April 3, 2024 Appeal from the Circuit Court for Hillsborough County; Caroline Tesche Arkin, Judge. Kathryn L. Ender of Dinsmore & Shohl LLP, Coral Gables; and Nicole M. Fluet and Michael D. Ruel of Galloway Johnson Tompkins Burr, Tampa"," Fluet and Michael D. Ruel of Galloway Johnson Tompkins Burr, Tampa, for Appellant. Raymond T. Elligett, Jr., and Amy S. Farrior of Buell & Elligett, P.A., Tampa; Aaron S. Kling of Kling Law, P.A., Tampa; Sarah Hibbard of Morgan & Morgan, P.A., Tampa; and Mark Nation of The Nation Law Firm, Longwood",,,,,7025,
A5Bd5rJmb6o,2D20-226,2D2020-0226,True,"LOFENDO'S GENERAL SERVICES, INC. D/B/A POOL AND DECK CONCEPTS  vs F B R MARBLE, INC., ET AL.",2021-03-10,affirm,Affirmed,True,False,,Khouzam; Smith; Stargel,False,,False,,,,,"ARBLE, INC., ) ) Appellee. ) ) Opinion filed March 10, 2021. Appeal from the Circuit Court for Collier County; Hugh D. Hayes, Judge. John Silverfield and Ian T. Holmes of Holmes Fraser, P.A., Naples, for Appellant. Jessica F. Tolin and Mark A. Slack of Woods, Weidenmiller, Michetti & Rudnick, Naples",,,,,1235,
A5CojwXSjSU,22 304,2D2022-0304,True,PAYLAN v. STATE OF FLORIDA,2024-12-11,affirm,Affirmed,False,True,,Sleet; Black; Rothstein-Youakim,False,,False,,Kimberly K. Fernandez,Hillsborough,," PAYLAN, Appellant, v. STATE OF FLORIDA, Appellee. No. 2D2022-0304 December 11, 2024 Appeal from the Circuit Court for Hillsborough County; Kimberly K. Fernandez, Judge. Christina Paylan, pro se. Ashley Moody, Attorney General, Tallahassee, and Alicia M. Winterkorn, Assistant Attorney General, Tampa",,,,,21138,
A7ExkHvID8I,2D20-1862,,False,,,,,,,,,,,,,,,,,,,,,,
A8Yob-v0o5A,2D21 1731,2D2021-1731,True,"KRG OLDSMAR PROJECT COMPANY, LLC  vs CWI, INC. AND CWGS GROUP, LLC",2023-03-22,reverse,Reversed and remanded.,False,False,Kelly,Kelly,False,,False,,Jennifer X. Gabbard,Hillsborough," for Hillsborough County; Jennifer X. Gabbard, Judge. Hal R. Morris and Christopher S. Naveja of Saul Ewing Arnstein & Lehr LLP, Chicago, Illinois; Ashley H. Saul of Saul Ewing Arnstein & Lehr LLP, Miami; and Gary S. Salzman and Erin J. O'Leary of Garganese, Weiss, D'Agresta & Salzman, P.A., Orlando",,,,,,11714,
AA_EpnNh8T8,24 2893,2D2024-2893,True,Oliver v. Mez,2025-10-01,affirm,Affirmed; remanded with directions.,False,True,,Lucas; Kelly; Khouzam,False,,False,,James Shelton Moody III,Hillsborough,,"DISTRICT COURT OF APPEAL OF FLORIDA SECOND DISTRICT RYAN K. OLIVER, Appellant, v. CASIE MEZ, Appellee. No. 2D2024-2893 October 1, 2025 Appeal from the Circuit Court for Hillsborough County; James Shelton Moody III, Judge. Ryan K. Oliver, pro se. Allison M. Perry of Florida Appeals, P.A., Tampa",2D2024-2893,https://www.courtlistener.com/opinion/10751690/x/,10751690,11218275,1008,
ABOVj_-99v4,25 0110,2D2025-0110,True,"Rahall, Middletown Property Management, LLC v. INXS VI, LLC",2025-10-01,affirm,Affirmed,True,True,,Lucas; Black; Atkinson,False,,False,,Lindsay M. Alvarez,Hillsborough,"ND TRUST UTD 4/1/21, RAJAX LAND TRUST UTD 4/1/21, NINETH STREET LAND TRUST UTD 4/1/21, and APPIAN LAND TRUST UTD 4/1/21, Appellees. No. 2D2025-0110 October 1, 2025 Appeal from the Circuit Court for Hillsborough County; Lindsay M. Alvarez, Judge. Jawdet I. Rubaii of Jawdet I. Rubaii, P.A., Clearwater","or Hillsborough County; Lindsay M. Alvarez, Judge. Jawdet I. Rubaii of Jawdet I. Rubaii, P.A., Clearwater, for Appellants. Tracy S. Carlin of Brannock Berman & Seider, Tampa; and Jeffrey P. Lieser and William E. Roberts of Lieser Skaff Alexander, Tampa; and Patti W. Halloran of Gibbons Neuman, Tampa",2D2025-0110,https://www.courtlistener.com/opinion/10751685/x/,10751685,11218270,1952,
AE7sGSMsPzU,23 666,2D2023-0666,True,CLETCHER v. CLETCHER,2024-04-12,affirm,Affirmed - Per Curiam Affirmed,True,True,,Sleet; Lucas; Labrit,False,,False,,Daniel Diskey,Pasco,"DISTRICT COURT OF APPEAL OF FLORIDA SECOND DISTRICT RONALD G. CLETCHER, Appellant, v. SHERRI A. CLETCHER, Appellee. No. 2D23-666 April 12, 2024 Appeal from the Circuit Court for Pasco County; Daniel Diskey, Judge. Paul H. Bowen of Paul H. Bowen, P.A., Palm Harbor","FLORIDA SECOND DISTRICT RONALD G. CLETCHER, Appellant, v. SHERRI A. CLETCHER, Appellee. No. 2D23-666 April 12, 2024 Appeal from the Circuit Court for Pasco County; Daniel Diskey, Judge. Paul H. Bowen of Paul H. Bowen, P.A., Palm Harbor, for Appellant. Mark F. Baseman of Felix, Felix & Baseman, Tampa",,,,,752,
AEM03JtRdZs,2D19-2050,,False,,,,,,,,,,,,,,,,,,,,,,
AGDDy26VB0Q,2D19 4154,2D2019-4154,True,RYAN DOYON  vs STATE OF FLORIDA,2021-09-03,affirm,Affirmed,True,False,,Kelly; Sleet; Labrit,False,,False,,Margaret O. Steinbeck,Lee,"DISTRICT COURT OF APPEAL OF FLORIDA SECOND DISTRICT RYAN DOYON, Appellant, v. STATE OF FLORIDA, Appellee. No. 2D19-4154 September 3, 2021 Appeal from the Circuit Court for Lee County; Margaret O. Steinbeck, Judge. Michael D. Gelety, Ft. Lauderdale","N, Appellant, v. STATE OF FLORIDA, Appellee. No. 2D19-4154 September 3, 2021 Appeal from the Circuit Court for Lee County; Margaret O. Steinbeck, Judge. Michael D. Gelety, Ft. Lauderdale, for Appellant. Ashley Moody, Attorney General, Tallahassee and David Campbell, Assistant Attorney General, Tampa",,,,,763,
AHTnLLH4ask,22 2489,2D2022-2489,True,LYDECKER v. STATE OF FLORIDA,2024-04-05,mixed,Affirmed in Part/Reversed in Part - Authored Opinion ~ and remanded.,False,False,Smith,Smith; Morris; Lucas,False,,False,,Frederick P. Mercurio,Manatee,"AL OF FLORIDA SECOND DISTRICT ANDREW JAMES LYDECKER, Appellant, v. STATE OF FLORIDA, Appellee. No. 2D22-2489 April 5, 2024 Appeal from the Circuit Court for Manatee County; Frederick P. Mercurio, Judge. Howard L. Dimmig, II, Public Defender, and A. Victoria Wiggins, Assistant Public Defender, Bartow","024 Appeal from the Circuit Court for Manatee County; Frederick P. Mercurio, Judge. Howard L. Dimmig, II, Public Defender, and A. Victoria Wiggins, Assistant Public Defender, Bartow, for Appellant. Ashley Moody, Attorney General, Tallahassee, and Jonathan P. Hurley, Assistant Attorney General, Tampa",,,,,20665,
AI0nto8BhYE,2D20 2290,2D2020-2290,True,NANCY WARD HARRIS AND WILLIAM LOUIS HARRIS vs RICHARD TINER,2022-03-16,mixed,Affirmed in Part/Reversed in Part and remanded.,False,False,Northcutt,Northcutt; Silberman; Sleet,False,,False,,James R. Shenko,Lee,,,,,,,6328,
AQCX5sqWU2k,2D19-4320,2D2019-4320,True,"TANYA BROWN  vs GEICO INDEMNITY COMPANY AND GEICO GENERAL INSURANCE COMPANY, ET AL",2021-03-31,affirm,Affirmed,True,False,,Villanti; Sleet; Stargel,False,,False,,,," ) ) Appellees. ) ) Opinion filed March 31, 2021. Appeal from the Circuit Court for Hillsborough County; Cheryl K. Thomas, Judge. Robert J. Mayes of Mayes Law Firm and Jonathan R. Mayes of Law Office of Jonathan R. Mayes, PLLC, Gulf Breeze; and Louis K. Rosenbloum of Louis K. Rosenbloum, P.A., Tampa",,,,,,1554,
AUtkc9nlTTQ,25 0038,2D2025-0038,True,Mathis v. Board of Trustees of the City of Plant City Safety Employees' Retirement System,2026-01-28,affirm,Affirmed,True,True,,Kelly; Black; Rothstein-Youakim,False,,False,,"James S. Moody, III",Hillsborough,,,2D2025-0038,https://www.courtlistener.com/opinion/10780440/x/,10780440,11247054,1013,
AVMCGY2Xi3s,2D19-1784,2D2019-1784,True,"NEXLUBE OPERATING, L L C  vs E D A INVESTMENTS, L L C, ET AL",2021-08-20,mixed,Affirmed in Part/Reversed in Part ; remanded.,False,False,Stargel,Stargel; Khouzam; Smith,False,,False,,,,"pellee, v. EDA INVESTMENTS, LLC, Appellee/Cross-Appellant, and ENZIO D’ANGELO, Appellee. No. 2D19-1784 August 20, 2021 Appeal from the Circuit Court for Hillsborough County, Steven Scott Stephens, Judge. Natalie P. Thomas, Shankman Leone, P.A., Tampa, and Kelli A. Edson, Quarles & Brady, LLP , Tampa","and ENZIO D’ANGELO, Appellee. No. 2D19-1784 August 20, 2021 Appeal from the Circuit Court for Hillsborough County, Steven Scott Stephens, Judge. Natalie P. Thomas, Shankman Leone, P.A., Tampa, and Kelli A. Edson, Quarles & Brady, LLP , Tampa, for Appellant. Mark R. Osherow, Osherow, PLLC, Boca Raton",,,,,18457,
AYW7aIUk604,25 0699 & 25 1594,2D2025-0699,True,"Worldwide Aircraft Services, Inc., d/b/a Jet ICU v. Louisiana Health Services & Indemnity Company, d/b/a Blue Cross and Blue Shield of Louisiana, et al",2026-04-17,affirm,Affirmed,True,True,,Lucas; Kelly; Smith,False,,False,,Matthew L. Felix,Hillsborough,"LORIDA, INC., and LOUISIANA HEALTH SERVICE & INDEMNITY COMPANY, d/b/a BLUE CROSS AND BLUE SHIELD OF LOUISIANA, Appellees. No. 2D2025-0699 April 17, 2026 Appeal from the County Court for Hillsborough County; Matthew L. Felix, Judge. Michael Brannigan of The Law Office of Michael Brannigan P.A., Tampa"," Felix, Judge. Michael Brannigan of The Law Office of Michael Brannigan P.A., Tampa, for Appellant. Daniel Alter and Eric Yesner of GrayRobinson, P.A., Fort Lauderdale, for Appellee Blue Cross and Blue Shield of Florida, Inc. Timothy J. Conner and Emily R. McWey of Holland & Knight LLP, Jacksonville",2D2025-0699,https://www.courtlistener.com/opinion/10844486/worldwide-aircraft-services-inc-dba-jet-icu-v-louisiana-health/,10844486,11311844,1186,
AeYbwrH2BVs,23 1556,2D2023-1556,True,"CRETE CARRIER CORPORATION v. MOORE, WYATT",2024-12-06,affirm,Affirmed,True,True,,Villanti; Black; Labrit,False,,False,,Keith Meyer,Pinellas," CORPORATION, a foreign corporation authorized to do business in the State of Florida, Appellant, v. MARLON MOORE and LARRY WYATT, Appellees. No. 2D2023-1556 December 6, 2024 Appeal from the Circuit Court for Pinellas County; Keith Meyer, Judge. Jesse R. Butler of Dickinson & Gibbons, P.A., Sarasota","ATT, Appellees. No. 2D2023-1556 December 6, 2024 Appeal from the Circuit Court for Pinellas County; Keith Meyer, Judge. Jesse R. Butler of Dickinson & Gibbons, P.A., Sarasota for Appellant. Maegen Peek Luka of Newsome Melton, Orlando, and Ryan Bressler of Tanney, Griffith & Bresler, P.A., Clearwater",,,,,940,
AgtBXC1UYFk,22 1654,2D2022-1654,True,SCOTT MOELLER VS TARA MEINSEN,2023-09-27,affirm,Affirmed - Per Curiam Affirmed,True,True,,Morris; Smith; Labrit,False,,False,,,,"COTT MOELLER, Appellant, v. TARA MEINSEN, Appellee. Nos. 2D22-1654, 2D22-2775, 2D22-4091 CONSOLIDATED September 27, 2023 Appeals from the Circuit Court for Hillsborough County; Melissa M. Polo and James M. Barton, II, Judges. Alyssa M. Reiter of Wicker Smith O’Hara McCoy & Ford, P.A., Ft. Lauderdale","h County; Melissa M. Polo and James M. Barton, II, Judges. Alyssa M. Reiter of Wicker Smith O’Hara McCoy & Ford, P.A., Ft. Lauderdale, for Appellant. Raymond T. Elligett, Jr., and Amy S. Farrior of Buell & Elligett, P.A., Tampa; and Stephen A. Barnes and John V. Trujillo of Barnes Trial Group, Tampa",,,,,957,
Alx3D1Kn0tA,24 1953,2D2024-1953,True,Beck v. State of Florida,2025-06-04,affirm,Affirmed,True,True,,Morris; Lucas; Smith,False,,False,,Robin Fuson,Hillsborough,," FLORIDA, Appellee. No. 2D2024-1953 June 4, 2025 Appeal from the Circuit Court for Hillsborough County; Robin Fuson, Judge. Adriana C. Corso of Escobar, Michaels & Associates, Tampa, for Appellant. James Uthmeier, Attorney General, Tallahassee, and Cynthia Richards, Assistant Attorney General, Tampa",,,,,813,
An0qbfUL4EM,2D21 343,2D2021-0343,True,"JUDGMENT ENFORCEMENT SOLUTION, INC., AS ASSIGNEE OF CHRIS DEVANEY vs GUY GANNAWAY AND MARK STALKER, ET AL",2021-09-15,affirm,Affirmed,True,False,,,False,,False,,,,"FLORIDA LIMITED LIABILITY COMPANY; AND HENNESSY CONSTRUCTION SERVICES CORP., Appellees. No. 2D21-343 September 15, 2021 Appeal pursuant to Fla. R. App. P. 9.130 from the Circuit Court for Pinellas County; Thane B. Covert, Judge. Kevin P. Jackson of Law Offices of Kevin Jackson, P.A., Fort Lauderdale",,,,,,1139,
AnPfn27VVIQ,2D20-229,,False,,,,,,,,,,,,,,,,,,,,,,
AqJyyXRTvYg,2D20 2885,2D2020-2885,True,DANA BUNCE  vs AMANDA HARPER,2021-09-17,affirm,Affirmed,True,False,,Morris; Sleet; Labrit,False,,False,,Linda H. Babb,Pasco,,,,,,,775,
AwrIoge4eGI,2D19 2633,2D2019-2633,True,"CARMEN F. CASSIDY  vs WILLIAM PAUL CASSIDY, JR.",2021-05-21,affirm,Affirmed,True,False,,Morris; Sleet; Smith,False,,False,,,,,"Appellee. ) ) Opinion filed May 21, 2021. Appeal from the Circuit Court for Hillsborough County; Wesley D. Tibbals, Judge. Brandon S. Vesely of The Florida Appellate Firm, P.A., St. Petersburg, for Appellant. John E. Johnson and William P. Cassidy, Jr. of Johnson, Cassidy Newon & Decort, P.A., Tampa",,,,,1183,
AwwxhhpELoU,22 836,2D2022-0836,True,"HIGHWOODS REALTY LIMITED PARTNERSHIP  vs AMERICAN INTEGRITY INSURANCE COMPANY OF FLORIDA, ET AL.",2023-01-27,affirm,Affirmed,True,False,,,False,,False,,Emily A. Peacock,Hillsborough,"IP, Appellant, v. AMERICAN INTEGRITY INSURANCE COMPANY OF FLORIDA; and RELIAQUEST, LLC, Appellees. No. 2D22-836 January 27, 2023 Appeal from the Circuit Court for Hillsborough County; Emily A. Peacock, Judge. Scott A. McLaren, Marie Borland, and Jarod A. Brazel of Hill, Ward & Henderson, P.A., Tampa","ough County; Emily A. Peacock, Judge. Scott A. McLaren, Marie Borland, and Jarod A. Brazel of Hill, Ward & Henderson, P.A., Tampa, for Appellant. Brad F. Barrios, Kenneth G. Turkel, and David A. Hayes of Turkel, Cuva, Barrios, P.A., Tampa; and David M. Caldevilla of de la Parte & Gilbert, P.A. Tampa",,,,,1127,
AyBQyYH6A1c,2D19-0025,,False,,,,,,,,,,,,,,,,,,,,,,
B-izmt0NyfM,2D20 1196,2D2020-1196,True,"OTI FIBER, LLC  vs CENTERSTATE BANK, N. A., ET AL.",2021-08-11,reverse,Reversed and remanded.,False,False,Rothstein-Youakim,Rothstein-Youakim; Northcutt; Casanueva,False,,False,,Richard A. Nielsen,Hillsborough,"D DISTRICT OTI FIBER, LLC, Appellant, v. CENTERSTATE BANK, N.A.; FLORIDA FIBER NETWORKS, LLC; DAVID ORSHAN; and DAVID S. SUAREZ, Appellees. No. 2D20-1196 August 11, 2021 Appeal from the County Court for Hillsborough County; Richard A. Nielsen, Judge. Todd L. Wallen of Wallen ‫ ׀‬Kelley, Coral Gables","August 11, 2021 Appeal from the County Court for Hillsborough County; Richard A. Nielsen, Judge. Todd L. Wallen of Wallen ‫ ׀‬Kelley, Coral Gables, for Appellant. Kristen M. Fiore of Akerman LLP, Tallahassee; Christian George of Akerman LLP, Jacksonville; and John L. Dicks, II, of Akerman LLP, Tampa",,,,,12491,
B0GMfw5x_e0,23 394,2D2023-0394,True,HARDY v. STATE OF FLORIDA,2024-02-07,affirm,Affirmed - Per Curiam Affirmed,True,True,,Sleet; Morris; Labrit,False,,False,,Frederick P. Mercurio,Manatee,,"DA, Appellee. No. 2D23-394 February 7, 2024 Appeal from the Circuit Court for Manatee County; Frederick P. Mercurio, Judge. J. Andrew Crawford of J. Andrew Crawford, P.A., St. Petersburg, for Appellant. Ashley Moody, Attorney General, Tallahassee, and Laura Dempsey, Assistant Attorney General, Tampa",,,,,825,
B1J-HQifE2o,2D20 3602,2D2020-3602,True,"HILLSBOROUGH COUNTY AVIATION AUTHORITY VS BOB HENRIQUEZ, PROPERTY APPRAISER",2023-07-07,reverse,Reversed - Authored Opinion ~ and remanded; question certified. **CORRECTED**,False,False,Labrit,Labrit; Black; Smith,False,,False,,Gregory P. Holder,Hillsborough,"y Appraiser, Appellee. No. 2D20-3602 July 7, 2023 Appeal from the Circuit Court for Hillsborough County; Gregory P. Holder, Judge. Marie A. Borland, Robert E.V. Kelley, Jr., and B. Benjamin Dachepalli of Hill, Ward & Henderson, P.A., Tampa; and Chris W. Altenbernd of Banker Lopez Gassler P.A., Tampa",", Ward & Henderson, P.A., Tampa; and Chris W. Altenbernd of Banker Lopez Gassler P.A., Tampa, for Appellant. William D. Shepherd of Hillsborough County Property Appraiser's Office, Tampa (withdrew after briefing and oral argument), Loren E. Levy and Sydney E. Rodkey of The Levy Law Firm, Tallahassee",,,,,35972,
B2UqO1OV1BA,25 1914,2D2025-1914,False,,,,,,,,,,,,,,,,,,,,,,
B6Hf_ISPeNc,2D21 1019,2D2021-1019,True,GAIL VALENTE  vs JOSEPH RAISSI,2022-07-15,dismissed,Dismissed,False,False,Lucas,Lucas; Black; Atkinson,False,,False,,Amy M. Williams,Pinellas,,"AISSI, Appellee. No. 2D21-1019 July 15, 2022 Appeal from the Circuit Court for Pinellas County; Amy M. Williams, Judge and W. Douglas Baird, Senior Judge. Thomas John Dandar of Dandar Law Group, P.A., Tampa, for Appellant. Benjamin E. Hillard and Amy Cuykendall Jones of Castle Law Group, P.A., Largo",,,,,10707,
B6JSgoIwR7E,2D20-42,,False,,,,,,,,,,,,,,,,,,,,,,
B6Ns1l8LkMg,25 0725,2D2025-0725,True,"Florida Business Transfer Specialists, Inc., Murphy Business & Financial Services, LLC v. Bayside Holdings, LLC, Uta Holdings, LLC, et al",2026-08-28,affirm,Affirmed,True,True,,Northcutt; Atkinson; Labrit,False,,False,,David Felix,Manatee,"ppellant, v. BAYSIDE HOLDINGS, LLC, UTA HOLDINGS, LLC, and BRADENTON TENNIS CENTER, LLC, Appellees. No. 2D2025-0725 August 28, 2026 Appeal from the Circuit Court for Manatee County; David Felix, Judge. Lydia Sturgis Zbrzeznj and Nicholas T. Zbrzeznj of Southern Atlantic Law Group, PLLC, Winter Haven","C, Appellees. No. 2D2025-0725 August 28, 2026 Appeal from the Circuit Court for Manatee County; David Felix, Judge. Lydia Sturgis Zbrzeznj and Nicholas T. Zbrzeznj of Southern Atlantic Law Group, PLLC, Winter Haven, for Appellant. Caroleen B. Brej and David A. Wallace of Bentley Goodrich Kison, P.A.",2D2025-0725,https://www.courtlistener.com/opinion/10960875/x/,10960875,11428480,937,
B8Ak9F8L208,2D19 2326,2D2019-2326,True,RICKY TOLBERT  vs STATE OF FLORIDA,2021-12-03,affirm,Affirmed,True,False,,Northcutt; Sleet; Labrit,False,,False,,Nicholas R. Thompson,Lee,"OF APPEAL OF FLORIDA SECOND DISTRICT RICKY TOLBERT, Appellant, v. STATE OF FLORIDA, Appellee. No. 2D19-2326 December 3, 2021 Appeal from the Circuit Court for Lee County; Nicholas R. Thompson, Judge. Howard L. Dimmig, II, Public Defender, and Keith W. Upson, Special Assistant Public Defender, Bartow","er 3, 2021 Appeal from the Circuit Court for Lee County; Nicholas R. Thompson, Judge. Howard L. Dimmig, II, Public Defender, and Keith W. Upson, Special Assistant Public Defender, Bartow, for Appellant. Ashley Moody, Attorney General, Tallahassee, and Blain A. Goff, Assistant Attorney General, Tampa",,,,,856,
B8mD17j-0YQ,24 1384,2D2024-1384,True,"Brown v. Florida Health Sciences Center, Inc.",2026-02-04,reverse,"Reversed
**CORRECTED**",False,False,,Northcutt; Kelly,False,,False,,Anne-Leigh Gaylord Moe,Hillsborough,"ENCES CENTER, INC., d/b/a TAMPA GENERAL HOSPITAL, Appellee. No. 2D2024-1384 February 4, 2026 Appeal from the Circuit Court for Hillsborough County; Anne-Leigh Gaylord Moe, Judge. Maegen Peek Luka of Newsome Melton, Orlando; and James W. Holliday and Ted Karatinos of Holliday Karatinos Law Firm, Lutz",,2D2024-1384,https://www.courtlistener.com/opinion/10783948/x/,10783948,11250586,16062,
BBcskA4uDLo,2D19-1949,2D2019-1949,True,"DR. TANIA NICOLE DRAPP, MICHAEL ROLAND STREIFF AND SOUTH FLORIDA LENDING CORP. vs EDWARD REID MCDANIEL",2020-12-09,mixed,"Affirmed in Part/Reversed in Part , remanded.",False,False,Black,Black; Casanueva; Kelly,False,,False,,,,,,,,,,14008,
BBhqDB_DSRc,2D20 1777,2D2020-1777,True,"CROWN ROOFING, LLC  vs JASPER CONTRACTORS, INC.",2021-09-01,affirm,Affirmed,True,False,,,False,,False,,Keith R. Kyle,Lee,"DISTRICT COURT OF APPEAL OF FLORIDA SECOND DISTRICT CROWN ROOFING, LLC, Appellant, v. JASPER CONTRACTORS, INC., Appellee. No. 2D20-1777 September 1, 2021 Appeal from the Circuit Court for Lee County; Keith R. Kyle, Judge. Jason L. Gunter and Conor P. Foley of Jason L. Gunter, P.A., Ft. Myers"," CROWN ROOFING, LLC, Appellant, v. JASPER CONTRACTORS, INC., Appellee. No. 2D20-1777 September 1, 2021 Appeal from the Circuit Court for Lee County; Keith R. Kyle, Judge. Jason L. Gunter and Conor P. Foley of Jason L. Gunter, P.A., Ft. Myers, for Appellant. Jeremy M. Paul of Orr / Cook, Jacksonville",,,,,748,
BHlqAyZqU3Y,2D20-2205,,False,,,,,,,,,,,,,,,,,,,,,,
BMu2ERFledA,24 2657,2D2024-2657,True,Progressive Select Insurance Company v. Reinberger,2026-09-18,mixed,"Affirmed in part, reversed in part, and remanded with instructions.",False,False,Morris,Morris,True,,False,,Kimberly Sharpe Byrd,Pasco,"PPEAL OF FLORIDA SECOND DISTRICT PROGRESSIVE SELECT INSURANCE COMPANY, Appellant, v. MARRIETTA REINBERGER, Appellee. No. 2D2024-2657 September 18, 2026 Appeal from the Circuit Court for Pasco County; Kimberly Sharpe Byrd, Judge. Drew W. Peeler and Kevin D. Franz of Boyd & Jenerette, P.A., Boca Raton","COMPANY, Appellant, v. MARRIETTA REINBERGER, Appellee. No. 2D2024-2657 September 18, 2026 Appeal from the Circuit Court for Pasco County; Kimberly Sharpe Byrd, Judge. Drew W. Peeler and Kevin D. Franz of Boyd & Jenerette, P.A., Boca Raton, for Appellant. Brian J. Lee of Morgan & Morgan, Jacksonville",2D2024-2657,https://www.courtlistener.com/opinion/10976649/x/,10976649,11444291,24623,
BOdC8fA1qWw,22 2230,2D2022-2230,True,"RICHARD D. KLOS VS CALIENTE MASTER ASSOCIATION, INC.",2024-02-28,affirm,Affirmed - Per Curiam Affirmed,True,True,,Black; Lucas; Labrit,False,,False,,,,"DISTRICT COURT OF APPEAL OF FLORIDA SECOND DISTRICT RICHARD D. KLOS, Appellant, v. CALIENTE MASTER ASSOCIATION, INC., Appellee. No. 2D22-2230 February 28, 2024 Appeal from the Circuit Court for Pasco County; Declan P. Mansfield Judge. Francis Hannon of Dewitt Law Firm, P.A., Tampa",,,,,,833,
BPqFH26NvbE,23 1124,2D2023-1124,True,MCKINLEY v. SMITH,2024-05-17,affirm,Affirmed,True,True,,Sleet; Northcutt; Labrit,False,,False,,Kimberly Sharpe Byrd,Pasco,"RIDA SECOND DISTRICT MICHAEL MCKINLEY, Appellant, v. MICHAEL R. SMITH, Appellee. No. 2D2023-1124 May 17, 2024 Appeal from the Circuit Court for Pasco County; Kimberly Sharpe Byrd, Judge. Kansas R. Gooden of Boyd & Jenerette, P.A., Miami; and Nicholas R. Consalvo of Boyd & Jenerette, P.A., Boca Raton",,,,,,1008,
BRd0z0s9sKc,23 584,2D2023-0584,True,"THE VEIN & VASCULAR INSTITUTE OF SPRING HILL, PLLC, ET AL. VS MARK GOCHENOUR",2024-02-16,affirm,Affirmed - Per Curiam Affirmed,True,True,,Silberman; Morris; Smith,False,,False,,Rex M. Barbas,Hillsborough,"UR, Appellee. No. 2D23-584 February 16, 2024 Appeal from the Circuit Court for Hillsborough County; Rex M. Barbas, Judge. Guy M. Burns and Gary Ragnar Von Stange of Johnson, Pope, Bokor, Ruppel & Burns, LLP, St. Petersburg; and Sharon E. Krick of Johnson, Pope, Bokor, Ruppel & Burns, LLP, Clearwater",". Petersburg; and Sharon E. Krick of Johnson, Pope, Bokor, Ruppel & Burns, LLP, Clearwater, for Appellants. David M. Caldevilla of de la Parte, Gilbert, McNamara & Caldevilla, P.A., Tampa; J. Daniel Clark of Clark Martino, P.A., Tampa, and Christopher S. Polaszek of The Polaszek Law Firm PLLC, Tampa",,,,,1275,
BSXb6O-tmcQ,25 1113,2D2025-1113,True,"Prime Property & Casualty Insurance, Inc. v. Garisto, Personal Representative, Estate Of Chris Woodrow Raines, et al",2026-01-30,affirm,Affirmed,True,True,,Silberman; Atkinson; Labrit,False,,False,,Helene L. Daniel,Hillsborough,"and DOUGLAS B. STALLEY, as personal representative of the Estate of David Wayne Bailey, deceased, Appellees. No. 2D2025-1113 January 30, 2026 Appeal from the Circuit Court for Hillsborough County; Helene L. Daniel, Judge. Elizabeth K. Russo and Paulo R. Lima of Russo Lima Appellate Firm, P.A., Miami"," of David Wayne Bailey, deceased, Appellees. No. 2D2025-1113 January 30, 2026 Appeal from the Circuit Court for Hillsborough County; Helene L. Daniel, Judge. Elizabeth K. Russo and Paulo R. Lima of Russo Lima Appellate Firm, P.A., Miami, for Appellant. Scott A. Arthur and Joseph F. Diaco, Jr., Tampa",2D2025-1113,https://www.courtlistener.com/opinion/10781784/x/,10781784,11248408,1121,
BT-L51BPxP0,21 3208,2D2021-3208,True,JASON C. SANCHEZ  vs SHAWN K. VEIT,2023-03-01,affirm,Affirmed,True,False,,Morris; Casanueva; Smith,False,,False,,Wendy J. DePaul,Hillsborough,"DISTRICT COURT OF APPEAL OF FLORIDA SECOND DISTRICT JASON C. SANCHEZ, Appellant, v. SHAWN K. VEIT, Appellee. No. 2D21-3208 March 1, 2023 Appeal from the Circuit Court for Hillsborough County; Wendy J. DePaul, Judge. Christina Anton Garcia and Matthew Wayne Wilson of Anton Garcia Law, Tampa","ant, v. SHAWN K. VEIT, Appellee. No. 2D21-3208 March 1, 2023 Appeal from the Circuit Court for Hillsborough County; Wendy J. DePaul, Judge. Christina Anton Garcia and Matthew Wayne Wilson of Anton Garcia Law, Tampa, for Appellant. Alexander Caballero and Andrew D. Reder of Sessums Black, P.A., Tampa",,,,,813,
BV9bOGXdU8E,2D21 698,2D2021-0698,True,"EDDIE A. WHITFIELD  vs TAMPA MITSUBISHI, ET AL",2022-11-23,affirm,Affirmed,True,False,,,False,,False,,Keith Meyer,Pinellas,"LORIDA SECOND DISTRICT EDDIE A. WHITFIELD, Appellant, v. TAMPA MITSUBISHI; AMSTAR TAMPA, LLC; MIRABELLA INVESTMENTS, INC.; ANTHONY MIRABELLA; and ALEX DISNEY, Appellees. No. 2D21-698 November 23, 2022 Appeal from the Circuit Court for Pinellas County; Keith Meyer, Judge. Mohamad A. Akbik, Clearwater",,,,,,811,
BdPM9sGPfxQ,2D21 3607 & 3609 & 3645,2D2021-3607,True,SECURITY FIRST INSURANCE COMPANY  vs EDWINA PEYTON,2022-05-20,denied,Denied,True,False,,Northcutt; Khouzam; Black,False,,False,,,,,,,,,,1053,
BeDRA2vSaaw,23 2416,2D2023-2416,True,"UNIVERSAL PROPERTY & CASUALTY INSURANCE COMPANY v. SALEM, SALEM, et al",2024-12-06,affirm,Affirmed,True,True,,,False,,False,,Anne-Leigh Gaylord Moe,Hillsborough,"CASUALTY INSURANCE COMPANY, Appellant, v. ALBERT M. SALEM; TEDDY SALEM; and MANTABS, LLC, Appellees. No. 2D2023-2416 December 6, 2024 Appeal from the Circuit Court for Hillsborough County; Anne-Leigh Gaylord Moe, Judge. David A. Noel and Kara Rockenbach Link of Link & Rockenbach, PA, West Palm Beach"," 2D2023-2416 December 6, 2024 Appeal from the Circuit Court for Hillsborough County; Anne-Leigh Gaylord Moe, Judge. David A. Noel and Kara Rockenbach Link of Link & Rockenbach, PA, West Palm Beach, for Appellant. Ian A. Parry, Jodi C. Corrigan and Jonathan B. Sbar of Rocke McLean & Sbar, P.A., Tampa",,,,,862,
BfBRfhg3jxE,2D20-1290,2D2020-1290,True,TREVOR BATES  vs KRISTINA L. BATES,2021-03-26,affirm,Affirmed,True,False,,Morris; Black; Sleet,False,,False,,,,"RICT TREVOR E. BATES, ) ) Appellant, ) ) v. ) Case No. 2D20-1290 ) KRISTINA L. BATES, ) ) Appellee. ) ) Opinion filed March 26, 2021. Appeal pursuant to Fla. R. App. P. 9.130 from the Circuit Court for Pinellas County; Christopher M. LaBruzzo, Judge. Paul H. Bowen of Paul H. Bowen, P.A., Palm Harbor","STINA L. BATES, ) ) Appellee. ) ) Opinion filed March 26, 2021. Appeal pursuant to Fla. R. App. P. 9.130 from the Circuit Court for Pinellas County; Christopher M. LaBruzzo, Judge. Paul H. Bowen of Paul H. Bowen, P.A., Palm Harbor, for Appellant. Michael J. Park of Park, Ossian, Barnaky & Park, P.A.",,,,,1192,
Bi8cjLE8fQ0,2D20 3532,2D2020-3532,True,"DANIEL STERMER, AS CREDITOR TRUSTEE FOR ATIF, INC.  vs CARLTON FIELDS, P. A., F/K/A CARLTON FIELDS JORDEN BURT, P. A., ET AL",2021-12-15,affirm,Affirmed,True,False,,,False,,False,,Rex M. Barbas,Hillsborough,"OMON; WILLIAM G. GILTINAN; and CHRISTOPHER W. SMART, Appellees. No. 2D20-3532 December 15, 2021 Appeal from the Circuit Court for Hillsborough County; Rex M. Barbas, Judge. Damien H. Prosser and Jessica L. Thorson of Morgan & Morgan, P.A., Orlando; and Keith W. Meehan of Morgan & Morgan, P.A., Tampa"," Circuit Court for Hillsborough County; Rex M. Barbas, Judge. Damien H. Prosser and Jessica L. Thorson of Morgan & Morgan, P.A., Orlando; and Keith W. Meehan of Morgan & Morgan, P.A., Tampa, for Appellant. Joshua C. Webb, Dennis P. Waggoner, and Tori C. Simmons of Hill, Ward & Henderson, P.A., Tampa",,,,,1023,
BiQ8jkUeKg8,2D20-1075,,False,,,,,,,,,,,,,,,,,,,,,,
Bl7Jp3ohvHI,2D19-2610,2D2019-2610,True,CHARLYN ALICE WEINRICH  vs RICHARD ROGER WEINRICH,2020-11-18,affirm,Affirmed,True,False,,,False,,False,,,,"ICT CHARLYN ALICE WEINRICH, ) ) Appellant, ) ) v. ) Case No. 2D19-2610 ) RICHARD ROGER WEINRICH, ) ) Appellee. ) ) Opinion filed November 18, 2020. Appeal from the Circuit Court for Collier County; John O. McGowan, Judge. Reuben A. Doupé of Coleman, Hazzard, Taylor, Klaus, Doupé & Diaz, P.A., Naples","Appellee. ) ) Opinion filed November 18, 2020. Appeal from the Circuit Court for Collier County; John O. McGowan, Judge. Reuben A. Doupé of Coleman, Hazzard, Taylor, Klaus, Doupé & Diaz, P.A., Naples, for Appellant. Shayna K. Cavanaugh of The Law Offices of Cavanaugh & Cavanaugh, P.A., Naples, Tampa",,,,,1197,
Bo2LXbZ5xmg,22 2049,,False,,,,,,,,,,,,,,,,,,,,,,
Bo_pldGfICQ,2D21 368,2D2021-0368,True,"HEATHER LAKES AT BRANDON COMMUNITY ASSOCIATION, INC.  vs MTGLQ INVESTORS, LP, ET AL.",2021-12-03,affirm,Affirmed,True,False,,Villanti; Khouzam; Rothstein-Youakim,False,,False,,Cheryl K. Thomas,Hillsborough,"tee of TRUST NO. 1204 SWEET GUM TRUST; UNKNOWN TENANT NO. 2 n/k/a KAITLIN POTVIN; UNKNOWN TENANT NO. 1 n/k/a MICHAEL POTVIN; and NATASHA MCCORMICK, Appellees. No. 2D21-368 December 3, 2021 Appeal from the Circuit Court for Hillsborough County; Cheryl K. Thomas, Judge. Leslie M. Conklin of Clearwater","ounty; Cheryl K. Thomas, Judge. Leslie M. Conklin of Clearwater, for Appellant. Adam A. Diaz, Roy A. Diaz, and Kathleen Achille, of Diaz Anselmo Lindberg, P.A., Fort Lauderdale; and Nancy M. Wallace, Tallahassee, William P. Heller, Fort Lauderdale, and Eric M. Levine, West Palm Beach, of Akerman LLP",,,,,1438,
BqZ9Fsew49Q,2D20 3351,2D2020-3351,True,AMY MARINEC  vs PROGRESSIVE SELECT INSURANCE CO.,2022-11-18,reverse,Reversed and remanded.  **CORRECTED**,False,False,Stargel,Stargel; Sleet; Atkinson,False,,False,,Linda Allan,Pinellas,,"OGRESSIVE SELECT INSURANCE COMPANY, Appellee. No. 2D20-3351 November 18, 2022 Appeal from the Circuit Court for Pinellas County; Linda Allan, Judge. Thomas J. Seider of Brannock Humphries & Berman, Tampa, for Appellant. Jennifer C. Worden and Daniel A. Martinez of Martinez Denbo, LLC, St. Petersburg",,,,,11879,
BuRN97PlK6s,2D19-4252,,False,,,,,,,,,,,,,,,,,,,,,,
Bwch8jbbe9E,23 2597,2D2023-2597,True,"SMITH, SMITH v. STATE OF FLORIDA",2024-04-12,denied,Denied - PC Denied ~ **DISMISSED**,True,False,,Sleet; Lucas; Labrit,False,,False,,,,,,,,,,857,
BxAtYtb6dvw,22 1868 & 2206,2D2022-1868,True,"ADVANCED BASEMENT PRODUCTS VS QUEST SYSTEMS, LLC, ET AL",2023-06-09,affirm,Affirmed - Per Curiam Affirmed,True,True,,,False,,False,,Charles P. Sniffen,Manatee,"mited Liability Company, as Successor Trustee under the 8180 Villa Grande Land Trust dated September 12, 2012; and SONOMA TOWNHOMES OWNERS ASSOCIATION, INC., Appellees. No. 2D22-1868 June 9, 2023 Appeal from the Circuit Court for Manatee County; Charles P. Sniffen, Judge. Kevin Comer, St. Petersburg",,,,,,986,
BzEJi0IAX3I,2D18-3943,2D2018-3943,True,SEAN PATRICK EMKE  vs STATE OF FLORIDA,2020-09-18,affirm,Affirmed,False,False,,Morris; Sleet; Lucas,False,,False,,,,"AL OF FLORIDA SECOND DISTRICT SEAN PATRICK EMKE, ) ) Appellant, ) ) v. ) Case No. 2D18-3943 ) STATE OF FLORIDA, ) ) Appellee. ) ) Opinion filed September 18, 2020. Appeal from the Circuit Court for Sarasota County; Debra Johnes Riva, Judge. Michael Ufferman, of Michael Ufferman Law Firm, Tallahassee",,,,,,3623,
C7Lh6UbTG4E,24 1340,2D2024-1340,True,"Weston, Weston v. Universal Property & Casualty Insurance Company",2025-10-24,reverse,Reversed and remanded.,False,False,Silberman,Silberman; Lucas; Villanti,False,,False,,Alicia Polk,Pasco,"ICT CLIFTON WESTON and VALONA WESTON, Appellants, v. UNIVERSAL PROPERTY & CASUALTY INSURANCE COMPANY, Appellee. No. 2D2024-1340 October 24, 2025 Appeal from the Circuit Court for Pasco County; Alicia Polk, Judge. Barbara M. Hernando, Dean Makris and Gabriel F. Torre of Makris & Mullinax, P.A., Tampa","cia Polk, Judge. Barbara M. Hernando, Dean Makris and Gabriel F. Torre of Makris & Mullinax, P.A., Tampa, for Appellants. Daniel M. Schwarz, Kara Rockenbach Link and David A. Noel of Link & Rockenbach, P.A., West Palm Beach; and Jayson A. Serrano and Samantha L. Mazer of Salmon & Salmon, P.A., Tampa",,,,,19327,
C8YRwIAe670,2D20-2646,2D2020-2646,True,"AMERICAN COASTAL INSURANCE COMPANY  vs SAN MARCO VILLAS CONDOMINIUM ASSOCIATION, INC.",2021-05-12,affirm,Affirmed ; conflict certified.,False,False,,Casanueva; Morris; Stargel,False,,False,,,,". 2D20-2646 ) SAN MARCO VILLAS CONDOMINIUM ) ASSOCIATION, INC., ) ) Appellee. ) ) Opinion filed May 12, 2021. Appeal pursuant to Fla. R. App. P. 9.130 from the Circuit Court for Collier County; Hugh D. Hayes, Judge. Patrick E. Betar, William S. Berk, and Illon R. Kantro of Berk, Merchant & Sims, PLC",". P. 9.130 from the Circuit Court for Collier County; Hugh D. Hayes, Judge. Patrick E. Betar, William S. Berk, and Illon R. Kantro of Berk, Merchant & Sims, PLC, for Appellant. John H. Pelzer of Greenspoon Marder LLP, Fort Lauderdale; and Jeremy F. Tyler and Andy Fuxa of Geyer, Fuxa & Tyler, Sunrise",,,,,2347,
CDCfGCObFJk,2D21 1610,2D2021-1610,True,"DALE L. GILLIS  vs JACKSON SHORES TOWN HOMES ASSOCIATION, INC.",2022-12-02,reverse,Reversed and remand.,False,False,Kelly,Kelly; Villanti,False,,True,,David V. Ward,Highlands,,", Appellee. No. 2D21-1610 December 2, 2022 Appeal from the Circuit Court for Highlands County; David V. Ward, Judge. Daniel F. Pilka of Pilka, Adams & Reed, P.A., Brandon, for Appellant. Kristie Hatcher-Bolin of Gray Robinson, P.A., Lakeland and Thomas J. Wohl of Swaine, Harris & Wohl, P.A., Sebring",,,,,6396,
CDs8zYjl1WI,22 2701,2D2022-2701,True,"ERNEST S. MARSHALL VS DERRICK HADLEY, ET AL",2023-05-03,affirm,Affirmed - Per Curiam Affirmed,True,True,,Villanti; Black; Sleet,False,,False,,Diana L. Moreland,Manatee,,,,,,,799,
CGlKkjRsHjM,2D21 1077,2D2021-1077,True,"ST. ANDREWS VERANDAS I I I ASSOCIATION, INC.  vs UNITED PROPERTY & CASUALTY INSURANCE COMPANY",2021-12-22,affirm,Affirmed,True,False,,,False,,False,,,,"., Appellant, v. UNITED PROPERTY & CASUALTY INSURANCE COMPANY, Appellee. No. 2D21-1077 December 22, 2021 Appeal pursuant to Fla. R. App. P. 9.130 from the Circuit Court for Lee County; Leigh Frizzell-Hayes, Judge. Cary J. Goggin and Jessica Rodriguez of Goede, Adamczyk, DeBoest & Cross, PLLC, Naples","eal pursuant to Fla. R. App. P. 9.130 from the Circuit Court for Lee County; Leigh Frizzell-Hayes, Judge. Cary J. Goggin and Jessica Rodriguez of Goede, Adamczyk, DeBoest & Cross, PLLC, Naples, for Appellant. C. Ryan Jones and Scot E. Samis of Traub Lieberman Straus & Shrewsberry LLP, St. Petersburg",,,,,1017,
CHQ91FlctAc,24 2593,2D2024-2593,True,"Bright v. Thomas, Amin, et al",2025-06-20,affirm,Affirmed,True,True,,,False,,False,,,,,"DER; OFFICER JAMES WOLFF; and BLACK FEMALE ""JANE DOE,"" Appellees. No. 2D2024-2593 June 20, 2025 Appeal pursuant to Fla. R. App. P. 9.130 from the Circuit Court for Hillsborough County; Paul L. Huey, Judge. Leon Bright, pro so. Mark D. Tinker and Brandon J. Tyler of Cole, Scott & Kissane, P.A., Tampa",,,,,1284,
CK5djoVjHcs,2D20 1883,2D2020-1883,True,"SUSAN L. SLOAN  vs SCI FUNERAL SERVICES OF FLORIDA, INC., D/B/A SERENITY FUNERAL HOME & SERENITY GARDENS MEMORIAL PARK, ET AL",2021-05-07,affirm,Affirmed,True,False,,Lucas; Atkinson; Labrit,False,,False,,,,"FLORIDA, INC., d/b/a SERENITY ) FUNERAL HOME & SERENITY ) GARDENS MEMORIAL PARK, and ) JOE MAGADINNO, ) ) Appellees. ) ___________________________________) Opinion filed May 7, 2021. Appeal from the Circuit Court for Pinellas County; Amy Williams, Judge. Joel D. Eaton of Podhurst Orseck, P.A., Miami","ARDENS MEMORIAL PARK, and ) JOE MAGADINNO, ) ) Appellees. ) ___________________________________) Opinion filed May 7, 2021. Appeal from the Circuit Court for Pinellas County; Amy Williams, Judge. Joel D. Eaton of Podhurst Orseck, P.A., Miami, for Appellant. Ted C. Craig of Gray|Robinson, P.A., Miami",,,,,1180,
CNkuDaYE95A,2D21 2298,2D2021-2298,True,"CRAIG W. PETERSON  vs SHERRI A. OLSEN, AS PERSONAL REPRESENTATIVE OF THE ESTATE OF MARJORIE V. PETERSON, DECEASED, ET AL.",2022-05-27,affirm,Affirmed,True,False,,Northcutt; Khouzam; Black,False,,False,,Kimberly Sharpe Byrd,Pasco,"ie V. Peterson, deceased; and TRACI PETERSON, as personal representative of the Estate of Gary W. Peterson, deceased, Appellees. No. 2D21-2298 May 27, 2022 Appeal from the Circuit Court for Pasco County; Kimberly Sharpe Byrd, Judge. Roland D. Waller of Law Office of Roland D. Waller, New Port Richey",,,,,,1128,
CRJCbGfNGiY,2D19-225,2D2019-0225,True,CHARLENE MARIE DURYEA  vs KEITH ROBERT BONO,2021-10-20,mixed,Affirmed in Part/Reversed in Part,False,False,,Casanueva; Atkinson; Smith,False,,False,,Stephen M. Walker and Thomas Krug,Sarasota,,"RLENE MARIE DURYEA, Appellant, v. KEITH ROBERT BONO, Appellee. No. 2D19-225 October 20, 2021 Appeal from the Circuit Court for Sarasota County; Stephen M. Walker and Thomas Krug, Judges. Elizabeth S. Wheeler of Berg & Wheeler, P.A., Brandon, for Appellant. Andrea Black of Andrea Black, P.A., Orlando",,,,,9199,
CRRFiibfEBI,24 2826,2D2024-2826,True,Jackowska v. Blessitt,2026-01-23,reverse,Reversed and remanded.,False,False,Sleet,Sleet; Silberman; Morris,False,,False,,Rochelle T. Curley,Sarasota,"DISTRICT COURT OF APPEAL OF FLORIDA SECOND DISTRICT JOANNA JACKOWSKA, Appellant, v. KEITH BLESSITT, Appellee. No. 2D2024-2826 January 23, 2026 Appeal from the Circuit Court for Sarasota County; Rochelle T. Curley, Judge. Elizabeth S. Wheeler of Berg & Wheeler, P.A., Valrico","ND DISTRICT JOANNA JACKOWSKA, Appellant, v. KEITH BLESSITT, Appellee. No. 2D2024-2826 January 23, 2026 Appeal from the Circuit Court for Sarasota County; Rochelle T. Curley, Judge. Elizabeth S. Wheeler of Berg & Wheeler, P.A., Valrico, for Appellant. Mark A. Sessums of Sessums Law Group, P.A., Tampa",2D2024-2826,https://www.courtlistener.com/opinion/10778612/x/,10778612,11245222,8700,
CT8-E-A7Aho,2D20 2151,2D2020-2151,True,M. J. D.  vs DEPT. OF CHILDREN & FAMILIES,2021-06-18,affirm,Affirmed,True,False,,Silberman; Black; Lucas,False,,False,,,,"DISTRICT COURT OF APPEAL OF FLORIDA SECOND DISTRICT M.J.D., Appellant, v. DEPARTMENT OF CHILDREN AND FAMILIES, Appellee. No. 2D20-2151 June 18, 2021 Appeal from the Department of Children and Families. Raymond A. Piccin of Bakalar & Piccin Associates, P.A., Coral Springs",".J.D., Appellant, v. DEPARTMENT OF CHILDREN AND FAMILIES, Appellee. No. 2D20-2151 June 18, 2021 Appeal from the Department of Children and Families. Raymond A. Piccin of Bakalar & Piccin Associates, P.A., Coral Springs, for Appellant. Cheryl D. Westmoreland Department of Children and Families, Tampa",,,,,775,
CWdiAQSnmL8,22 3707,2D2022-3707,True,STATE OF FLORIDA VS JUAN MARTIN GONZALEZ,2024-01-31,reverse,Reversed - Authored Opinion ~ and remanded for further proceedings.,False,False,Morris,Morris; Lucas; Smith,False,,False,,Philippe Matthey,Pinellas,"OF FLORIDA SECOND DISTRICT STATE OF FLORIDA, Appellant, v. JUAN MARTIN GONZALEZ, Appellee. No. 2D22-3707 January 31, 2024 Appeal from the Circuit Court for Pinellas County; Philippe Matthey, Judge. Ashley Moody, Attorney General, Tallahassee, and Jonathan S. Tannen, Assistant Attorney General, Tampa","JUAN MARTIN GONZALEZ, Appellee. No. 2D22-3707 January 31, 2024 Appeal from the Circuit Court for Pinellas County; Philippe Matthey, Judge. Ashley Moody, Attorney General, Tallahassee, and Jonathan S. Tannen, Assistant Attorney General, Tampa, for Appellant. Frank J. Bane of NOC Legal Services, Tampa",,,,,27880,
C__qJcUow9g,2D21 977,2D2021-0977,True,CARLOS A.  NUNEZ XENES  vs STATE OF FLORIDA,2022-09-16,affirm,Affirmed,False,False,,Silberman; Atkinson; Smith,False,,False,,Darrell R. Hill,Hendry,"DISTRICT COURT OF APPEAL OF FLORIDA SECOND DISTRICT CARLOS A. NUNEZ XENES, Appellant, v. STATE OF FLORIDA, Appellee. No. 2D21-977 September 16, 2022 Appeal from the County Court for Hendry County; Darrell R. Hill, Judge. Wayne R. Atkins and Matthew J. Troccoli of Xander Law Group, P.A., Miami","ll R. Hill, Judge. Wayne R. Atkins and Matthew J. Troccoli of Xander Law Group, P.A., Miami, for Appellant. Ashley Moody, Attorney General, Tallahassee, and Chelsea N. Simms, Assistant Attorney General, Tampa; and Allison C. Heim, Assistant Attorney General, Tampa, (substituted as counsel of record)",,,,,1278,
CcRDbLskx0o,22 3243,2D2022-3243,True,"FITNESS INTERNATIONAL, LLC VS VEREIT REAL ESTATE, L. P.",2023-09-13,affirm,Affirmed - Citation,True,False,,Casanueva; Lucas; Rothstein-Youakim,False,,False,,Caroline Tesche Arkin,Hillsborough,,"owen LLP, Tallahassee; Matthew R. Chait and Sean M. Smith of Shutts & Bowen LLP, West Palm Beach, for Appellant. Jenny N. Perkins of Ballard Spahr LLP, Philadelphia, Pennsylvania, for Appellee. Michael Schuster, admitted pro hac vice, of Ballard Spahr LLP, Denver, Colorado, (withdrew after briefing)",,,,,1349,
Ce8djs4Zn4o,2D20-504 & 1442,2D2020-0504,True,USAA CASUALTY INSURANCE COMPANY AND UNITED SERVICES AUTOMOBILE ASSOCIATION vs KEVIN BOUCHER,2021-07-07,affirm,Affirmed,True,False,,Northcutt; Atkinson; Stargel,False,,False,,Emily A. Peacock,Hillsborough,"ISTRICT USAA CASUALTY INSURANCE COMPANY and UNITED SERVICES AUTOMOBILE ASSOCIATION, Appellants, v. KEVIN F. BOUCHER, Appellee. No. 2D20-504 July 7, 2021 Appeal from the Circuit Court for Hillsborough County; Emily A. Peacock, Judge. Andrew T. Lynn and Michael C. Clarke of Kubicki Draper, P.A., Tampa","IATION, Appellants, v. KEVIN F. BOUCHER, Appellee. No. 2D20-504 July 7, 2021 Appeal from the Circuit Court for Hillsborough County; Emily A. Peacock, Judge. Andrew T. Lynn and Michael C. Clarke of Kubicki Draper, P.A., Tampa, for Appellant. Nancy A. Lauten and George A. Vaka of Vaka Law Group, Tampa",,,,,847,
CmbHNeqsups,2D22 378,2D2022-0378,True,FATIN STEPHENSON  vs ANDREW STEPHENSON,2022-08-10,affirm,Affirmed,True,False,,Silberman; Sleet; Rothstein-Youakim,False,,False,,,,,"ICT FATIN STEPHENSON, Appellant, v. ANDREW STEPHENSON, Appellee. No. 2D22-378 August 10, 2022 Appeal pursuant to Fla. R. App. P. 9.130 from the Circuit Court for Collier County; John O. McGowan, Judge. Jason Wentworth Fraser of Family First Legal Group, Naples, for Appellant. Mark A. Neumaier, Tampa",,,,,790,
CntiyJVvKhU,2D20-1858,2D2020-1858,True,ISLANDE LUCDOR F/K/A ISLANDE SAINT JUSTE  vs MACDONEL SAINT JUSTE,2020-12-11,affirm,Affirmed,True,False,,Northcutt; Villanti; Labrit,False,,False,,,,"OR, ) f/k/a ISLANDE SAINT JUSTE, ) ) Appellant, ) ) v. ) Case No. 2D20-1858 ) MACDONEL SAINT JUSTE, ) ) Appellee. ) ) Opinion filed December 11, 2020. Appeal pursuant to Fla. R. App. P. 9.130 from the Circuit Court for Pasco County; Alicia Polk, Judge. Lawrence R. Metsch of MetschLaw, P.A., Aventura",,,,,,1207,
CvUNOYRsQv4,2D19-424,,False,,,,,,,,,,,,,,,,,,,,,,
CwpPj7Dw0bw,2D20 2598,,False,,,,,,,,,,,,,,,,,,,,,,
CzxXNuhKPYg,2D2-1803,,False,,,,,,,,,,,,,,,,,,,,,,
D6YsQeWxSYY,2D21 781,2D2021-0781,True,"JOSEPH SPINE, P. A.  vs ANDREW MOULTON, M. D.",2022-06-29,reverse,Reversed and remanded with instructions.,False,False,Villanti,Villanti; Lucas; Smith,False,,False,Smith,,," Appellee. No. 2D21-781 June 29, 2022 Appeal pursuant to Fla. R. App. P. 9.130 from the Circuit Court for Pinellas County; Thomas M. Ramsberger, Judge. Darryl R. Richards of Johnson, Pope, Bokor, Ruppel & Burns, LLP, Tampa, and Sharon E. Krick of Johnson, Pope, Bokor, Ruppel & Burns, LLP, Clearwater","t Court for Pinellas County; Thomas M. Ramsberger, Judge. Darryl R. Richards of Johnson, Pope, Bokor, Ruppel & Burns, LLP, Tampa, and Sharon E. Krick of Johnson, Pope, Bokor, Ruppel & Burns, LLP, Clearwater, for Appellant. Robert V. Williams and Whynter KJA Morgan-Neal of Burr and Forman, LLP, Tampa",,,,,26734,
D9GU70FbXco,23 2096,,False,,,,,,,,,,,,,,,,,,,,,,
D9m29JUxoGg,23 1390,2D2023-1390,True,"FANTAUZZI v. DAY, FLECK, JR., ESQ.",2024-04-03,reverse,Reversed - Authored Opinion ~ and remanded.,False,False,Silberman,Silberman; Casanueva; Smith,False,,False,,Charles Sniffen,Manatee,"PEAL OF FLORIDA SECOND DISTRICT ANTHONY J. FANTAUZZI, Appellant, v. JOHN P. FLECK, JR., and JAMES C. DAY, Appellees. No. 2D23-1390 April 3, 2024 Appeal from the Circuit Court for Manatee County; Charles Sniffen, Judge. Nicole Deese Newlon and Bradley F. Kinni of Johnson, Newlon & DeCort, P.A., Tampa",,,,,,18837,
DFuBhpxj6gw,22 3289,2D2022-3289,True,"ARTHUR PIETSCH, ET AL VS MYAKKA VALLEY RANCHES IMPROVEMENT ASSOCIATION, INC.",2023-10-06,affirm,Affirmed - Per Curiam Affirmed,True,True,,Morris; Smith; Labrit,False,,False,,Kevin Bruning,Sarasota,"STEIN; SHARON L. STEIN; BERNARD R. STEIN; DANIEL M. SCARINZI, and ELIZABETH S. SCARINZI, Appellants, v. MYAKKA VALLEY RANCHES IMPROVEMENT ASSOCIATION, INC., Appellee. NO. 2D22-3289 October 6, 2023 Appeal from the Circuit Court for Sarasota County; Kevin Bruning, Judge. Frederic B. O'Neal, Windermere"," MYAKKA VALLEY RANCHES IMPROVEMENT ASSOCIATION, INC., Appellee. NO. 2D22-3289 October 6, 2023 Appeal from the Circuit Court for Sarasota County; Kevin Bruning, Judge. Frederic B. O'Neal, Windermere, for Appellants. James H. Burgess, Jr. of Burgess, Harrell, Mancuso, Colton & La Porta, P.A., Sarasota",,,,,1852,
DHNgwSkk308,25 0291,2D2025-0291,True,"Wilson v. Boehringer Ingelheim Pharmaceuticals, Inc., Boehringer Ingelheim Corporation, et al",2026-07-10,affirm,Affirmed,True,True,,Silberman; Atkinson; Guard,False,,False,,Darren D. Farfante,Hillsborough,"NC.; SANOFI-AVENTIS U.S. LLC; SANOFI US SERVICES, INC.; AND PUBLIX SUPER MARKETS, INC., Appellees. No. 2D2025-0291 July 10, 2026 Appeal from the Circuit Court for Hillsborough County; Darren D. Farfante, Judge. Justin Parafinczuk, John A. Bruegger and Jason Wolf of Parafinczuk Wolf, P.A., Boca Raton","Court for Hillsborough County; Darren D. Farfante, Judge. Justin Parafinczuk, John A. Bruegger and Jason Wolf of Parafinczuk Wolf, P.A., Boca Raton, for Appellant. Valentin Leppert and Ursula M. Henninger of King & Spaulding LLP, Miami; and Corinne E. Nabors of King & Spaulding LLP, Atlanta, Georgia",2D2025-0291,https://www.courtlistener.com/opinion/10925383/x/,10925383,11392921,1732,
DKsMCIJhtFU,22 818,2D2022-0818,True,MORRIS RAY OWENS  vs LINDA OLEKSYK,2023-03-01,affirm,Affirmed,True,False,,Northcutt; Khouzam; Black,False,,False,,Wesley D. Tibbals,Hillsborough,"STRICT MORRIS RAY OWENS, Appellant, v. LINDA OLEKSYK, Appellee. No. 2D22-818 March 1, 2023 Appeal from the Circuit Court for Hillsborough County; Wesley D. Tibbals, Judge. Kevin C. Kaplan, Melissa J. Jacobs, James A. Odell, Jeffrey B. Crockett, and Daniel F. Blonsky of Coffey Burlington, P.L., Miami","sley D. Tibbals, Judge. Kevin C. Kaplan, Melissa J. Jacobs, James A. Odell, Jeffrey B. Crockett, and Daniel F. Blonsky of Coffey Burlington, P.L., Miami, for Appellant. Steven L. Brannock and Torri D. Macarages of Brannock Humphries & Berman, Tampa, and John Fraser Himes of Fraser Himes, P.A., Tampa",,,,,921,
DV__fnS2sAw,2D21 649,2D2021-0649,True,"SANTOYO TRUCK PARTS & REPAIRS, INC.  vs YV TRUCKING, INC.",2021-10-22,denied,Denied,True,False,,Northcutt; Silberman; Sleet,False,,False,,,,,,,,,,1016,
DVt59yIgZlI,24 0684,2D2024-0684,True,TRIPP v. DONNELLY,2025-02-07,affirm,Affirmed,True,True,,Khouzam; Rothstein-Youakim; Labrit,False,,False,,Elizabeth Jack,Pinellas,"DISTRICT COURT OF APPEAL OF FLORIDA SECOND DISTRICT ALAN CURTIS TRIPP, Appellant, v. ADELYN P. DONNELLY, Appellee. No. 2D2024-0684 February 7, 2025 Appeal from the Circuit Court for Pinellas County; Elizabeth Jack, Judge. Mark F. Baseman of Felix & Baseman, LLC, Tampa",,,,,,858,
DYoEj6e8hGg,2D19 2952,2D2019-2952,True,LOUIS NARADA ARMSTRONG  vs STATE OF FLORIDA,2021-10-15,affirm,Affirmed,True,False,,Casanueva; Khouzam; Lucas,False,,False,,Kimberly Todd,Manatee," FLORIDA SECOND DISTRICT LOUIS NARADA ARMSTRONG, Appellant, v. STATE OF FLORIDA, Appellee. No. 2D19-2952 October 15, 2021 Appeal from the Circuit Court for Manatee County; Kimberly Todd, Judge. Howard L. Dimmig, II, Public Defender, and Victoria E. Hatfield, Special Assistant Public Defender, Bartow"," 2021 Appeal from the Circuit Court for Manatee County; Kimberly Todd, Judge. Howard L. Dimmig, II, Public Defender, and Victoria E. Hatfield, Special Assistant Public Defender, Bartow, for Appellant. Ashley Moody, Attorney General, Tallahassee, and C. Todd Chapman, Assistant Attorney General, Tampa",,,,,869,
DYyJNk4if74,23 1983,2D2023-1983,True,"DESIGN CONCEPT ITALIA CORP v. DI BONA, DI BONA",2024-04-03,affirm,Affirmed - Per Curiam Affirmed,True,True,,,False,,False,,Richard Martin,Hillsborough," FLORIDA SECOND DISTRICT DESIGN CONCEPT ITALIA, INC., Appellant, v. WHITNEY R. DI BONA and GARRETT M. DI BONA, Jointly and Individually, Appellees. No. 2D23-1983 April 3, 2024 Appeal from the Circuit Court for Hillsborough County; Richard Martin, Judge. David A. Townsend of Townsend & Brannon, Tampa","and GARRETT M. DI BONA, Jointly and Individually, Appellees. No. 2D23-1983 April 3, 2024 Appeal from the Circuit Court for Hillsborough County; Richard Martin, Judge. David A. Townsend of Townsend & Brannon, Tampa, for Appellant. Whitney Ray Di Bona of Maune Raichle Hartley French & Mudd, LLC, Tampa",,,,,854,
Dfze2I7bgA0,24 1150,2D2024-1150,True,HAMMER v. THE STANDARD FIRE INSURANCE COMPANY,2024-11-27,denied,Denied,True,False,,Kelly; Morris; Lucas,False,,False,,,,,,,,,,802,
DgVTl5xTFiE,2D21 3264,2D2021-3264,True,"AJ THERAPY CENTER, INC..,  vs IMPERIAL FIRE & CASUALTY INSURANCE COMPANY",2023-01-13,reverse,Reversed and remanded.,False,False,Casanueva,Casanueva; Morris; Villanti,False,,False,,Jessica G. Costello,Hillsborough,"CT COURT OF APPEAL OF FLORIDA SECOND DISTRICT AJ THERAPY CENTER, INC., Appellant, v. IMPERIAL FIRE & CASUALTY INSURANCE COMPANY, Appellee. No. 2D21-3264 January 13, 2023 Appeal from the County Court for Hillsborough County; Jessica G. Costello, Judge. Chad A. Barr of Chad Barr Law, Altamonte Springs","CASUALTY INSURANCE COMPANY, Appellee. No. 2D21-3264 January 13, 2023 Appeal from the County Court for Hillsborough County; Jessica G. Costello, Judge. Chad A. Barr of Chad Barr Law, Altamonte Springs, for Appellant. William J. McFarlane, III, and Michael K. Mittelmark of McFarlane Law, Coral Springs",,,,,4379,
DgxMfHyp-bE,22 1320,2D2022-1320,True,"WENDY'S AUTO SALES, LLC  vs KAMIA DAILEY",2023-02-15,affirm,Affirmed,True,False,,Silberman; Villanti; Lucas,False,,False,,,,"IDA SECOND DISTRICT WENDY'S AUTO SALES, LLC, Appellant, v. KAMIA DAILEY, Appellee. No. 2D22-1320 February 15, 2023 Appeal pursuant to Fla. R. App. P. 9.130 from the County Court for Sarasota County; David Denkin, Judge. Thomas P. Whitaker, Jr., of Kingdom Counsel, A Concierge Law Practice, Bradenton",", Appellee. No. 2D22-1320 February 15, 2023 Appeal pursuant to Fla. R. App. P. 9.130 from the County Court for Sarasota County; David Denkin, Judge. Thomas P. Whitaker, Jr., of Kingdom Counsel, A Concierge Law Practice, Bradenton, for Appellant. Jesse R. Butler of Dickinson & Gibbons, P.A., Sarasota",,,,,825,
Dh0gOUZhGrg,2D21 2723,2D2021-2723,True,"JAMES J. JAMIESON  vs THE TOWN OF FORT MYERS BEACH, FLORIDA",2022-12-29,reverse,Reversed and remanded with instructions.,False,False,Villanti,Villanti,False,,False,,Alane Laboda,Lee,"TH KUENZEL CLERK DISTRICT COURT OF APPEAL OF FLORIDA SECOND DISTRICT JAMES J. JAMIESON, Appellant, v. THE TOWN OF FORT MYERS BEACH, FLORIDA, Appellee. No. 2D21-2723 December 29, 2022 Appeal from the Circuit Court for Lee County; Alane Laboda, Judge. Ryan C. Reese of Moore Bowman & Reese, P.A., Tampa","ACH, FLORIDA, Appellee. No. 2D21-2723 December 29, 2022 Appeal from the Circuit Court for Lee County; Alane Laboda, Judge. Ryan C. Reese of Moore Bowman & Reese, P.A., Tampa, for Appellant. Jeffrey L. Hochman and Hudson C. Gill of Johnson, Anselmo, Murdoch, Burke, Piper & Hochman, PA, Ft. Lauderdale",,,,,47241,
Dmfs_0O9SxM,2D22 1423,2D2022-1423,True,DAVID COFFEE  vs DEPARTMENT OF HIGHWAY SAFETY AND MOTOR VEHICLES,2022-10-21,denied,Denied,True,False,,,False,,False,,,,,,,,,,881,
DnDevmvuttY,2D20 3637,,False,,,,,,,,,,,,,,,,,,,,,,
Dp6EUr3LP_c,2D18-5122,,False,,,,,,,,,,,,,,,,,,,,,,
DpL2ppMdh8E,24 1882,2D2024-1882,True,"Dove Investment Corp. v. Bank Of America, N.A., Wilder, et al",2025-05-14,affirm,Affirmed,True,True,,Northcutt; Villanti; Morris,False,,False,,,,"MIE R. WILDER, BANK OF AMERICA, N.A., and CHASE BANK USA, N.A., Appellees. No. 2D2024-1882 May 14, 2025 Appeal pursuant to Fla. R. App. P. 9.130 from the Circuit Court for Pinellas County; Michael F. Andrews, Judge. Hugh Brett Shafritz and Aaron F. Miller of Shafritz and Associates, PA, Delray Beach","t for Pinellas County; Michael F. Andrews, Judge. Hugh Brett Shafritz and Aaron F. Miller of Shafritz and Associates, PA, Delray Beach, for Appellant. David Leonardo Del Vecchio, Brandon Stuart Vesely, Shannon Leigh Troutman, and Robert E. Biasotti of the Florida Appellate Firm, P.A., St. Petersburg",,,,,1060,
DppvWruIYU0,2D18-4170,2D2018-4170,True,"EUGENIO VELAZQUEZ  vs LOGISTEC USA, INC., ET AL.",2021-04-21,affirm,Affirmed,True,False,,,False,,False,,,,"LIFT and ) MANATEE COUNTY PORT ) AUTHORITY, ) ) Appellees. ) ) Opinion filed April 21, 2021. Appeal from the Circuit Court for Manatee County; Lon Arend, Judge. Wendy S. Loquasto and Susan W. Fox, of Fox & Loquasto, LLC, Tallahassee, and Carlos R. Diez-Arguelles of Arguelles & Tejedor, P.A., Orlando","t Court for Manatee County; Lon Arend, Judge. Wendy S. Loquasto and Susan W. Fox, of Fox & Loquasto, LLC, Tallahassee, and Carlos R. Diez-Arguelles of Arguelles & Tejedor, P.A., Orlando, for Appellant. Jerry D. Hamilton, Schuyler Smith, and Michael J. Dono of Hamilton, Miller & Birthisel, LLP, Miami",,,,,1686,
DwkXjnZv_E8,2D20-2904,,False,,,,,,,,,,,,,,,,,,,,,,
DxHAgriD--k,2D19 1600,2D2019-1600,True,DOUGLAS TAYLOR  vs STATE OF FLORIDA,2021-06-11,affirm,Affirmed in part and dismissed in part.,False,False,,Villanti; Rothstein-Youakim; Labrit,False,,False,,Mark D. Kiser,Hillsborough,,". 2D19-1600 2D19-1648 CONSOLIDATED June 11, 2021 Appeal from the Circuit Court for Hillsborough County; Mark D. Kiser, Judge. Anthony M. Candela of Candela Law Firm, P.A., Riverview, for Appellant. Ashley Moody, Attorney General, Tallahassee, and Jonathan S. Tannen, Assistant Attorney General, Tampa",,,,,1104,
E-r3_XTKbTU,22 2148,2D2022-2148,True,WALTERS v. STATE OF FLORIDA,2024-07-26,other,Citation- Affirmed,True,False,,Casanueva; Khouzam; Black,False,,False,,Philip J. Federico,Pinellas,"FLORIDA SECOND DISTRICT ANQUAN DEWAYNE WALTERS, Appellant, v. STATE OF FLORIDA, Appellee. No. 2D22-2148 July 26, 2024 Appeal from the Circuit Court for Pinellas County; Philip J. Federico, Judge. Howard L. Dimmig, II, Public Defender, and Benedict P. Kuehne, Special Assistant Public Defender, Bartow","mmig, II, Public Defender, and Benedict P. Kuehne, Special Assistant Public Defender, Bartow, for Appellant. Susan Dmitrovsky of Kuehne Davis Law, P.A., Miami, of counsel, for Appellant. Ashley Moody, Attorney General, Tallahassee, and Katherine Coombs Cline, Senior Assistant Attorney General, Tampa",,,,,1928,
E38XrYgFfoo,2D21 1365,2D2021-1365,True,ROBERT ROTHMAN  vs ANTHONY F. GONZALEZ,2021-12-03,denied,Denied,True,False,,,False,,False,,,,,,,,,,1665,
E3LUC0wb_hw,2D19-4575,2D2019-4575,True,"DOLPHIN AVIATION, INC.  vs HELI AVIATION FLORIDA,INC., ET AL",2020-11-25,reverse,Reversed and remanded for further proceedings consistent with this opinion,False,False,,Morris; Smith,False,,False,,,,"LC, a ) Florida limited liability company; and ) NICLAS HERLE, an individual, ) ) Appellees. ) ___________________________________) Opinion filed November 25, 2020. Appeal from the Circuit Court for Manatee County; Charles P. Sniffen, Judge. Nick Roknich, III, of The Roknich Law Firm, P.A., Sarasota","vidual, ) ) Appellees. ) ___________________________________) Opinion filed November 25, 2020. Appeal from the Circuit Court for Manatee County; Charles P. Sniffen, Judge. Nick Roknich, III, of The Roknich Law Firm, P.A., Sarasota, for Appellant. Derek W. Eisemann of Michael J. Belle, P.A., Sarasota",,,,,15654,
EK-w1gxx8s4,24 1120,2D2024-1120,True,"MGM OF WEST FLORIDA, LLC v. MANATEE COUNTY, FLORIDA",2025-03-05,granted,Petition granted; order quashed.,False,False,Rothstein-Youakim,Rothstein-Youakim; Sleet; Lucas,False,,False,,,,,,,,,,9755,
EOnSMgG4o0g,2D21 2165,2D2021-2165,True,"EVA LANA SILVER, INDIVIDUALLY AND AS GUARDIAN OF MAX LANA  vs PLATO J. ALEXANDER",2022-10-21,affirm,Affirmed,True,False,,,False,,False,,,,," EVA LANA SILVER and MAX LANA, Appellants, v. PLATO J. ALEXANDER, Appellee. No. 2D21-2165 October 21, 2022 Appeal pursuant to Fla. R. App. P. 9.130 from the Circuit Court for Pinellas County; Cynthia Newton, Judge. Eva Lana Silver and Max Lana, pro se. George J. Felos of Felos & Felos, P.A., Dunedin",,,,,779,
ERMNRSQBdfY,2D21 541,2D2021-0541,True,"PROGRESSIVE AMERICAN INSURANCE CO.  vs BACK ON TRACK, L L C, A/A/O OPHELIA BAILEY",2022-07-01,reverse,Reversed and remanded; conflict certified.,False,False,Labrit,Labrit,False,,False,,James S. Moody,Hillsborough,"DISTRICT PROGRESSIVE AMERICAN INSURANCE COMPANY, Appellant, v. BACK ON TRACK, LLC, a/a/o Ophelia Bailey, Appellee. No. 2D21-541 July 1, 2022 Appeal from the Circuit Court for Hillsborough County; James S. Moody, Judge. Kenneth P. Hazouri of deBeaubien, Simmons, Knight, Mantzaris & Neal, LLP, Orlando","ailey, Appellee. No. 2D21-541 July 1, 2022 Appeal from the Circuit Court for Hillsborough County; James S. Moody, Judge. Kenneth P. Hazouri of deBeaubien, Simmons, Knight, Mantzaris & Neal, LLP, Orlando, for Appellant. Matthew Emanuel and Alexander D. Licznerski of Landau & Associates, P.A., Sunrise",,,,,50895,
EU6cazqa5xs,2D21 920,2D2021-0920,True,"ANDREW F. DROTLEFF, I I I  vs TANIA S. DROTLEFF",2021-11-19,affirm,Affirmed,True,False,,Casanueva; Kelly; Stargel,False,,False,,Jared E. Smith,Hillsborough,"DISTRICT COURT OF APPEAL OF FLORIDA SECOND DISTRICT ANDREW F. DROTLEFF, III, Appellant, v. TANIA S. DROTLEFF, Appellee. Case No. 2D21-920 November 19, 2021 Appeal from the Circuit Court for Hillsborough County; Jared E. Smith, Judge. Peter J. Hobson, Tampa","EAL OF FLORIDA SECOND DISTRICT ANDREW F. DROTLEFF, III, Appellant, v. TANIA S. DROTLEFF, Appellee. Case No. 2D21-920 November 19, 2021 Appeal from the Circuit Court for Hillsborough County; Jared E. Smith, Judge. Peter J. Hobson, Tampa, for Appellant. Mark F. Baseman of Felix, Felix & Baseman, Tampa",,,,,716,
EYLq36uH7wo,2D20-679,2D2020-0679,True,"JUGAL K. TANEJA  vs DOWNTOWN ST. PETE PROPERTIES, LLC, ET AL",2022-03-25,other,order granting appellant's motion to enforce mandate,False,False,,Northcutt; Atkinson; Stargel,False,,False,,Keith Meyer,Pinellas,"lorida limited liability company; SMITH SANTIESTEBAN ALLEN ARCHITECTS, INC., a Florida corporation; and CHANDRESH SARAIYA, individually, Appellees. No. 2D20-679 March 25, 2022 Appeal from the Circuit Court for Pinellas County; Keith Meyer, Judge. Matthew J. Conigliaro, of Carlton Fields, P.A., Tampa","NDRESH SARAIYA, individually, Appellees. No. 2D20-679 March 25, 2022 Appeal from the Circuit Court for Pinellas County; Keith Meyer, Judge. Matthew J. Conigliaro, of Carlton Fields, P.A., Tampa, for Appellant. John A. Anthony, Andrew J. Ghekas, and Nicholas Lafalce, of Anthony & Partners, LLC, Tampa",,,,,4806,
EZwEnlpwVI0,2D18-4551,,False,,,,,,,,,,,,,,,,,,,,,,
EbuiDcOO_ak,2D19 852,2D2019-0852,True,,,affirm,Affirmed.,True,True,,,False,,False,,,,"da not-for- ) profit corporation, and THE HARBOUR ) ISLAND MARINA ASSOCIATION, INC., ) a Florida not for profit corporation, ) ) Appellees. ) ) Opinion filed September 2, 2020. Appeal from the Circuit Court for Hillsborough County; Martha J. Cook, Judge. Jason Sampson of Venerable Law, LLP, of Tampa"," the Circuit Court for Hillsborough County; Martha J. Cook, Judge. Jason Sampson of Venerable Law, LLP, of Tampa for Appellants. Edward W. Collins of The Law Office of William Collins, P.A., of Tampa for Appellants. Kristin A. Norse and Stuart C. Markman of Kynes, Markman, and Felman, P.A., of Tampa",19-0852,https://www.courtlistener.com/opinion/4781873/x/,4781873,4562220,1447,
EfVuiM7_qZs,2D19-4334,,False,,,,,,,,,,,,,,,,,,,,,,
EknIBZ_0MMY,23 1034,2D2023-1034,True,"DAVIDSON v. DEES, CHARMARTHY, et al",2024-12-27,reverse,Reversed and remanded.,False,False,Northcutt,Northcutt; Silberman; Morris,False,,False,,,,,"to Fla. R. App. P. 9.130 from the Circuit Court for Hillsborough County; Rex Martin Barbas, Judge. Samuel J. Salario, Jr., and Caroline M. Poor of Lawson Huck Gonzalez, PLLC, Tampa; and Kevin C. Ambler of Ambler Law Group, Tampa, for Appellant. Richard A. Harrison of Richard A. Harrison, P.A., Tampa",,,,,14370,
EkzpDUeDTGE,25 0367,2D2025-0367,True,"Avesta Communities, LLC, Rex v. Fred",2026-03-25,reverse,Reversed and remanded with instructions.,False,False,,Black; Sleet,False,,False,,,,,,2D2025-0367,https://www.courtlistener.com/opinion/10814630/x/,10814630,11281384,26482,
En10ZTUZV84,24 1696,2D2024-1696,True,"Deutsche Bank National Trust Company, as Indenture Trustee, New Century Home Equity Loan Trust 2005-1 v. Flores Del Callejo, Flores Del Callejo",2025-10-24,reverse,Reversed and remanded for further proceedings.,False,False,Atkinson,Atkinson; Silberman; Black,False,,False,,Susan G. Barthle,Pasco,"s indenture trustee for New Century Home Equity Loan Trust 2005-1, Appellant, v. CARMEN FLORES DEL CALLEJO and ALFREDO FLORES DEL CALLEJO, Appellees. No. 2D2024-1696 October 24, 2025 Appeal from the Circuit Court for Pasco County; Susan G. Barthle, Judge. Eric M. Levine of Atlas Solomon, LLP, Stuart","5-1, Appellant, v. CARMEN FLORES DEL CALLEJO and ALFREDO FLORES DEL CALLEJO, Appellees. No. 2D2024-1696 October 24, 2025 Appeal from the Circuit Court for Pasco County; Susan G. Barthle, Judge. Eric M. Levine of Atlas Solomon, LLP, Stuart, for Appellant. Matthew D. Wolf of Ivanov & Wolf, PLLC, Tampa",,,,,19701,
EpWxFNiUsKo,21 2325,2D2021-2325,True,"S. S., INDIVIDUALLY AND AS PARENT AND NATURAL GUARDIAN OF H. H., A MINOR  vs THE SCHOOL BOARD OF SARASOTA COUNTY, FLORIDA",2023-03-17,affirm,Affirmed,False,False,Lucas,Lucas; Kelly; Black,False,,False,,Stephen M. Walker,Sarasota,," OF SARASOTA COUNTY, FLORIDA, Appellee. No. 2D21-2325 March 17, 2023 Appeal from the Circuit Court for Sarasota County; Stephen M. Walker, Judge. Tracy Raffles Gunn of Gunn Appellate Practice, P.A., Tampa, for Appellant. Duane A. Daiker and Daniel J. DeLeo of Shumaker, Loop & Kendrick, LLP, Sarasota",,,,,30630,
EtNWy0qz4Dw,2D19-2150,,False,,,,,,,,,,,,,,,,,,,,,,
EzRVzmip9qw,24 0361,,False,,,,,,,,,,,,,,,,,,,,,,
F0aVXA52WGI,2D21 2972,2D2021-2972,True,NEIL J. MORAN AND LYNN ANDREWS  vs VALUE ADJUSTMENT BOARD FOR PINELLAS COUNTY,2022-04-01,denied,Denied,True,False,,Kelly; Villanti; Stargel,False,,False,,,,,,,,,,820,
FBGBjvunAaM,2D21 1602,2D2021-1602,True,"COLLIER COUNTY PUBLIC SCHOOLS, ET AL.  vs JOSEPH M. BAIRD, ET AL.",2022-06-29,denied,Denied,False,False,Casanueva,Casanueva; Khouzam; Black,False,,False,,,,,,,,,,11621,
FDmfpWu-ZX4,2D21 748,2D2021-0748,True,"DERRICK J. HADLEY, ESTATE OF: THOM WILLIAM BROWN, JR., ET AL.,  vs MACKEY LAW GROUP, P. A.",2022-06-22,affirm,Affirmed,True,False,,Lucas; Atkinson; Stargel,False,,False,,Kevin R. Bruning,Manatee,,"eghan O. Serrano of Shumaker, Loop & Kendrick, LLP, Sarasota, for Appellant Derrick J. Hadley. Appellant Ernest S. Marshall, Jr., pro se. Eileen H. Griffin of Griffin & Associates, P.A., Brandon, for Appellant Jamie Marie Brown. Peter J. Mackey and Jorge Martinez of Mackey Law Group, P.A., Bradenton",,,,,1079,
FE--XeEFcGI,2D19-3456,,False,,,,,,,,,,,,,,,,,,,,,,
FGrXM8ZTO8Y,2D21 747,2D2021-0747,True,R. B.  vs B. T.,2023-01-13,reverse,Reversed and remanded with instructions.,False,False,,Kelly; Villanti,False,,False,,Wesley D. Tibbals,Hillsborough,"DISTRICT COURT OF APPEAL OF FLORIDA SECOND DISTRICT R.B., Appellant, v. B.T., Appellee. No. 2D21-747 January 13, 2023 Appeal from the Circuit Court for Hillsborough County; Wesley D. Tibbals, Judge. Allison M. Perry of Florida Appeals, P.A., Tampa",", v. B.T., Appellee. No. 2D21-747 January 13, 2023 Appeal from the Circuit Court for Hillsborough County; Wesley D. Tibbals, Judge. Allison M. Perry of Florida Appeals, P.A., Tampa, for Appellant. Richard J. Mockler, Katherine Johnson Nassar, and Angela Lynn Leiner of Mockler Leiner Law, P.A., Tampa",,,,,5028,
FLBAbAuxKjM,24 1778 & 2372,2D2024-1778,False,,,,,,,,,,,,,,,,,,,,,,
FLWG2Q-OIlE,2D20 2631,2D2020-2631,True,"WILLIAM MEACHAM  vs DAVIS & KENNEDY, P. A.",2022-02-18,affirm,Affirmed,True,False,,,False,,False,,Ralph C. Stoddard,Hillsborough,,"8, 2022 Appeal from the Circuit Court for Hillsborough County; Ralph C. Stoddard, Judge. William Barton Meacham, pro se, and for Appellant Stephanie Meacham (withdrew after briefing). Stephanie Meacham, pro se. Lan B. Kennedy-Davis and Candy L. Messersmith Rumberger of Kirk & Caldwell, P.A., Orlando",,,,,962,
FNmoThBTPXk,25 0529,2D2025-0529,True,"HOLDINGS JJJ, LLC v. JAMIE RAND and JULIE RAND, trustees of the",2026-09-18,reverse,Reversed and remanded with instructions.,False,False,Rothstein-Youakim,Rothstein-Youakim; Kelly; Black,False,,False,,,,"September 18, 2026 Appeal pursuant to Fla. R. App. P. 9.130 from the Circuit Court for Hillsborough County; Jennifer X. Gabbard, Judge. Dean A. Morande and Jesse D. Dieterle of Carlton Fields, P.A., West Palm Beach; and Christopher W. Smart and Alicia R. Whiting Bozich of Carlton Fields, P.A., Tampa","30 from the Circuit Court for Hillsborough County; Jennifer X. Gabbard, Judge. Dean A. Morande and Jesse D. Dieterle of Carlton Fields, P.A., West Palm Beach; and Christopher W. Smart and Alicia R. Whiting Bozich of Carlton Fields, P.A., Tampa, for Appellant. Bo Sellitti of Lieser Skaff, PLLC, Tampa",2D2025-0529,https://www.courtlistener.com/opinion/10976651/x/,10976651,11444293,28130,
FPO0t0vUCAE,2D19-1057,2D2019-1057,True,JAMES TODD ROGNRUD  vs MARTHA LEE HARTNETT F/K/A MARTHA LEE ROGNRUD,2021-01-29,affirm,Affirmed and remanded.,False,False,,Northcutt; Rothstein-Youakim; Atkinson,False,,False,,,," No. 2D19-1057 ) MARTHA LEE HARTNETT f/k/a Martha ) Lee Rognrud, ) ) Appellee. ) ________________________________ ) Opinion filed January 29, 2021. . Appeal from the Circuit Court for Collier County; Mary C. Evans, Judge. Reuben A. Doupé of Coleman, Hazzard, Taylor, Klaus, Doupé & Diaz, P.A., Naples","s, Judge. Reuben A. Doupé of Coleman, Hazzard, Taylor, Klaus, Doupé & Diaz, P.A., Naples, for Appellant. Thomas W. Franchino of Thomas W. Franchino, P.A., Naples (withdrew after briefing); Shayna K. Cavanaugh of The Law Office of Cavanaugh & Cavanaugh, P.A., Naples (substituted as counsel of record)",,,,,1500,
FX296QG6PN8,24 1338,2D2024-1338,True,"Critical Intervention Services, Inc. v. Tampa Electric Company",2025-05-16,affirm,Affirmed,True,True,,Northcutt; Villanti; Morris,False,,False,,Jennifer X. Gabbard,Hillsborough,"F FLORIDA SECOND DISTRICT CRITICAL INTERVENTION SERVICES, INC., Appellant, v. TAMPA ELECTRIC COMPANY, Appellee. No. 2D2024-1338 May 16, 2025 Appeal from the Circuit Court for Hillsborough County; Jennifer X. Gabbard, Judge. Mark D. Tinker and Brandon J. Tyler of Cole, Scott & Kissane, P.A., of Tampa","C COMPANY, Appellee. No. 2D2024-1338 May 16, 2025 Appeal from the Circuit Court for Hillsborough County; Jennifer X. Gabbard, Judge. Mark D. Tinker and Brandon J. Tyler of Cole, Scott & Kissane, P.A., of Tampa, for Appellant. Elbert L. Martin, IV of Lau, Lane, Pieper, Conley & McCreadie, P.A., Tampa",,,,,824,
FXS0x9-4974,23 93,2D2023-0093,True,"PROGRESSIVE SELECT INSURANCE COMPANY VS LLOYD'S OF SHELTON AUTO GLASS, L L C, A/A/O BRUCE FARLOW",2023-07-12,denied,Denied - Authored Opinion,False,False,Silberman,Silberman; Sleet; Morris,False,,False,,,,,,,,,,11619,
FYhx86ChTRQ,23 1097,2D2023-1097,True,"BROWN, MORENO v. SAFEPOINT INSURANCE COMPANY",2025-03-07,affirm,Affirmed; conflict certified.,False,True,,Villanti; Lucas; Atkinson,False,,False,,Cheryl K. Thomas,Hillsborough,"RICT COURT OF APPEAL OF FLORIDA SECOND DISTRICT LUIS BROWN and MIRTA MORENO a/k/a MIRTA BROWN, Appellants, v. SAFEPOINT INSURANCE, Appellee. No. 2D2023-1097 March 7, 2025 Appeal from the Circuit Court for Hillsborough County; Cheryl K. Thomas, Judge. Erik T. Barnard of Watson et Barnard, PLLC, Miami","Appellants, v. SAFEPOINT INSURANCE, Appellee. No. 2D2023-1097 March 7, 2025 Appeal from the Circuit Court for Hillsborough County; Cheryl K. Thomas, Judge. Erik T. Barnard of Watson et Barnard, PLLC, Miami, for Appellants. Patrick M. Chidnese and Frieda C. Lindroth of Bickford & Chidnese, LLP, Tampa",,,,,1830,
FfdebfAYflo,22 3803,2D2022-3803,True,SHUAN MATHENA VS TABITHA MATHENA,2023-10-27,affirm,Affirmed - Per Curiam Affirmed,True,True,,Casanueva; Lucas; Labrit,False,,False,,David R. Ellis,Pinellas,"DISTRICT COURT OF APPEAL OF FLORIDA SECOND DISTRICT SHUAN MATHENA, Appellant, v. TABITHA D. MATHENA, Appellee. No. 2D22-3803 October 27, 2023 Appeal from the Circuit Court for Pinellas County; David R. Ellis, Judge. Allison M. Perry of Florida Appeals, P.A., Tampa",,,,,,712,
Fg3_hEwOqoU,2D20 689,2D2020-0689,True,"GARY SANTORO  vs ASANKA CARS.COM, INC. AND AMERICAN SAFETY CASUALTY INSURANCE COMPANY",2021-06-02,affirm,Affirmed,False,False,,Silberman; Black; Sleet,False,,False,,Andrea McHugh,Hillsborough,"MERICAN SAFETY CASUALTY INSURANCE COMPANY, Appellees. No. 2D20-689 June 2, 2021 Appeal from the Circuit Court for Hillsborough County; Andrea McHugh, Judge. Richard N. Asfar of Cotney Construction Law, LLP, Tampa; and Roger D. Mason, II and Autumn D. Tolar of Roger D. Mason, II, P.A., St. Petersburg","Hugh, Judge. Richard N. Asfar of Cotney Construction Law, LLP, Tampa; and Roger D. Mason, II and Autumn D. Tolar of Roger D. Mason, II, P.A., St. Petersburg, for Appellant. Erin M. Berger and Melissa A. Giasi of Giasi Law, Tampa, for Appellee American Safety Casualty Insurance Company. No appearance",,,,,2722,
FmGPTcbBxds,2D19-2234,,False,,,,,,,,,,,,,,,,,,,,,,
Fmueve6c8Vo,2D20-1029,2D2020-1029,True,"JAN KLIAMAN  vs PUBLIX SUPER MARKETS, INC.",2021-04-07,affirm,Affirmed,True,False,,Casanueva; Rothstein-Youakim; Labrit,False,,False,,,,"filed April 7, 2021. Appeal from the Circuit Court for Hillsborough County; Richard A. Nielsen, Judge. Stephanie L. Serafin and Jane Kreusler- Walsh of Kreusler-Walsh, Vargas & Serafin, P.A., West Palm Beach; and Steven K. Deutsch and Robert E. Blumberg of Deutsch Blumberg & Caballero, P.A. of Miami"," Nielsen, Judge. Stephanie L. Serafin and Jane Kreusler- Walsh of Kreusler-Walsh, Vargas & Serafin, P.A., West Palm Beach; and Steven K. Deutsch and Robert E. Blumberg of Deutsch Blumberg & Caballero, P.A. of Miami, for Appellant. Diane G. DeWolf and Katherine E. Giddings of Akerman LLP, Tallahassee",,,,,1236,
FnN0n1E6J6g,2D21 488,2D2021-0488,True,"PROGRESSIVE AMERICAN INSURANCE  vs GLASSMETICS, LLC, A/ A/ O DEVAN HAMMOND",2022-05-20,reverse,Reversed and remanded for further proceedings.,False,False,Silberman,Silberman,False,,False,,,,"AN INSURANCE COMPANY, Appellant, v. GLASSMETICS, LLC, a/a/o Devan Hammond, Appellee. No. 2D21-488 May 20, 2022 Appeal pursuant to Fla. R. App. P. 9.130 from the County Court for Hillsborough County; Frances M. Perrone, Judge. Alexandra Valdes and Kurt T. Koehler of Cole, Scott & Kissane, P.A., Miami","ndra Valdes and Kurt T. Koehler of Cole, Scott & Kissane, P.A., Miami, for Appellant. David M. Caldevilla of de la Parte & Gilbert, P.A., Tampa; Anthony T. Prieto of Morgan & Morgan, P.A., Tampa; and Christopher P. Calkin and Mike N. Koulianos of The Law Offices of Christopher P. Calkin, P.A., Tampa",,,,,41180,
FqWAKNu5tIk,2D20-1352,2D2020-1352,True,"NAPLES ESTATES LIMITED PARTNERSHIP  vs PAMELA MUSTON, ET AL",2021-09-10,mixed,Reversed in part and remanded.,False,False,Atkinson,Atkinson; Villanti; Rothstein-Youakim,False,,False,,Joseph G. Foster,Collier,"TATES LIMITED PARTNERSHIP, Appellant, v. PAMELA MUSTON; WILLIAM BAILIE; and UNKNOWN/UNAUTHORIZED OCCUPANT(S), Appellees. No. 2D20-1352 September 10, 2021 Appeal from the Circuit Court for Collier County; Joseph G. Foster, Judge. Jody B. Gabel and J. Allen Bobo of Lutz, Bobo & Telfair, P.A., Sarasota","CCUPANT(S), Appellees. No. 2D20-1352 September 10, 2021 Appeal from the Circuit Court for Collier County; Joseph G. Foster, Judge. Jody B. Gabel and J. Allen Bobo of Lutz, Bobo & Telfair, P.A., Sarasota, for Appellant. Donald E. Christopher of Baker Donelson Bearman Caldwell & Berkowitz, PC, Orlando",,,,,16405,
Fwhu0Huy2Hk,2D21 1500,2D2021-1500,True,"ROSS FISHER  vs DAVID A. MANEY, KAREN JONES, AND MANEY, DAMSKER, AND JONES, P. A.",2021-12-22,affirm,Affirmed,True,False,,Morris; Kelly; And Labrit,False,,False,,Emily A. Peacock,Hillsborough,"AL OF FLORIDA SECOND DISTRICT ROSS FISHER, Appellant, v. DAVID MANEY, KAREN JONES, and MANEY, DAMSKER and JONES, P.A., Appellees. Case No. 2D21-1500 December 22, 2021 Appeal from the Circuit Court for Hillsborough County; Emily A. Peacock, Judge. J. Stanford Lifsey of J. Stanford Lifsey, P.A., Tampa",,,,,,835,
FxjWQug0hHs,22 4145,2D2022-4145,True,DUHAMEL v. DUHAMEL,2024-04-26,mixed,"Affirmed in Part/Reversed in Part, and remanded with directions.",False,False,Silberman,Silberman; Northcutt; Kelly,False,,False,,Alicia Polk,Pasco,,,,,,,13300,
G2tYgFOIkUo,2D18-4128,,False,,,,,,,,,,,,,,,,,,,,,,
G3bBboF0uwI,2D21 1795,2D2021-1795,True,BRYAN A. SIMS  vs MARGUERITA B. SIMS,2022-09-23,affirm,Affirmed,True,False,,,False,,False,,Jennifer Gabbard,Hillsborough,,"RYAN A. SIMS, Appellant, v. MARGUERITA B. SIMS, Appellee. No. 2D21-1795 September 23, 2022 Appeal from the Circuit Court for Hillsborough County; Jennifer Gabbard, Judge. Mark A. Sessums of Sessums Law Group, P.A., Tampa, for Appellant. Bridget E. Remington and Ellen E. Ware of Ware Law Group, Tampa",,,,,803,
G3lvXErhI6E,2D22 296,2D2022-0296,True,"MICHAEL W. RHODEN  vs LOGAN BELISLE, BRIAN BELISLE AND CHRISTINA BELISLE, ET AL",2022-10-28,affirm,Affirmed,True,False,,Lucas; Smith; Labrit,False,,False,,Geoffrey H. Gentile,Charlotte,"BRIAN BELISLE AND CHRISTINA BELISLE, LAURIE D. RHODEN, and BARRETT'S OF SOUTHWEST FLORIDA, INC., Appellees. No. 2D22-296 October 28, 2022 Appeal from the Circuit Court for Charlotte County; Geoffrey H. Gentile, Judge. Kenneth P. Hazouri, of deBeaubien, Simmons, Knight, Mantzaris & Neal, LLP, Orlando","22-296 October 28, 2022 Appeal from the Circuit Court for Charlotte County; Geoffrey H. Gentile, Judge. Kenneth P. Hazouri, of deBeaubien, Simmons, Knight, Mantzaris & Neal, LLP, Orlando, for Appellant. Julie H. Littky-Rubin, of Clark, Fountain, LaVista, Prather & Littky- Rubin, LLP, West Palm Beach",,,,,1050,
G3t0LEpWeTo,2D21 313,2D2021-0313,True,"SYNERGY CONTRACTING GROUP, INC.  vs FEDERATED NATIONAL INSURANCE CO.",2022-01-19,denied,Denied,True,False,,Northcutt; Atkinson; Smith,False,,False,,,,,,,,,,954,
G4ejXQUuF50,2D20-2771,,False,,,,,,,,,,,,,,,,,,,,,,
G4gJJNmmuY4,2D20 1575,2D2020-1575,True,STUART WEBER  vs USAA GENERAL INDEMNITY INSURANCE COMPANY,2022-01-19,affirm,Affirmed,True,False,,Sleet; Atkinson; Smith,False,,False,,Richard A. Nielsen,Hillsborough,"ppellant, v. USAA GENERAL INDEMNITY COMPANY, Appellee. No. 2D20-1575 January 19, 2022 Appeal from the Circuit Court for Hillsborough County; Richard A. Nielsen, Judge. Bryan S. Gowdy and Meridith A. Ross of Creed & Gowdy, P.A., Jacksonville; and Christa L. Collins of Collins Law PL, Saint Petersburg",", Judge. Bryan S. Gowdy and Meridith A. Ross of Creed & Gowdy, P.A., Jacksonville; and Christa L. Collins of Collins Law PL, Saint Petersburg, for Appellant. Nancy A. Copperthwaite and Marcy Levine Aldrich of Akerman LLP, Miami; and Leslie E. Joughin, III, and Jason L. Margolin of Akerman LLP, Tampa",,,,,942,
G9hZURODMlQ,2D20-1301,2D2020-1301,True,"UATP MANAGEMENT, LLC  vs KIMBERLY BARNES, INDIVIDUALLY AND AS NATURAL GUARDIAN FOR E.J.P.R., A MINOR, ET AL",2021-04-16,affirm,Affirmed,False,False,,Khouzam; Black,False,,False,,,,") minor; and CARTER & DEAN, LLC ) d/b/a Urban Air Adventure Park, ) ) Appellees. ) ) Opinion filed April 16, 2021. Appeal pursuant to Fla. R. App. P. 9.130 from the Circuit Court for Polk County; Wayne M. Durden, Judge. Joyce A. Delgado and Michael D. Joblove of Genovese, Joblove and Battista, Miami","led April 16, 2021. Appeal pursuant to Fla. R. App. P. 9.130 from the Circuit Court for Polk County; Wayne M. Durden, Judge. Joyce A. Delgado and Michael D. Joblove of Genovese, Joblove and Battista, Miami, for Appellant. Kristin A. Norse and Stuart C. Markman of Kynes, Markman & Felman, P.A., Tampa",,,,,31415,
GArC66qTJ2k,24 2510,2D2024-2510,True,LEDSUY Y. SANCHEZ v. STATE OF FLORIDA,2025-10-24,affirm,Affirmed.,True,True,,,False,,False,,Robin F. Fuson,Hillsborough,,,2D2024-2510,https://www.courtlistener.com/opinion/10751783/x/,10751783,11218368,845,
GDxsZn0lgUU,2D19-1035,2D2019-1035,True,EMMANUEL REYNOLDS  vs STATE OF FLORIDA,2021-05-14,affirm,Affirmed,False,False,,,False,,False,,,,"F FLORIDA SECOND DISTRICT EMMANUEL REYNOLDS, ) ) Appellant, ) ) v. ) Case No. 2D19-1035 ) STATE OF FLORIDA, ) ) Appellee. ) ) Opinion filed May 14, 2021. Appeal from the Circuit Court for Pasco County; Keith Meyer, Judge. Victoria E. Hatfield, and Michael S. Kennedy, of O'Brien Hatfield, P.A., Tampa",,,,,,1427,
GHXJnqf1LgQ,22 2925,2D2022-2925,True,"COLOUTES, SR. v. FARANTATOS",2024-08-28,affirm,Affirmed,True,True,,Sleet; Casanueva; Silberman,False,,False,,Jack N. Gutman,Hillsborough,,,,,,,845,
GI1j88Joxkg,2D20-889,2D2020-0889,True,"JESSICA LYNN TURNER AND VINCENT ALEXANDER ADAMS  vs GERALDINE TAYLOR, ET AL.",2020-12-11,affirm,Affirmed,True,False,,Silberman; Sleet; Rothstein-Youakim,False,,False,,,,"pellees. ) ) Opinion filed December 11, 2020. Appeal pursuant to Fla. R. App. P. 9.130 from the Circuit Court for Hillsborough County; Rex M. Barbas, Judge. Ezequiel Lugo and Chris W. Altenbernd of Banker Lopez Gassler P.A., Tampa; and Christopher Lord of Freeman, Goldis & Cash, P.A., St. Petersburg",". Barbas, Judge. Ezequiel Lugo and Chris W. Altenbernd of Banker Lopez Gassler P.A., Tampa; and Christopher Lord of Freeman, Goldis & Cash, P.A., St. Petersburg, for Appellants. Jared M. Krukar (withdrew after briefing), Kristin A. Norse, and Stuart C. Markman of Kynes, Markman & Felman, P.A., Tampa",,,,,1436,
GIVUsPQaM94,22 257,2D2022-0257,True,"ADVANTAGE LIMOUSINE, L L C VS KEITH M. SIMMONS, JR., ET AL.,",2024-03-06,mixed,Affirmed in Part/Reversed in Part - Authored Opinion,False,False,Silberman,Silberman; Casanueva; Smith,False,,False,,Emily A. Peacock,Hillsborough,"LYMPUS LIMO, INC.; KEITH M. SIMMONS, JR.; and SIMINOLE TRANSPORTATION, INC., Appellees. No. 2D22-257 March 6, 2024 Appeal from the Circuit Court for Hillsborough County; Emily A. Peacock, Judge. Michael R. Carey and Stephen J. Bagge of Carey, O'Malley, Whitaker, Mueller, Roberts & Smith, P.A., Tampa","rch 6, 2024 Appeal from the Circuit Court for Hillsborough County; Emily A. Peacock, Judge. Michael R. Carey and Stephen J. Bagge of Carey, O'Malley, Whitaker, Mueller, Roberts & Smith, P.A., Tampa, for Appellant. Daniel J. Fleming and Kevin Tragesser of Johnson Pope Bokor Ruppel & Burns, LLP, Tampa",,,,,7489,
GIsM-zZdzk0,22 2193,2D2022-2193,True,"JEFFREY A. PAGLIALONGA, ET AL. VS CRESCENT BEACH CLUB AT SAND KEY CONDOMINIUM ASSOCIATION, INC.",2023-09-13,affirm,Affirmed - Per Curiam Affirmed,True,True,,,False,,False,,Amy Williams,Pinellas,"ppellants, v. CRESCENT BEACH CLUB AT SAND KEY CONDOMINIUM ASSOCIATION, INC., Appellee. No. 2D22-2193 September 13, 2023 Appeal from the Circuit Court for Pinellas County; Amy Williams, Judge. Robert W. Anthony, Spencer M. Gledhill, and Jacob A. Paglialonga of Fassett, Anthony & Taylor, P.A., Orlando","-2193 September 13, 2023 Appeal from the Circuit Court for Pinellas County; Amy Williams, Judge. Robert W. Anthony, Spencer M. Gledhill, and Jacob A. Paglialonga of Fassett, Anthony & Taylor, P.A., Orlando, for Appellants. Bryan D. Hull, Laura B. Labbee, and Ciara C. Willis of Bush Ross, P.A., Tampa",,,,,1274,
GK2IkOHa7JE,2D19-4659,2D2019-4659,True,NOAH RAY WIGGINS  vs STATE OF FLORIDA,2021-04-23,affirm,Affirmed,True,False,,Khouzam; Villanti; Smith,False,,False,,,," ) ___________________________________) Opinion filed April 23, 2021. Appeal from the Circuit Court for Hillsborough County; Jennifer X. Gabbard, Michelle Sisco, and Samantha L. Ward, Judges. Howard L. Dimmig, II, Public Defender, and Christopher Desrochers, Special Assistant Public Defender, Bartow","abbard, Michelle Sisco, and Samantha L. Ward, Judges. Howard L. Dimmig, II, Public Defender, and Christopher Desrochers, Special Assistant Public Defender, Bartow, for Appellant. Carolyn Snurkowski, Associate Deputy Attorney General, Tallahassee, and David Campbell, Assistant Attorney General, Tampa",,,,,1234,
GPv6W9u4hMY,2D20 3425,2D2020-3425,True,T. T.  vs N. R.,2021-10-20,affirm,Affirmed,True,False,,Lucas; Atkinson; Labrit,False,,False,,Alicia Polk,Pasco,"DISTRICT COURT OF APPEAL OF FLORIDA SECOND DISTRICT T.T., Appellant, v. N.R., Appellee. No. 2D20-3425 October 20, 2021 Appeal from the Circuit Court for Pasco County; Alicia Polk, Judge. Allison M. Perry of Florida Appeals, P.A., Tampa","DISTRICT COURT OF APPEAL OF FLORIDA SECOND DISTRICT T.T., Appellant, v. N.R., Appellee. No. 2D20-3425 October 20, 2021 Appeal from the Circuit Court for Pasco County; Alicia Polk, Judge. Allison M. Perry of Florida Appeals, P.A., Tampa, for Appellant. Mark A. Neumaier, Tampa",,,,,688,
GPycqYJ05AY,25 1450,2D2025-1450,True,"VBK SANTOSHI, LLC v. CHICAGO TITLE INSURANCE CO.; JAI",2025-11-14,affirm,Affirmed.,True,True,,,False,,False,,,,,,2D2025-1450,https://www.courtlistener.com/opinion/10751917/x/,10751917,11218502,979,
GS6111gU-ZU,2D21 2116,2D2021-2116,True,"PAUL ANTHONY PELLEGRINO  vs DEPARTMENT OF REVENUE, O/ B/ O STACY MARIE LANGE",2022-10-12,dismissed,Dismissed VACATED AND REMANDED.,False,False,Atkinson,Atkinson; Silberman; Smith,False,,False,,,,,"PAUL ANTHONY PELLEGRINO, Appellant, v. DEPARTMENT OF REVENUE o/b/o STACY MARIE LANGE, Appellee. No. 2D21-2116 October 12, 2022 Appeal from the Department of Revenue. Paul Anthony Pellegrino, pro se. Ashley Moody, Attorney General, and Toni C. Bernstein, Senior Assistant Attorney General, Tallahassee",,,,,1493,
GSJAVYLKIdw,23 561,2D2023-0561,True,"FELICIANO, ESTATE OF STHELLA FELICIANO v. RIVERTREE LANDING APARTMENTS, LLC, FIRST COMMUNITIES MANAGEMENT, INC.",2024-05-10,affirm,Affirmed,False,False,,Black; Rothstein-Youakim,True,,False,,Paul L. Huey,Hillsborough,,"ul L. Huey, Judge. James C. Blecke of The Haggard Law Firm, P.A., Coral Gables, for Appellant. David L. Luck, Ross F. Berlin, and Janice Lopez of Lewis Brisbois Bisgaard & Smith LLP, Coral Gables; and Kathryn L. Ender of the Law Firm of Dinsmore & Shohl, LLP, Miami (substituted as counsel of record)",,,,,24477,
GSVp2ryfrsQ,25 1047,2D2025-1047,True,"FLORIDA INSURANCE GUARANTY ASSOCIATION, as v. BEATRIZ HERNANDEZ and MIGUEL HERNANDEZ",2025-11-05,affirm,Affirmed.,True,True,,,False,,False,,Helene L. Daniel,Hillsborough,"SURANCE COMPANY, an insolvent insurer, Appellant, v. BEATRIZ HERNANDEZ and MIGUEL HERNANDEZ, Appellees. No. 2D2025-1047 November 5, 2025 Appeal from the Circuit Court for Hillsborough County; Helene L. Daniel, Judge. Megan G. Colter and Dorothy DiFiore of Quintaros, Prieto, Wood & Boyer, P.A., Tampa","25 Appeal from the Circuit Court for Hillsborough County; Helene L. Daniel, Judge. Megan G. Colter and Dorothy DiFiore of Quintaros, Prieto, Wood & Boyer, P.A., Tampa, for Appellant. Terry L. Watson of HL Law Group, P.A., Fort Lauderdale; and Oner J. Kiziltan of Law Offices of Anidjar & Levine, P.A.",2D2025-1047,https://www.courtlistener.com/opinion/10751868/x/,10751868,11218453,1148,
GUzshSfYUh4,24 2232,2D2024-2232,True,"Stalley v. Garisto, Personal Representative",2025-03-26,denied,Denied,True,False,,,False,,False,,,,,,,,,,980,
GXtmRPQG8v4,22 1085,2D2022-1085,True,OLIVER v. STATE OF FLORIDA,2024-07-31,affirm,Affirmed,False,False,Smith,Smith; Lucas; Atkinson,False,,False,,Mary M. Handsel,Pasco,"DISTRICT COURT OF APPEAL OF FLORIDA SECOND DISTRICT MICHAEL TROY OLIVER, Appellant, v. STATE OF FLORIDA, Appellee. No. 2D2022-1085 July 31, 2024 Appeal from the Circuit Court for Pasco County; Mary M. Handsel, Judge. Luke Charles Lirot of Luke Charles Lirot, P.A., Clearwater","4 Appeal from the Circuit Court for Pasco County; Mary M. Handsel, Judge. Luke Charles Lirot of Luke Charles Lirot, P.A., Clearwater, for Appellant. Ashley Moody, Attorney General, Tallahassee; Krystle Celine Cacci, Assistant Attorney General, Tampa; and Blain Goff, Assistant Attorney General, Tampa",,,,,19984,
GZ1DHytNOXY,2D20 2845,2D2020-2845,True,CHAD MC DANIEL  vs LAURA ALISE MC DANIEL,2022-06-15,mixed,Affirmed in Part/Reversed in Part and remanded.,False,False,Atkinson,Atkinson; Sleet; Smith,False,,False,,Wesley D. Tibbals,Hillsborough,"DISTRICT COURT OF APPEAL OF FLORIDA SECOND DISTRICT CHAD McDANIEL, Appellant, v. LAURA ALISE McDANIEL, Appellee. No. 2D20-2845 June 15, 2022 Appeal from the Circuit Court for Hillsborough County; Wesley D. Tibbals, Judge. Eric J. Stuedemann of Salty Law, P.A., Bradenton","DISTRICT CHAD McDANIEL, Appellant, v. LAURA ALISE McDANIEL, Appellee. No. 2D20-2845 June 15, 2022 Appeal from the Circuit Court for Hillsborough County; Wesley D. Tibbals, Judge. Eric J. Stuedemann of Salty Law, P.A., Bradenton, for Appellant. Eileen H. Griffin of Griffin & Associates, P.A., Brandon",,,,,4532,
GgCVWA3dykk,2D20-1823,,False,,,,,,,,,,,,,,,,,,,,,,
GgafJRPlUnM,22 2334,2D2022-2334,True,"MICHAEL P. MARTIN  vs BARBARA BABBITT, ET AL.",2023-03-15,affirm,Affirmed,True,False,,Casanueva; Kelly; Khouzam,False,,False,,Christopher C. Nash,Hillsborough,"L P. MARTIN, Appellant, v. BARBARA and GORDON BABBITT, CITY OF TAMPA, KEITH O'CONNOR, and ERIC COTTON, Appellees. No. 2D22-2334 March 15, 2023 Appeal from the Circuit Court for Hillsborough County; Christopher C. Nash, Judge. Eric R. Maier and J. Carlton Mitchell of Older Lundy Koch & Martino, Tampa","rch 15, 2023 Appeal from the Circuit Court for Hillsborough County; Christopher C. Nash, Judge. Eric R. Maier and J. Carlton Mitchell of Older Lundy Koch & Martino, Tampa, for Appellant. Jacob Z. Coates, Marie A. Borland, Scott A. McLaren, and Trae S. Weingardt of Hill, Ward & Henderson, P.A., Tampa",,,,,1043,
Gh3ACnIVRHw,2D20 1654,2D2020-1654,True,"EDMUND MACIEJCZYK AND TAMMY MACIEJCZYK  vs U. S. BANK TRUST, N. A., AS TRUSTEE, ET AL.",2021-10-22,affirm,Affirmed,True,False,,Northcutt; Silberman; Sleet,False,,False,,Stephen M. Walker,Sarasota,,"tephen M. Walker, Judge. Derek W. Eisemann of Michael J. Belle, P.A., Sarasota, for Appellants. David Rosenberg and Jarrett Cooper of Robertson, Anschutz, Schneid, Crane & Partners, PLLC, Tampa (withdrew after briefing); Roy A. Diaz and Adam A. Diaz of Diaz Anselmo & Associates, P.A., Ft. Lauderdale",,,,,994,
GoulirV-84s,2D20 3430,2D2020-3430,True,JERRA N. GILLESPIE  vs JASON MINNING,2021-11-03,mixed,Affirmed in Part/Reversed in Part and remanded.,False,False,Sleet,Sleet; Kelly; Labrit,False,,False,,Elizabeth V. Krier,Collier,,"RICT COURT OF APPEAL OF FLORIDA SECOND DISTRICT JERRA N. GILLESPIE, Appellant, v. JASON MINNING, Appellee. No. 2D20-3430 November 3, 2021 Appeal from the Circuit Court for Collier County; Elizabeth V. Krier, Judge. Michael M. Shemkus of Long, Murphy & Zung, P.A., Naples, for Appellant. No appearance",,,,,9861,
Gpzd_25Bl98,2D20 3523,2D2020-3523,True,ELISABETH DENHAM NELSON - HUDSON  vs WILLIAM  HUDSON,2022-06-29,affirm,Affirmed,True,False,,Lucas; Atkinson; Stargel,False,,False,,Wesley D. Tibbals,Hillsborough,"DISTRICT COURT OF APPEAL OF FLORIDA SECOND DISTRICT ELISABETH DENHAM NELSON-HUDSON, Appellant, v. WILLIAM HUDSON, Appellee. No. 2D20-3523 June 29, 2022 Appeal from the Circuit Court for Hillsborough County; Wesley D. Tibbals, Judge. Allison M. Perry, of Florida Appeals, P.A., Tampa",,,,,,781,
GqqU5sEasiM,23 1905,2D2023-1905,True,"ZELAYA v. BAM 32, INC., RE 710, LLC.",2024-08-28,affirm,Affirmed,True,True,,Sleet; Kelly; Lucas,False,,False,,Michael J. Hooi,Hillsborough,"DISTRICT COURT OF APPEAL OF FLORIDA SECOND DISTRICT IGNACIO ZELAYA, Appellant, v. BAM 32 INC., and RE 710 LLC, Appellees. No. 2D2023-1905 August 28, 2024 Appeal from the County Court for Hillsborough County; Michael J. Hooi, Judge. Janelle A. Weber of Manta Law, Tampa","COND DISTRICT IGNACIO ZELAYA, Appellant, v. BAM 32 INC., and RE 710 LLC, Appellees. No. 2D2023-1905 August 28, 2024 Appeal from the County Court for Hillsborough County; Michael J. Hooi, Judge. Janelle A. Weber of Manta Law, Tampa, for Appellant. Erik De L'Etoile of De L'Etoile Law Firm, P.A., Tampa",,,,,871,
GuNfBINNWOs,2D19-224,,False,,,,,,,,,,,,,,,,,,,,,,
H87Ywtzw6-I,2D19 4607,2D2019-4607,True,BEHZAD IZADI  vs STATE OF FLORIDA,2022-04-20,affirm,Affirmed,True,False,,,False,,False,,Debra Johnes Riva,Sarasota,"DISTRICT COURT OF APPEAL OF FLORIDA SECOND DISTRICT BEHZAD IZADI, Appellant, v. STATE OF FLORIDA, Appellee. No. 2D19-4607 April 20, 2022 Appeal from the Circuit Court for Sarasota County; Debra Johnes Riva, Judge. Michael Ufferman of Michael Ufferman Law Firm, P.A., Tallahassee",", Appellee. No. 2D19-4607 April 20, 2022 Appeal from the Circuit Court for Sarasota County; Debra Johnes Riva, Judge. Michael Ufferman of Michael Ufferman Law Firm, P.A., Tallahassee, for Appellant. Ashley Moody, Attorney General, Tallahassee, and Lindsay D. Turner, Assistant Attorney General, Tampa",,,,,808,
H98ZUbxIVKg,2D18 706,2D2018-0706,True,ARMANDO RODRIGUEZ - OLIVERA  vs STATE OF FLORIDA,2021-10-13,reverse,Reversed and remanded for a new trial.,False,False,Labrit,Labrit; Kelly; Khouzam,False,,False,,,,," 2D20-296 CONSOLIDATED October 13, 2021 Appeals from the Circuit Court for Hendry County; James D. Sloan, Judge. J. Andrew Crawford of J. Andrew Crawford, P.A., St. Petersburg, for Appellant. Ashley Moody, Attorney General, Tallahassee, and Laurie Marie Benoit-Knox, Assistant Attorney General, Tampa",,,,,33977,
HDUObYwLlt4,21 2995,2D2021-2995,True,"IDEAL IMAGE DEVELOPMENT CORPORATION, AND IDEAL IMAGE OF OHIO, LLC VS FLORENCE STEWART",2023-11-22,affirm,Affirmed - Per Curiam Affirmed,True,True,,Kelly; Khouzam; Atkinson,False,,False,,Darren D. Farfante,Hillsborough,"ND IDEAL IMAGE OF OHIO, LLC, A FOREIGN CORPORATION, Appellant, v. FLORENCE STEWART, Appellee. No. 2D21-2995 November 22, 2023 Appeal from the Circuit Court for Hillsborough County; Darren D. Farfante, Judge. William P. Cassidy and Nicole Deese Newlon of Johnson, Cassidy, Newlow & DeCort, P.A., Tampa","RENCE STEWART, Appellee. No. 2D21-2995 November 22, 2023 Appeal from the Circuit Court for Hillsborough County; Darren D. Farfante, Judge. William P. Cassidy and Nicole Deese Newlon of Johnson, Cassidy, Newlow & DeCort, P.A., Tampa, for Appellants. Nicole B. Dunlap of Littler Mendelson P.C., Orlando",,,,,904,
HLX-svZfyks,23 1293,2D2023-1293,True,"WEST VILLAGES IMPROVEMENT DISTRICT VS GRAN PARADISO PROPERTY OWNERS ASSOCIATION, INC., ET AL.,",2023-12-13,affirm,Affirmed - Per Curiam Affirmed,True,True,,Casanueva; Silberman; Smith,False,,False,,,," Appellant, v. GRAN PARADISO PROPERTY OWNERS' ASSOCIATION, INC., a Florida not-for-profit corporation, Appellee. No. 2D23-1293 December 13, 2023 Appeal pursuant to Fla. R. App. P. 9.130 from the Circuit Court for Sarasota County; Hunter Carroll, Judge. Joseph A. Brown of Kutak Rock, LLP, Tallahassee","t corporation, Appellee. No. 2D23-1293 December 13, 2023 Appeal pursuant to Fla. R. App. P. 9.130 from the Circuit Court for Sarasota County; Hunter Carroll, Judge. Joseph A. Brown of Kutak Rock, LLP, Tallahassee, for Appellant. Joseph M. Herbert of Norton, Hammersley, Lopez & Skokos, P.A., Sarasota",,,,,943,
HPyK3WpLaA8,2D20 819,2D2020-0819,True,EARNEST  EUGENE CHERRY  vs STATE OF FLORIDA,2021-10-01,affirm,Affirmed,True,False,,Lucas; Smith; Stargel,False,,False,,Samantha L. Ward,Hillsborough,," FLORIDA, Appellee. No. 2D20-819 October 1, 2021 Appeal from the Circuit Court for Hillsborough County; Samantha L. Ward, Judge. Rachael E. Reese of O'Brien Hatfield Reese, P.A., Tampa, for Appellant. Ashley Moody, Attorney General, Tallahassee, and C. Todd Chapman, Assistant Attorney General, Tampa",,,,,795,
HTz5AV7uNgk,24 1448,2D2024-1448,True,"Stergis v. Woodridge at Carrollwood Condominium Association, Inc., and Viva Properties, LLC",2025-04-09,affirm,Affirmed,True,True,,Kelly; Lucas; Smith,False,,False,,Emily A. Peacock,Hillsborough," SECOND DISTRICT ANGELA STERGIS, Appellant, v. WOODRIDGE AT CARROLLWOOD CONDOMINIUM ASSOCIATION, INC., and VIVA PROPERTIES, LLC, Appellees. No. 2D2024-1448 April 9, 2025 Appeal from the Circuit Court for Hillsborough County; Emily A. Peacock, Judge. Alicia R. Seward of Seward Law Office, P.A., Tampa","SSOCIATION, INC., and VIVA PROPERTIES, LLC, Appellees. No. 2D2024-1448 April 9, 2025 Appeal from the Circuit Court for Hillsborough County; Emily A. Peacock, Judge. Alicia R. Seward of Seward Law Office, P.A., Tampa, for Appellant. Michael C. Clarke and Joye B. Walford of Kubicki Draper, P.A., Tampa",,,,,971,
HU-qkg2ZKTs,2D19-2001,,False,,,,,,,,,,,,,,,,,,,,,,
H_B71dpyNUc,2D21 1681,2D2021-1681,True,"JA'QUOYA WARDLOW  vs BELL TOWER SHOPS, LLC, ET AL.",2022-09-21,affirm,Affirmed,True,False,,,False,,False,,Joseph C. Fuller,Lee,,"tember 21, 2022 Appeal from the Circuit Court for Lee County; Joseph C. Fuller, Judge. James C. Blecke of The Haggard Law Firm, P.A., Coral Gables, for Appellant. P. Brandon Perkins of Campbell Conroy & O'Neil, Plantation, for Appellee Bell Tower Shops LLC. Ezequiel Lugo of Banker Lopez Gassler P.A.",,,,,1145,
H_zqlnZLEiw,2D20 3709,2D2020-3709,True,"SHARYN JACOBSON  vs MARTIN JACOBSON, TRUSTEE OF THE RICHARD E.  JACOBSON TRUST",2021-11-24,affirm,Affirmed,True,False,,Casanueva; Kelly; Stargel,False,,False,,George Jirotka,Pinellas,"N G. JACOBSON, as trustee for the Richard E. Jacobson Personal Residence Trust dated July 12, 2011, Appellee. No. 2D20-3709 November 24, 2021 Appeal from the Circuit Court for Pinellas County; George Jirotka, Judge. Shannon L. Zetrouer and Tyson J. Pulsifer of Zetrouer Pulsifer, PLLC, St. Petersburg","t for Pinellas County; George Jirotka, Judge. Shannon L. Zetrouer and Tyson J. Pulsifer of Zetrouer Pulsifer, PLLC, St. Petersburg, for Appellant. Charles A. Samarkos of Johnson, Pope, Bokor, Ruppel & Burns, LLP, Clearwater; and Jonathan S. Coleman of Johnson, Pope, Bokor, Ruppel & Burns, LLP, Tampa",,,,,1048,
Hcu7ruYf-xQ,24 0245,2D2024-0245,True,"BURCHFIELD, MICHAEL J. BIBER AGREEMENT OF TRUST v. BIBER, SPRINGER, et al",2024-08-30,affirm,Affirmed,True,True,,,False,,False,,,," Trust, dated July 2, 1978, as amended and restated May 13, 2005, and last amended April 2019, Appellees. No. 2D2024-0245 August 30, 2024 Appeal pursuant to Fla. R. App. P. 9.130 from the Circuit Court for Sarasota County; Charles E. Williams, Judge. Joshua I. Gornitsky of Patrick Doerr, PLLC, Miami","s. No. 2D2024-0245 August 30, 2024 Appeal pursuant to Fla. R. App. P. 9.130 from the Circuit Court for Sarasota County; Charles E. Williams, Judge. Joshua I. Gornitsky of Patrick Doerr, PLLC, Miami, for Appellant. John J. Waskom of Icard, Merrill, Cullis, Timm, Furen & Ginsburg, P.A., Lakewood Ranch",,,,,1944,
Hf6bTUPQvd4,2D20-2653,2D2020-2653,True,"ERICA ELLERSON  vs BRENDEN S. MORIARTY, ESQUIRE AND THE MORIARTY LAW FIRM, P. A.",2021-06-23,reverse,Reversed and remanded.,False,False,Morris,Morris; Casanueva; Stargel,False,,False,,Edward Nicholas,Manatee,,"ssional Association, Appellees. No. 2D20-2653 June 23, 2021 Appeal from the Circuit Court for Manatee County; Edward Nicholas, Judge. Eric M. Bradstreet of St. Denis & Davey, P.A., Jacksonville, for Appellant. Bruce Bellingham and Michael J. McGirney of Spector Gadon Rosen Vinci, LLP, St. Petersburg",,,,,22813,
HfzzvV4Dl0U,23 1716,2D2023-1716,True,"ROSSELLI, COLLAZO, et al v. GRANDE OASIS AT CARROLLWOOD CONDOMINIUM ASSOCIATION, INC., WEST SHORE OASIS, LLC",2024-06-05,affirm,Affirmed,True,True,,Casanueva; Villanti; Morris,False,,False,,Christopher C. Nash,Hillsborough,"ZTER TOTPAL; HELEN WILBERDING, Appellants, v. GRANDE OASIS OF CARROLLWOOD CONDOMINIUM ASSOCIATION, INC., and WEST SHORE OASIS, LLC, Appellees. No. 2D2023-1716 June 5, 2024 Appeal from the Circuit Court for Hillsborough County; Christopher C. Nash, Judge. Shawn G. Brown of Shawn G. Brown, P.A., Tampa","ne 5, 2024 Appeal from the Circuit Court for Hillsborough County; Christopher C. Nash, Judge. Shawn G. Brown of Shawn G. Brown, P.A., Tampa, for Appellants. Kristen M. Fiore of Akerman LLP, Tallahassee; and Mark J. Bernet of Akerman LLP, Tampa; and Stephen K. Tilbrook of Akerman LLP, Fort Lauderdale",,,,,1461,
HlQ-x_-PZAU,23 2260,2D2023-2260,True,"ILLINOIS UNION INSURANCE CO. v. MCGINLEY, THE VUE PASCO, LLC, et al",2025-01-03,other,Petition for writ of prohibition granted.,False,False,,,False,,False,,,,,,,,,,23078,
HqzQsQHToAs,2D20 3326,2D2020-3326,True,"GULF COAST TRANSPORTATION, INC., ET AL  vs HILLSBOROUGH COUNTY AND STATE OF FLORIDA",2022-10-07,affirm,Affirmed,False,False,Atkinson,Atkinson,False,,False,,,,,,,,,,84159,
HyCCuQXr--4,2D19-4951,2D2019-4951,True,"CLINTON WITHROW  vs TECO SERVICES, INC.",2020-12-04,affirm,Affirmed,True,False,,Casanueva; Villanti; Labrit,False,,False,,,,"OF APPEAL OF FLORIDA SECOND DISTRICT CLINTON WITHROW, ) ) Appellant, ) ) v. ) Case No. 2D19-4951 ) TECO SERVICES, INC., ) ) Appellee. ) ) Opinion filed December 4, 2020. Appeal from the Circuit Court for Hillsborough County; Ralph C. Stoddard, Judge. Derek P. Usman of The Usman Law Firm, P.A., Tampa",". 2D19-4951 ) TECO SERVICES, INC., ) ) Appellee. ) ) Opinion filed December 4, 2020. Appeal from the Circuit Court for Hillsborough County; Ralph C. Stoddard, Judge. Derek P. Usman of The Usman Law Firm, P.A., Tampa, for Appellant. Thomas M. Gonzalez and J. Trevor Carson of GrayRobinson, P.A., Tampa",,,,,1124,
Hzs3N6lxpJI,2D21 2563,2D2021-2563,True,"PETER DEANDREA, AS PERSONAL REPRESENTATIVE OF THE ESTATE OF ANN SIMS  vs FREDERICK C. ARNOUL, ET AL.",2022-08-17,affirm,Affirmed,True,False,,Northcutt; Casanueva; Khouzam,False,,False,,Sherwood Coleman,Pinellas,", 2000; and KEITH M. ARNOUL, as beneficiary of the Annette M. Arnoul Family Trust Agreement dated May 22, 2000, Appellees. No. 2D21-2563 August 17, 2022 Appeal from the Circuit Court for Pinellas County; Sherwood Coleman, Judge. Andrew K. Fein and Jackson Pellingra of Minerley Fein, P.A., Boca Raton"," dated May 22, 2000, Appellees. No. 2D21-2563 August 17, 2022 Appeal from the Circuit Court for Pinellas County; Sherwood Coleman, Judge. Andrew K. Fein and Jackson Pellingra of Minerley Fein, P.A., Boca Raton, for Appellant. Caitlein J. Jammo of Johnson, Pope, Bokor, Ruppel & Burns, LLP, Clearwater",,,,,1436,
I3rXDsbNW5c,22 2163,2D2022-2163,True,"BUREK, INC. D/B/A PINCH A PENNY A/K/A SOUTH TAMPA POOL & SERVICES VS THE ESTATE OF GEORGE WILLIAMS GAGE, I I I, BY AND THROUGH SUSAN L. GAGE",2023-09-29,affirm,Affirmed - Per Curiam Opinion,False,True,,Casanueva; Khouzam; Atkinson,False,,False,,,,,"Nos. 2D22-2163, 2D22-2818 CONSOLIDATED September 29, 2023 Appeals from the Circuit Court for Hillsborough County; Rex Barbas, Judge. Tracy Raffles Gunn of Gunn Appellate Practice P.A., Tampa, for Appellants. Lisa M. Tanaka, Bennie Lazzara, Jr., and Michael K. Beck of Wilkes & Associates, P.A., Tampa",,,,,3688,
I4hxI2gT0Ss,23 1609,2D2023-1609,True,"BAXTER, ESTATE OF BRIAN BAXTER v. MORELLI, VENEZIA TRANSPORT SERVICES, INC., et al",2025-02-12,reverse,Reversed and remanded.,False,False,Atkinson,Atkinson; Morris; Smith,False,,False,,Declan P. Mansfield,Pasco,"ULK TRANSPORT, INC.; VENEZIA HAULING, INC.; and JOHN PRESTON, Appellees. No. 2D2023-1609 February 12, 2025 Appeal from the Circuit Court for Pasco County; Declan P. Mansfield, Judge. Stuart C. Markman, Brandon K. Breslow, Robert W. Ritsch, and Kristin A. Norse of Kynes, Markman & Felman, P.A., Tampa","609 February 12, 2025 Appeal from the Circuit Court for Pasco County; Declan P. Mansfield, Judge. Stuart C. Markman, Brandon K. Breslow, Robert W. Ritsch, and Kristin A. Norse of Kynes, Markman & Felman, P.A., Tampa, for Appellant. Michael R. D'Lugo of Wicker Smith O'Hara McCoy & Ford, P.A., Orlando",,,,,21907,
I5CNQVOUAH4,2D19-724,,False,,,,,,,,,,,,,,,,,,,,,,
I8wA2EA3gck,2D19-1902,2D2019-1902,True,MARTHA ARANA  vs PEOPLE'S TRUST INSURANCE COMPANY,2021-01-27,affirm,Affirmed,True,False,,Northcutt; Atkinson; Stargel,False,,False,,,,,,,,,,1118,
I9bss7TBcuA,22 2656,2D2022-2656,True,J. D. H. VS STATE OF FLORIDA,2023-09-01,affirm,Affirmed - Per Curiam Affirmed,True,True,,Casanueva; Lucas; Rothstein-Youakim,False,,False,,Kim Brennan,Hillsborough,"URT OF APPEAL OF FLORIDA SECOND DISTRICT J.D.H., Appellant, v. STATE OF FLORIDA, Appellee. No. 2D22-2656 September 1, 2023 Appeal from the Circuit Court for Hillsborough County; Kim Brennan, Judge. Howard L. Dimmig, II, Public Defender, and Anthony C. Musto, Special Assistant Public Defender, Bartow"," 1, 2023 Appeal from the Circuit Court for Hillsborough County; Kim Brennan, Judge. Howard L. Dimmig, II, Public Defender, and Anthony C. Musto, Special Assistant Public Defender, Bartow, for Appellant. Ashley Moody, Attorney General, Tallahassee, and Laura Dempsey, Assistant Attorney General, Tampa",,,,,862,
IEctMpniAxU,2D20-1848,2D2020-1848,True,THE ESTATE OF ELFRIEDE Z. SWEENEY  vs GLORIA  R. WASHINGTON,2021-09-03,mixed,"Affirmed in Part/Reversed in Part , and remanded.",False,False,Silberman,Silberman; Kelly; Sleet,False,,False,,"John M. Radabaugh and Gerald P. Hill, II",Polk,"lee. Nos. 2D20-1848 & 2D20-2520 CONSOLIDATED September 3, 2021 Appeal from the Circuit Court for Polk County; John M. Radabaugh and Gerald P. Hill, II, Judges. DeeAnn J. McLemore and Charles W. Hall of Banker Lopez Gassler, P.A., St. Petersburg; and J. Emory Wood of Wood & Wood, P.A., St. Petersburg","Appeal from the Circuit Court for Polk County; John M. Radabaugh and Gerald P. Hill, II, Judges. DeeAnn J. McLemore and Charles W. Hall of Banker Lopez Gassler, P.A., St. Petersburg; and J. Emory Wood of Wood & Wood, P.A., St. Petersburg, for Appellants. David F. Anderson of Burnetti, P.A., Lakeland",,,,,13916,
IGu3nuRfF50,2D20-244,2D2020-0244,True,"INDONEISIA PETERSON  vs MOHAMED IBRAHIM AND CISCO SYSTEMS, INC.",2021-05-28,affirm,Affirmed,False,False,,Kelly; Atkinson,False,,False,,,,"INDONEISIA PETERSON, ) ) Appellant, ) ) v. ) Case No. 2D20-244 ) CISCO SYSTEMS, INC., ) ) Appellee. ) ) Opinion filed May 28, 2021. Appeal from the Circuit Court for Hillsborough County; Caroline Tesche Arkin, Judge. Luis G. Figueroa and Dennis Hernandez of Dennis Hernandez & Associates, P.A., Tampa",,,,,,12683,
INKxBGhrp8A,24 0859,2D2024-0859,True,"WIGGINS v. CATES, ESTATE OF: ELIJAH CATES",2025-06-18,affirm,Affirmed,True,True,,Northcutt; Morris; Moe,False,,False,,Amy M. Williams,Pinellas,,", deceased, Appellee/Cross-Appellant. No. 2D2024-0859 June 18, 2025 Appeal from the Circuit Court for Pinellas County; Amy M. Williams, Judge. Rhonda B. Boggess of Marks Gray, P.A., Jacksonville, for Appellant/Cross-Appellee. Brandon Cathey and Stephanie Miles of Cathey & Miles, P.A., St. Petersburg",,,,,851,
IQTnMby0WSI,2D20 3439,2D2020-3439,True,"AUSTIN PORTABLE STORAGE, LP, ET AL  vs PODS ENTERPRISES, LLC",2021-10-27,affirm,Affirmed,True,False,,Casanueva; Kelly; Rothstein-Youakim,False,,False,,Steven Scott Stephens,Hillsborough,"lants, v. PODS ENTERPRISES, LLC, Appellee. Case No. 2D20-3439 October 27, 2021 Appeal from the Circuit Court for Hillsborough County; Steven Scott Stephens, Judge. Scott M. Ratchick of Chamberlain, Hrdlicka, White, Williams & Aughtry, Atlanta, Georgia, and George L. Guerra of Guerra King P.A., Tampa"," Atlanta, Georgia, and George L. Guerra of Guerra King P.A., Tampa, for Appellants. Jonathan B. Sbar and Andrea K. Holder of Rocke, McLean & Sbar, P.A., Tampa; Jeffrey S. Bucholtz and Paul Alessio Mezzina of King & Spalding LLP, Washington, DC; and John F. Dienelt of John Dienelt PLLC, Austin, Texas",,,,,1529,
IS6k5WNn-LY,2D20 1952,2D2020-1952,True,"LUNG INSTITUTE, L L C  vs TAMMY RIVERO, ET AL",2021-06-09,affirm,Affirmed,True,False,,Villanti; Rothstein-Youakim; Labrit,False,,False,,Richard A. Nielsen,Hillsborough," v. TAMMY RIVERO and MARYLIN MAZZA, Individually and on behalf of all others similarly situated, Appellees. No. 2D20-1952 June 9, 2021 Appeal from the Circuit Court for Hillsborough County; Richard A. Nielsen, Judge. Anthony J. Russo and Scott E. Damon of Butler, Weihmuller, Katz, & Craig LLP, Tampa","hony J. Russo and Scott E. Damon of Butler, Weihmuller, Katz, & Craig LLP, Tampa, for Appellant. Shea T. Moxon and Celene H. Humphries of Brannock Humphries & Burman, Tampa; Ben A. Vinson, Mark A. Alonzo, and Jack Celedon of Vinson Law, P.A., Tampa; and Stephen A. Barnes of Barnes Trial Group, Tampa",,,,,1045,
IUGLIIwRr2Q,2D22 761,2D2022-0761,True,"ROLAND D. WALLER, AS TRUSTEE OF THE CLIFFORD L. PRUITT TESTAMENTARY TRUST vs U. S. BANK TRUST, N. A., TRUSTEE FOR LSF8 MASTER PARTICIPATION TRUST",2023-01-11,affirm,Affirmed,True,False,,Black; Smith; Labrit,False,,False,,Kimberly Sharpe Byrd,Pasco,," Trust dated July 21, 2003, Appellant, v. U.S. BANK, N.A., as Trustee for LSF8 Master Participation Trust, Appellee. No. 2D22-761 January 11, 2023 Appeal from the Circuit Court for Pasco County; Kimberly Sharpe Byrd, Judge. Roland D. Waller, pro se. Ian P. Hudson of Gilbert Garcia Group, P.A., Tampa",,,,,806,
IVRfjxNDlf4,2D22 1043,2D2022-1043,True,"GEICO GENERAL INS. CO.  vs SHAZAM AUTO GLASS, L L C, A/ A/ O KENNY LYONS",2022-12-28,denied,Denied,True,False,,Villanti; Khouzam; Rothstein-Youakim,False,,False,,,,,,,,,,1077,
IWng3LExyoQ,24 2138,2D2024-2138,True,"CITIZENS PROPERTY INSURANCE CORPORATION v. GLORIA J. JAMES-KING, as First Successor",2025-09-17,affirm,Affirmed.,True,True,,Lucas; Kelly; Khouzam,False,,False,,,,"Trustee of the Revocable Living Trust Agreement of James M. James, Appellee. No. 2D2024-2138 September 17, 2025 Appeal pursuant to Fla. R. App. P. 9.130 from the Circuit Court for Pinellas County; Michael F. Andrews, Judge. Scot E. Samis of Traub Lieberman Straus & Shrewsberry, LLP, Saint Petersburg","4-2138 September 17, 2025 Appeal pursuant to Fla. R. App. P. 9.130 from the Circuit Court for Pinellas County; Michael F. Andrews, Judge. Scot E. Samis of Traub Lieberman Straus & Shrewsberry, LLP, Saint Petersburg, for Appellant. Mark A. Nation and Paul W. Pritchard of The Nation Law Firm, Longwood",2D2024-2138,https://www.courtlistener.com/opinion/10672933/x/,10672933,11139520,976,
IWzUsVGkoAQ,2D21 2726,2D2021-2726,True,ROBERTO RODRIGUEZ  vs DEPARTMENT OF HIGHWAY SAFETY AND MOTOR VEHICLES,2022-04-01,denied,Denied,True,False,,Black; Lucas; Atkinson,False,,False,,,,,,,,,,970,
IZyK9O3wH5Y,2D19-1282,2D2019-1282,True,"PERSAUD PROPERTIES FL INVESTMENTS, LLC  vs THE TOWN OF FORT MYERS BEACH, FLORIDA",2020-12-11,reverse,Reversed and remanded,False,False,Black,Black; Smith; Case; James R.,False,,False,,,,"December 11, 2020. Appeal from the Circuit Court for Lee County; Alane C. Laboda, Judge. Jennifer R. Cowan, Kevin S. Hennessy, and Richard P. Green of Lewis, Longman & Walker, P.A., St. Petersburg; and Nicole J. Poot of Lewis, Longman & Walker, P.A., St. Petersburg (substituted as counsel of record)",,,,,,19031,
IftwZ0Nz-jU,2D21 2786,2D2021-2786,True,"THE ESTATE OF ALBERT JOSEPH ALBERICO, SR., BY AND THROUGH ITS CO-PERSONAL REPRESENTATIVES, VINCENT T. ALBERICO AND ALBERT J. ALBERICO vs MOUNA BACHA, M.D., PALM GARDEN OF PINELLAS, LLC AND PALM HEALTHCARE MANAGEMENT, LLC",2022-03-16,affirm,Affirmed,True,False,,Silberman; Smith; Labrit,False,,False,,,,"PALM GARDEN OF PINELLAS, LLC, and PALM HEALTHCARE MANAGEMENT, LLC, Appellees. No. 2D21-2786 March 16, 2022 Appeal pursuant to Fla. R. App. P. 9.130 from the Circuit Court for Pinellas County; Cynthia J. Newton, Judge. D. Keith Thomas of Yanchuck, Berman, Wadley, Thomas & Berman, P.A., St. Petersburg","2022 Appeal pursuant to Fla. R. App. P. 9.130 from the Circuit Court for Pinellas County; Cynthia J. Newton, Judge. D. Keith Thomas of Yanchuck, Berman, Wadley, Thomas & Berman, P.A., St. Petersburg, for Appellant. Jerome R. Silverberg, Brian M. Bursa, and Randall J. Thorn of Ullman Bursa Law, Tampa",,,,,1045,
IgQmBRrXkWg,22 4134,2D2022-4134,True,MORGAN v. MORGAN,2024-08-28,affirm,Affirmed,True,True,,Sleet; Kelly; Lucas,False,,False,,Jack Helinger,Pinellas,"DISTRICT COURT OF APPEAL OF FLORIDA SECOND DISTRICT ASHLEE MORGAN, Appellant, v. BRETT A. MORGAN, Appellee. No. 2D2022-4134 August 28, 2024 Appeal from the Circuit Court for Pinellas County; Jack Helinger, Judge. Nicholas A. Shannin and Dayna Maeder of Shannin Law Firm, P.A., Orlando","GAN, Appellee. No. 2D2022-4134 August 28, 2024 Appeal from the Circuit Court for Pinellas County; Jack Helinger, Judge. Nicholas A. Shannin and Dayna Maeder of Shannin Law Firm, P.A., Orlando, for Appellant. Lindsay Patrick Lopez of Trenam, Kemker, Scharf, Barkin, Frye, O'Neill & Mullis, P.A., Tampa",,,,,825,
Ih6j-GfMhAY,2D21 2880,2D2021-2880,True,MATTHEW TYLER MEINECKE  vs STATE OF FLORIDA,2022-11-30,affirm,Affirmed,False,False,Sleet,Sleet; Kelly; Khouzam,False,,False,,Josephine M. Gagliardi,Lee,"DISTRICT COURT OF APPEAL OF FLORIDA SECOND DISTRICT MATTHEW TYLER MEINECKE, Appellant, v. STATE OF FLORIDA, Appellee. No. 2D21-2880 November 30, 2022 Appeal from the County Court for Lee County; Josephine M. Gagliardi, Judge. Alexander Bumbu, Pacific Justice Institute – Florida Office, Miami","M. Gagliardi, Judge. Alexander Bumbu, Pacific Justice Institute – Florida Office, Miami, for Appellant. Ashley Moody, Attorney General, Tallahassee, and Kiersten E. Jensen, Assistant Attorney General, Tampa; and Jonathan S. Tannen, Assistant Attorney General, Tampa (substituted as counsel of record)",,,,,22941,
IiX3apqSscE,24 2835,2D2024-2835,True,LAURA DRYSDALE v. WILMINGTON SAVINGS FUND SOCIETY FSB not in its individual,2025-09-24,affirm,Affirmed.,True,True,,Villanti; Black; Rothstein-Youakim,False,,False,,Patricia A. Muscarella,Pinellas,"RYSDALE; and KADENCE MONROE DRYSDALE, a minor child under the care of his natural and legal guardian KATHERINE DRYSDALE, Appellees. No. 2D2024-2835 September 24, 2025 Appeal from the Circuit Court for Pinellas County; Patricia A. Muscarella, Judge. Ryan Fojo of The Ticktin Law Group, Deerfield Beach","35 September 24, 2025 Appeal from the Circuit Court for Pinellas County; Patricia A. Muscarella, Judge. Ryan Fojo of The Ticktin Law Group, Deerfield Beach, for Appellant. Brandi Wilson of Quintairos, Prieto, Wood & Boyer, P.A., Orlando, for Appellee, Wilmgton Savings Fund Society FSB. No appearance",2D2024-2835,https://www.courtlistener.com/opinion/10751643/x/,10751643,11218228,1260,
IlhxDgiXMC0,2D19-2233,2D2019-2233,True,KATIE ANNE RENNER  vs STATE OF FLORIDA,2020-11-18,affirm,Affirmed,True,False,,Silberman; Morris; Lucas,False,,False,,,,"T COURT OF APPEAL OF FLORIDA SECOND DISTRICT KATIE ANNE RENNER, ) ) Appellant, ) ) v. ) Case No. 2D19-2233 ) STATE OF FLORIDA, ) ) Appellee. ) ) Opinion filed November 18, 2020. Appeal from the Circuit Court for Polk County; J. Kevin Abdoney, Judge. Michael Hrdlicka of Gomez & Touger, P.A., Lakeland",,,,,,1174,
IpW0d-Py8Po,2D19-4924,2D2019-4924,True,L. G.  vs P. S. B.,2020-08-12,dismissed,Dismissed,True,False,,,False,,False,,,,") P.S.B., ) ) Appellee. ) ___________________________________) Opinion filed August 12, 2020. Appeal pursuant to Fla. R. App. P. 9.130 from the Circuit Court for Manatee County; Deno Economou, Judge. John J. Waskom and Mark C. Dungan of Icard, Merrill, Cullis, Timm, Furen, & Ginsburg, P.A., Sarasota","filed August 12, 2020. Appeal pursuant to Fla. R. App. P. 9.130 from the Circuit Court for Manatee County; Deno Economou, Judge. John J. Waskom and Mark C. Dungan of Icard, Merrill, Cullis, Timm, Furen, & Ginsburg, P.A., Sarasota, for Appellant. Jesse R. Butler of Dickinson & Gibbons, P.A., Sarasota",,,,,1140,
It7GQzoSQ98,2D20 2370,2D2020-2370,True,"ROBERT E. SCHMIDT, JR.  vs JOHN M. SABOW, ET AL",2021-08-18,reverse,Reversed and remanded.,False,False,Stargel,Stargel; Northcutt; Casanueva,False,,False,,,,,". Minkoff, Judge. Marion Hale and Sharon E. Krick of Johnson, Pope, Bokor, Ruppel & Burnes, LLP, Clearwater, for Appellant Robert E. Schmidt, Jr. Kelli A. Edson of Quarles & Brady, LLP, Tampa, for Appellant Kelly C. Schmidt. Samuel J. Heller and Marc Julius Wolfson of Heller Law PLLC, St. Petersburg",,,,,25503,
Iuzhy-DFNhw,23 2540,,False,,,,,,,,,,,,,,,,,,,,,,
Ivm6zl921mA,24 0090,2D2024-0090,True,"GIBSON, ESQ., LOFTUS, ESQ., et al v. U. S. BANK, N. A., FAIRCHILD",2024-10-16,mixed,"Affirmed in Part; reversed in part, and remanded.",False,False,Black,Black; Villanti; Rothstein-Youakim,False,,False,,Emily A. Peacock,Hillsborough,," Loan Trust 2006-2, Mortgage Pass-Through Certificates, Series 2006-2, Appellees. No. 2D2024-0090 October 16, 2024 Appeal from the Circuit Court for Hillsborough County; Emily A. Peacock, Judge. Kevin J. Loftus, pro se. Grant H. Gibson, pro se. Matthew D. Weidner of Weidner Law, P.A., St. Petersburg",,,,,9837,
IxlhyJ6RwlM,2D20-1116,2D2020-1116,True,"JORDAN M. SCHERER, ET AL  vs GREGORY ANDRIOTIS, ET AL",2021-06-16,reverse,Reversed and remanded with instructions.,False,False,Smith,Smith,False,,False,,Emmett Lamar Battles,Hillsborough," and LIMBACH FACILITY SERVICES, LLC, Appellees. No. 2D20-1116 June 16, 2021 Appeal from the Circuit Court for Hillsborough County; Emmett Lamar Battles, Judge. Steven L. Brannock and Joseph T. Eagleton of Brannock Humphries & Berman, Tampa; and Robert M. Klein of Klein Glasser Park & Lowe, PL, Miami","ough County; Emmett Lamar Battles, Judge. Steven L. Brannock and Joseph T. Eagleton of Brannock Humphries & Berman, Tampa; and Robert M. Klein of Klein Glasser Park & Lowe, PL, Miami, for Appellants. F. Wallace Pope, Jr., and Caitlein J. Jammo of Johnson, Pope, Bokor, Ruppel & Burns, LLP, Clearwater",,,,,60412,
J-jNrt2bUz0,2D19-3974,2D2019-3974,True,JAMES KAMRAD  vs ELIZABETH KAMRAD,2020-11-06,mixed,Affirmed in Part/Reversed in Part and remanded,False,False,,,False,,False,,,,"ICT COURT OF APPEAL OF FLORIDA SECOND DISTRICT JAMES KAMRAD, ) ) Appellant, ) ) v. ) Case No. 2D19-3974 ) ELIZABETH KAMRAD, ) ) Appellee. ) ) Opinion filed November 6, 2020. Appeal from the Circuit Court for Hillsborough County; Chet A. Tharpe, Judge. Mark F. Baseman of Felix, Felix & Baseman, Tampa","t, ) ) v. ) Case No. 2D19-3974 ) ELIZABETH KAMRAD, ) ) Appellee. ) ) Opinion filed November 6, 2020. Appeal from the Circuit Court for Hillsborough County; Chet A. Tharpe, Judge. Mark F. Baseman of Felix, Felix & Baseman, Tampa, for Appellant. Eileen H. Griffin of Griffin & Associates, P.A., Brandon",,,,,1695,
J-wMckxgSFA,2D20 3458,2D2020-3458,True,LIONEL BONINI  vs DONATA MARIA BONINI,2021-11-24,affirm,Affirmed,True,False,,Casanueva; Kelly; Stargel,False,,False,,Dana Y. Moore,Polk,,"lee. Case No. 2D20-3458 November 24, 2021 Appeal from the Circuit Court for Polk County; Dana Y. Moore, Judge. Lindsey Lawton of The Brownlee Law Firm, P.A., Tallahassee and Michael M. Brownlee of The Brownlee Law Firm, P.A., Orlando, for Appellant. Jean M. Henne of Jean M. Henne, P.A., Winter Haven",,,,,829,
J2F8BiD0Udk,22 3658,2D2022-3658,True,"HELMICK, ANDERMAN v. TAYLOR",2024-04-03,affirm,Affirmed - Authored Opinion,False,False,Labrit,Labrit,False,,False,,Charles E. Williams,Sarasota,"COND DISTRICT BETH HELMICK, individually and as assignee of Catharine Anderman, Appellant, v. AARON M. TAYLOR, Appellee. No. 2D22-3658 April 3, 2024 Appeal from the Circuit Court for Sarasota County; Charles E. Williams, Judge. Joel W. Walters and Bailey Lowther of Walters Levine & DeGrave, Sarasota","ON M. TAYLOR, Appellee. No. 2D22-3658 April 3, 2024 Appeal from the Circuit Court for Sarasota County; Charles E. Williams, Judge. Joel W. Walters and Bailey Lowther of Walters Levine & DeGrave, Sarasota, for Appellant. David A. Wallace and Brian D. Goodrich of Bentley Goodrich Kison, P.A., Sarasota",,,,,10824,
J3Mxy4odOwk,2D19-3789,,False,,,,,,,,,,,,,,,,,,,,,,
JDamsMUUS90,22 125,2D2022-0125,True,"SYNERGY CONTRACTING GROUP, INC., VS HOMEOWNERS CHOICE PROPERTY & CASUALTY INSURANCE CO., INC.",2023-09-27,reverse,Reversed - Authored Opinion,False,False,Morris,Morris; Black; Smith,False,,False,,Thomas Ramsberger,Pinellas,"C. a/a/o JAMES McGINITY, Appellant, v. HOMEOWNERS CHOICE PROPERTY & CASUALTY INSURANCE COMPANY, INC., Appellee. No. 2D22-125 September 27, 2023 Appeal from the Circuit Court for Pinellas County; Thomas Ramsberger, Judge. Madysen Scott-Cavitt and Jason A. Herman of Herman & Wells, P.A., Pinellas Park","MPANY, INC., Appellee. No. 2D22-125 September 27, 2023 Appeal from the Circuit Court for Pinellas County; Thomas Ramsberger, Judge. Madysen Scott-Cavitt and Jason A. Herman of Herman & Wells, P.A., Pinellas Park, for Appellant. Francesca Stein and Mark D. Tinker of Cole, Scott & Kissane, P.A., Tampa",,,,,13725,
JFqTQv8tQB8,2D20-1240,2D2020-1240,True,POLLY DEMMA  vs THESDA MOSLEY MANU,2020-10-16,affirm,Affirmed,True,False,,Morris; Atkinson; Smith,False,,False,,,,," MANU, ) ) Appellee. ) ) Opinion filed October 16, 2020. Appeal from the Circuit Court for Pinellas County; Myriam Irizarry, James Pierce, and Cynthia Newton, Judges. J. Andrew Crawford of J. Andrew Crawford, P.A., St. Petersburg, for Appellant. Vanette Augustin of JP Augustin Law Firm PLLC, Orlando",,,,,1189,
JGj9nDULMm8,2D21 2061,,False,,,,,,,,,,,,,,,,,,,,,,
JP9IhXhWzgw,2D20-1201,,False,,,,,,,,,,,,,,,,,,,,,,
JROKpjS05vA,2D21 4019,2D2021-4019,True,"D'ANNA WELSH  vs WILLIAM V. MARTINEZ, JR.",2022-11-09,reverse,Reversed and remanded.,False,False,Smith,Smith; Villanti; Sleet,False,,False,,,,"PPEAL OF FLORIDA SECOND DISTRICT D'ANNA WELSH, Appellant, v. WILLIAM V. MARTINEZ, JR., Appellee. No. 2D21-4019 November 9, 2022 Appeal pursuant to Fla. R. App. P. 9.130 from the Circuit Court for Collier County; Elizabeth V. Krier, Judge. Kenneth E. Chase of Chase Law & Associates, P.A., Miami Beach",". WILLIAM V. MARTINEZ, JR., Appellee. No. 2D21-4019 November 9, 2022 Appeal pursuant to Fla. R. App. P. 9.130 from the Circuit Court for Collier County; Elizabeth V. Krier, Judge. Kenneth E. Chase of Chase Law & Associates, P.A., Miami Beach, for Appellant. Brian D. Zinn of ZinnLaw, PLLC, Fort Myers",,,,,11759,
JWq_8LGFc6Y,23 1089,2D2023-1089,True,"TOORAK CAPITAL PARTNERS, LLC v. CAPITAL SERVICING COMPANY, LLC",2024-11-13,affirm,Affirmed,False,False,Lucas,Lucas,False,,False,,Hunter W. Carroll,Sarasota,"RAK CAPITAL PARTNERS, LLC, Appellant, v. CAPITAL SERVICING COMPANY, LLC and TRACI SHAWN WILLIAMS, Appellees. No. 2D2023-1089 November 13, 2024 Appeal from the Circuit Court for Sarasota County; Hunter W. Carroll, Judge. David W. Rodstein and Aamir Saeed of Miller, George & Suggs, PLLC, Coral Springs","lees. No. 2D2023-1089 November 13, 2024 Appeal from the Circuit Court for Sarasota County; Hunter W. Carroll, Judge. David W. Rodstein and Aamir Saeed of Miller, George & Suggs, PLLC, Coral Springs, for Appellant. John S. Jaffer, Sarasota, and Steele T. Williams of Steele T. Williams, P.A., Sarasota",,,,,14969,
J_9LToivFyw,2D21 1377,2D2021-1377,True,"JILL R. C. BUZBY AND GARY L. CHRISTENSEN  vs TURTLE ROCK COMMUNITY ASSOCIATION, INC.",2022-01-05,mixed,Affirmed in Part/Reversed in Part,False,False,Khouzam,Khouzam; Morris; Rothstein-Youakim,False,,False,,Stephen Walker,Sarasota," individually, Appellants, v. TURTLE ROCK COMMUNITY ASSOCIATION, INC., a Florida corporation; and JAMES L. ESSENSON, Appellees. No. 2D21-1377 January 5, 2022 Appeal from the Circuit Court for Sarasota County; Stephen Walker, Judge. David J. Fredericks of Anderson, Givens & Fredericks, P.A., Sarasota","ESSENSON, Appellees. No. 2D21-1377 January 5, 2022 Appeal from the Circuit Court for Sarasota County; Stephen Walker, Judge. David J. Fredericks of Anderson, Givens & Fredericks, P.A., Sarasota, for Appellants. James L. Essenson, Barbara J. Welch, and Matthew J. Kelley of Essenson Law Firm, Sarasota",,,,,13899,
JcVig5Q00KQ,2D18-4775,,False,,,,,,,,,,,,,,,,,,,,,,
JfYsXM3lg2Y,23 401,2D2023-0401,True,"MICHAEL QUILL, NADA ABDO-QUILL, MARIE SILVA VS CHRISTINA PAYLAN, ET AL.,",2023-09-15,denied,Denied - PC Denied,True,False,,Northcutt; Casanueva; Khouzam,False,,False,,,,,,,,,,895,
JhHMA1z9khw,2D20 1356,2D2020-1356,True,FEDERAL NATIONAL MORTGAGE ASSOCIATION  vs MICHAEL J. DOUGHERTY,2021-09-15,affirm,Affirmed,True,False,,,False,,False,,Elizabeth V. Krier,Collier,"nt, v. MICHAEL J. DOUGHERTY, and unknown person in possession of property n/k/a SCOTT CURTIS, Appellees. No. 2D20-1356 September 15, 2021 Appeal from the Circuit Court for Collier County; Elizabeth V. Krier, Judge. David Rosenberg and Jarrett Cooper of Robertson, Anschutz & Schneid, P.L., Boca Raton",,,,,,968,
JiAiPmjfKb8,2D20 2642,,False,,,,,,,,,,,,,,,,,,,,,,
JiJ5VadTwYo,22 3827,2D2022-3827,True,"AMD HEALTHCARE SOLUTIONS, INC VS ACL SENIOR ADVOCATES AND CARE COORDINATORS, LLC, ET AL",2023-08-16,affirm,Affirmed - Per Curiam Affirmed,True,True,,Silberman; Kelly; Morris,False,,False,,,,"EALING HEARTS, LLC, AND DAWN M. ADDISON, Appellees. No. 2D22-3827 August 16, 2023 Appeal pursuant to Fla. R. App. P. 9.130 from the Circuit Court for Hillsborough County; Darren D. Farfante, Judge. Nicole R. Ramírez, Beatriz McConnell, and Courtney L. Fernald of Englander Fischer LLP, St. Petersburg","ust 16, 2023 Appeal pursuant to Fla. R. App. P. 9.130 from the Circuit Court for Hillsborough County; Darren D. Farfante, Judge. Nicole R. Ramírez, Beatriz McConnell, and Courtney L. Fernald of Englander Fischer LLP, St. Petersburg, for Appellant. Daniel F. Pilka of Pilka & Associates, P.A., Brandon",,,,,1160,
JohEkRO0tQk,22 3612,2D2022-3612,True,J. J. VS DEPT. OF CHILDREN & FAMILIES,2023-12-27,affirm,Affirmed - Authored Opinion,False,False,Khouzam,Khouzam; Casanueva; Rothstein-Youakim,False,,False,,,,," SECOND DISTRICT J.J., Appellant, v. DEPARTMENT OF CHILDREN AND FAMILIES, Appellee. No. 2D22-3612 December 27, 2023 Appeal from the Department of Children and Families. Nicholas V. Castellano, II, of Buckman & Buckman, P.A., Sarasota, for Appellant. Deanne C. Fields, Assistant General Counsel, Tampa",,,,,19101,
JpzsMt2L_FQ,23 495,2D2023-0495,True,"LEBLANC, MEL'S BEACH GYM, LLC, et al v. BEACH COTTAGES AT IRB PROPERTIES, LLC",2024-04-26,affirm,Affirmed,True,True,,Villanti; Black; Atkinson,False,,False,,Cynthia Newton,Pinellas,"IRB PLAZA, LLC, MELANIE A. LEBLANC, AND MEL'S BEACH GYM, APPELLANTS, V. BEACH COTTAGES AT IRB PROPERTIES, LLC, APPELLEE. NO. 2D2023-0495 April 26, 2024 Appeal from the Circuit Court for Pinellas County; Cynthia Newton, Judge. Scott A. Smothers and Mitchell L. Davis of Smothers Law Firm, P.A., Apopka",,,,,,814,
JtGmK5jb2J0,2D20 3717,2D2020-3717,True,"UNITEDHEALTHCARE OF FLORIDA, INC. AND UNITEDHEALTHCARE INSURANCE COMPANY vs GULF-TO-BAY ANESTHESIOLOGY ASSOCIATES, LLC",2022-01-12,dismissed,Dismissed,True,False,,Morris; Kelly; Labrit,False,,False,,,,,,,,,,1084,
Jv5RQUGFSXs,2D19-4938,2D2019-4938,True,ISMAEL BRAGIN  vs STATE OF FLORIDA,2021-03-12,affirm,Affirmed,True,False,,Silberman; Villanti; Black,False,,False,,,,"F FLORIDA SECOND DISTRICT ISMAEL BRAGIN, ) ) Appellant, ) ) v. ) Case No. 2D19-4938 ) STATE OF FLORIDA, ) ) Appellee. ) ) Opinion filed March 12, 2021. Appeal from the Circuit Court for Polk County; Keith P. Spoto, Judge. Guillermo E. Gomez, Jr. and April L. Johnson of Gomez & Touger, P.A., Lakeland",,,,,,1162,
JyBiWxkrs-w,2D20 3299,2D2020-3299,True,"MARY JO FUTCH  vs TOM J. HANEY, AS PERSONAL REPRESENTATIVE OF THE ESTATE OF ALVIN C. FUTCH, DECEASED",2021-10-13,reverse,Reversed and remanded.,False,False,,Kelly; Labrit,False,,False,,Artemeus McNeil,Hillsborough,,"TCH; and JANET FUTCH, Appellees. No. 2D20-3299 October 13, 2021 Appeal from the Circuit Court for Hillsborough County; Artemeus McNeil, Judge. Robert C. Wilkins, Jr., of Robert C. Wilkins, Jr., P.L., Orlando, for Orlando, Appellant. Steven L. Hearn and Frederick Hearn of Steven L. Hearn, P.A., Tampa",,,,,8881,
K-V3Mq9CkTg,2D22 522,2D2022-0522,True,"CHRIS NOCCO, SHERIFF OF PASCO COUNTY  vs JOSEPH EDWARD BREWSTER",2022-12-21,affirm,Affirmed,True,False,,Silberman; Kelly; Lucas,False,,False,,,,,", v. JOSEPH EDWARD BREWSTER, Appellee. No. 2D22-522 December 21, 2022 Appeal pursuant to Fla. R. App. P. 9.130 from the Circuit Court for Pasco County; Kimberly Sharpe Byrd, Judge. Robert M. Stoler of Stoler Russell Keener Verona P.A., Tampa, for Appellant. Robert J. Horst of Horst Law Firm, Orlando",,,,,860,
K5bfzdAGIOA,2D19-1236,2D2019-1236,True,"MURPHY AUTO GROUP, INC.  vs STATE OF FLORIDA DEPARTMENT OF TRANSPORTATION",2020-11-20,reverse,Reversed and remanded,False,False,Silberman,Silberman; Villanti; Sleet,False,,False,,,,"RANSPORTATION, ) ) Appellee. ) ___________________________________) Opinion filed November 20, 2020. Appeal from the Circuit Court for Polk County; Gerald P. Hill, II, and Mark F. Carpanini, Judges. David Smolker, R. Clay Mathews and Jane C. Graham of Smolker, Bartlett, Loeb, Hinds & Thompson, Tampa",,,,,,14954,
K8ZcFhu0pzM,2D19-2054,,False,,,,,,,,,,,,,,,,,,,,,,
KC1IzYhbUV0,2D20-775,2D2020-0775,True,RAMON ALFONSO VALENZUELA  vs STATE OF FLORIDA,2020-12-11,affirm,Affirmed,True,False,,Silberman; Sleet; Rothstein-Youakim,False,,False,,,,,,,,,,1197,
KH3HlQ6AeMU,2D20 2092,,False,,,,,,,,,,,,,,,,,,,,,,
KHRZIf3mnMk,2D20 2670,2D2020-2670,True,"AMP VII - PALM HARBOUR, L L C  vs COMPUTER GURU, L L C, ET AL",2021-11-12,affirm,Affirmed,True,False,,Casanueva; Rothstein-Youakim; Atkinson,False,,False,,Lisa S. Porter,Charlotte,,,,,,,917,
KJg6JQsNIeM,2D20 208,2D2020-0208,True,"STACY S. SIGNORINI  vs OCWEN LOAN SERVICING, L L C",2021-09-15,affirm,Affirmed,True,False,,Lucas; Smith; Stargel,False,,False,,Patricia Ann Muscarella,Pinellas,"L OF FLORIDA SECOND DISTRICT STACY S. SIGNORINI, Appellant, v. OCWEN LOAN SERVICING, LLC, Appellee. No. 2D20-208 September 15, 2021 Appeal from the Circuit Court for Pinellas County; Patricia Ann Muscarella, Judge. Robert E. Biasotti, Biasotti Law, Saint Petersburg, and Leslie M. Conklin, Clearwater","ber 15, 2021 Appeal from the Circuit Court for Pinellas County; Patricia Ann Muscarella, Judge. Robert E. Biasotti, Biasotti Law, Saint Petersburg, and Leslie M. Conklin, Clearwater, for Appellant. David Rosenberg and Jarrett Cooper, Robertson, Anschutz, Schneid, Crane and Partners, PLLC, Boca Raton",,,,,867,
KKn_ndclOB0,2D21 2826,2D2021-2826,True,"LAKE LINCOLN, LLC  vs MANATEE COUNTY, FLORIDA",2023-01-13,mixed,Affirmed in Part/Reversed in Part and remanded.,False,False,,Northcutt; Black,False,,False,,Charles Sniffen,Manatee,"DISTRICT COURT OF APPEAL OF FLORIDA SECOND DISTRICT LAKE LINCOLN, LLC, Appellant, v. MANATEE COUNTY, FLORIDA, Appellee. No. 2D21-2826 January 13, 2023 Appeal from the Circuit Court for Manatee County; Charles Sniffen, Judge. Ryan C. Reese and S. William Moore of Moore Bowman & Reese, P.A., Tampa"," from the Circuit Court for Manatee County; Charles Sniffen, Judge. Ryan C. Reese and S. William Moore of Moore Bowman & Reese, P.A., Tampa, for Appellant. William E. Clague, County Attorney, Christopher M. De Carlo, Assistant County Attorney, and Whittni Hodges, Assistant County Attorney, Bradenton",,,,,18328,
KLY2SvFnKBw,2D20 3361 & 21 729,2D2020-3361,True,PAUL S. GACCIONE  vs JULIA L. GACCIONE,2022-06-08,affirm,Affirmed,True,False,,Sleet; Atkinson; Stargel,False,,False,,Jack Helinger,Pinellas,"v. JULIA L. GACCIONE, Appellee. Nos. 2D20-3361, 2D21-729 CONSOLIDATED June 8, 2022 Appeal from the Circuit Court for Pinellas County; Jack Helinger, Judge. Jason Scott Coupal, Ayo & Iken, PLC, New Port Richey; and Jason Scott Coupal, Landmark Legal, New Port Richey (substituted as counsel of record)","eal from the Circuit Court for Pinellas County; Jack Helinger, Judge. Jason Scott Coupal, Ayo & Iken, PLC, New Port Richey; and Jason Scott Coupal, Landmark Legal, New Port Richey (substituted as counsel of record), for Appellant. Peter N. Meros of Meros, Smith, Lazzara & Olney, P.A., St. Petersburg",,,,,919,
KQEAiFQGr3I,2D19-4787,2D2019-4787,True,"OSPREY HEALTH CARE CENTER, LLC, ENRIQUE DE LA PIEDRA, AND RANDY LEE SLOAN  vs DORIS H. PASCAZI, ET AL.",2021-10-13,reverse,Reversed and remanded with instructions to enter an order compelling arbitration.,False,False,Labrit,Labrit; Kelly; Black,False,,False,,,,"er 13, 2021 Appeal pursuant to Fla. R. App. P. 9.130 from the Circuit Court for Pinellas County; Thomas H. Minkoff, Judge. Thomas A. Valdez and Vilma Martinez of Quintairos, Prieto, Wood & Boyer, P.A., Tampa; and Robin N. Khanal and Vanessa A. Braga of Quintairos, Prieto, Wood & Boyer, P.A., Orlando","as A. Valdez and Vilma Martinez of Quintairos, Prieto, Wood & Boyer, P.A., Tampa; and Robin N. Khanal and Vanessa A. Braga of Quintairos, Prieto, Wood & Boyer, P.A., Orlando, for Appellants. Megan M. Hunter, Megan Gisclar Colter, Lisa M. Tanaka, and Donna K. Hanes of Wilkes & Associates, P.A., Tampa",,,,,40676,
KUvAKN3T9GA,2D19-3372,2D2019-3372,True,CARL LAQUIDARA  vs MARK DUANE HOUGHTALING,2021-04-16,reverse,Reversed and remanded with instructions.,False,False,Kelly,Kelly; Morris; Rothstein-Youakim,False,,False,,,,"CARL LAQUIDARA, ) ) Appellant, ) ) v. ) Case No. 2D19-3400 ) DENISE SPANIAK HOUGHTALING, ) ) CONSOLIDATED Appellee. ) ) Opinion filed April 16, 2021. Appeal from the Circuit Court for Lee County; G. Keith Cary, Judge. Theodore L. Tripp, Jr., and Jeffrey S. Haut of Hahn Loeser & Parks LLP, Fort Myers"," ) ) v. ) Case No. 2D19-3400 ) DENISE SPANIAK HOUGHTALING, ) ) CONSOLIDATED Appellee. ) ) Opinion filed April 16, 2021. Appeal from the Circuit Court for Lee County; G. Keith Cary, Judge. Theodore L. Tripp, Jr., and Jeffrey S. Haut of Hahn Loeser & Parks LLP, Fort Myers, for Appellant. No appearance",,,,,7163,
KVldcoeZB14,2D22 549,,False,,,,,,,,,,,,,,,,,,,,,,
KYS7AW5hRDc,2D19-600,,False,,,,,,,,,,,,,,,,,,,,,,
KfW-Tt-3OkA,23 2186,2D2023-2186,True,"KERRIGAN v. ESTATE OF JOHN EDWARD KERRIGAN, PAGE",2024-12-27,mixed,"Affirmed in part, reversed in part, and remanded for entry of an amended final judgement consistent with this opinion.",False,False,Northcutt,Northcutt; Silberman; Morris,False,,False,,Brian Gnage,Pasco,"rsonal representative of the Estate of John Edward Kerrigan, deceased, Appellee. No. 2D2023-2186 December 27, 2024 Appeal from the Circuit Court for Pasco County; Brian Gnage, Judge. Allison M. Perry of Florida Appeals, P.A., Tampa; and Russell G. Marlowe of Russell G. Marlowe, P.A., New Port Richey","n Edward Kerrigan, deceased, Appellee. No. 2D2023-2186 December 27, 2024 Appeal from the Circuit Court for Pasco County; Brian Gnage, Judge. Allison M. Perry of Florida Appeals, P.A., Tampa; and Russell G. Marlowe of Russell G. Marlowe, P.A., New Port Richey, for Appellant. Brooke Elvington, Dunedin",,,,,3136,
Knz8HlkWugs,22 502,2D2022-0502,True,"JUDICIAL WATCH, INC., ET AL. VS PAUL GRASSFIELD, ET AL.",2023-12-13,affirm,Affirmed - Citation,True,False,,Atkinson; Labrit,False,,False,,Diana L. Moreland,Manatee,"named Successor Trustee of the Bruce A. Grassfield 2003 Revocable Trust, as restated and amended as of May 7, 2019; MASON GRASSFIELD; and EVE GRASSFIELD, Appellees. No. 2D22-502 December 13, 2023 Appeal from the Circuit Court for Manatee County; Diana L. Moreland, Judge. Susan J. Silverman, Sarasota","nded as of May 7, 2019; MASON GRASSFIELD; and EVE GRASSFIELD, Appellees. No. 2D22-502 December 13, 2023 Appeal from the Circuit Court for Manatee County; Diana L. Moreland, Judge. Susan J. Silverman, Sarasota, for Appellants. Kimberly A. Bald and Aaron B. Crittenden of Harlee & Bald, P.A., Bradenton",,,,,1550,
KtLbDaT582Y,2D19-3438,2D2019-3438,True,"KATHRYN S. MACK AND MONTE KROH  vs UNIVERSAL PROPERTY &  CASUALTY INSURANCE COMPANY, ET AL.",2021-05-26,mixed,Affirmed in Part/Reversed in Part and remanded.,False,False,Atkinson,Atkinson; Villanti; Black,False,,False,,,,,,,,,,21450,
KvymiyeniP0,2D21 1715,2D2021-1715,True,"HERITAGE PROPERTY & CASUALTY INSURANCE COMPANY  vs VERANDA I AT HERITAGE LINKS ASSOCIATION, INC.",2022-02-25,reverse,Reversed and remanded.  **CORRECTED**,False,False,Lucas,Lucas; Atkinson; Labrit,False,,False,,Hugh D. Hayes,Collier,"S ASSOCIATION, INC., Appellee. No. 2D21-1715 February 25, 2022 Appeal from the Circuit Court for Collier County; Hugh D. Hayes, Judge. David A. Noel and Kara Rockenbach Link of Link & Rockenbach, P.A., West Palm Beach; and Jeffrey A. Rubinton and Veronica Dossat of Rubinton & Associates, P.A., Tampa","s, Judge. David A. Noel and Kara Rockenbach Link of Link & Rockenbach, P.A., West Palm Beach; and Jeffrey A. Rubinton and Veronica Dossat of Rubinton & Associates, P.A., Tampa, for Appellant. Cary J. Goggin, Amanda C. Broadwell, and Jessica Rodriguez of Goede, Adamczyk, DeBoest & Cross, PLLC, Naples",,,,,10484,
L-7399Os39g,22 554,2D2022-0554,True,"TARYA A. TRIBBLE VS EDWAY, INC.",2023-11-15,affirm,Affirmed - Per Curiam Affirmed,True,True,,Northcutt; Kelly; Black,False,,False,,Caroline Tesche Arkin,Hillsborough,"DISTRICT COURT OF APPEAL OF FLORIDA SECOND DISTRICT TARYA A. TRIBBLE, Appellant, v. EDWAY, INC., Appellee. No. 2D22-554 November 15, 2023 Appeal from the Circuit Court for Hillsborough County; Caroline Tesche Arkin, Judge. Luke Lirot of Luke Charles Lirot, P.A., Clearwater","BBLE, Appellant, v. EDWAY, INC., Appellee. No. 2D22-554 November 15, 2023 Appeal from the Circuit Court for Hillsborough County; Caroline Tesche Arkin, Judge. Luke Lirot of Luke Charles Lirot, P.A., Clearwater, for Appellant. Heather A. DeGrave and Stuart J. Levine of Walters Levine & DeGrave, Tampa",,,,,792,
L0AXey3GkJo,22 1783,2D2022-1783,True,COURTNEY GREEN VS STATE OF FLORIDA,2023-05-31,affirm,Affirmed - Per Curiam Affirmed,True,True,,,False,,False,,Pat Siracusa,Pinellas,"DISTRICT COURT OF APPEAL OF FLORIDA SECOND DISTRICT COURTNEY RASHON GREEN, Appellant, v. STATE OF FLORIDA, Appellee. No. 2D22-1783 May 31, 2023 Appeal from the Circuit Court for Pinellas County; Pat Siracusa, Judge. Maria Pavlidis of Pavlidis Law, LLC, Tampa",", v. STATE OF FLORIDA, Appellee. No. 2D22-1783 May 31, 2023 Appeal from the Circuit Court for Pinellas County; Pat Siracusa, Judge. Maria Pavlidis of Pavlidis Law, LLC, Tampa, for Appellant. Ashley Moody, Attorney General, Tallahassee, and Michael W. Mervine, Senior Assistant Attorney General, Tampa",,,,,803,
L1SDkJwLOGQ,2D21 3828,2D2021-3828,True,"JONATHAN S. HALL, M.D.  vs MAG MUTUAL INSURANCE COMPANY",2022-06-17,denied,Denied,True,False,,Black; Rothstein-Youakim; Smith,False,,False,,,,,,,,,,1045,
L5hT9jFLVkc,23 389,2D2023-0389,True,"JOHN R. FRAWLEY, JR., AS PERSONAL REPRESENTATIVE OF THE ESTATE OF JOHN R. FRAWLEY, SR. VS JOHN DOE, ET AL.",2024-02-23,affirm,Affirmed - Per Curiam Affirmed,True,True,,Silberman; Villanti; Labrit,False,,False,,Patricia A. Muscarella,Pinellas,"MENT FLORIDA, LLC, and WRD PROVIDENCE PALM HARBOR, LLC, Appellees. No. 2D23-389 February 23, 2024 Appeal from the Circuit Court for Pinellas County; Patricia A. Muscarella, Judge, and Peter R. Ramsberger, Senior Judge. Ralph L. Gonzalez, Jeff Murphy and C. Steven Yerrid of The Yerrid Law Firm, Tampa",", 2024 Appeal from the Circuit Court for Pinellas County; Patricia A. Muscarella, Judge, and Peter R. Ramsberger, Senior Judge. Ralph L. Gonzalez, Jeff Murphy and C. Steven Yerrid of The Yerrid Law Firm, Tampa, for Appellant. Alyssa M. Reiter of Wicker Smith O'Hara McCoy & Ford, P.A., Ft. Lauderdale",,,,,984,
L8q_zRisvWo,2D20-2111,,False,,,,,,,,,,,,,,,,,,,,,,
L9us2lAou9c,23 1769,2D2023-1769,True,"KMG PROPERTIES, LLC v. OWL CONSTRUCTION, LLC",2024-04-24,reverse,Reversed and remanded.,False,False,,Kelly; Villanti,False,,False,,,,"AL OF FLORIDA SECOND DISTRICT KMG PROPERTIES, LLC, Appellant, v. OWL CONSTRUCTION, LLC, Appellee. No. 2D2023-1769 April 24, 2024 Appeal pursuant to Fla. R. App. P. 9.130 from the Circuit Court for Pinellas County; Patricia A. Muscarella, Judge. Richard A. Harrison of Richard A. Harrison, P.A., Tampa","L CONSTRUCTION, LLC, Appellee. No. 2D2023-1769 April 24, 2024 Appeal pursuant to Fla. R. App. P. 9.130 from the Circuit Court for Pinellas County; Patricia A. Muscarella, Judge. Richard A. Harrison of Richard A. Harrison, P.A., Tampa, for Appellant. Richard J. Boyle of The Boyle Law Firm, Wellington",,,,,28362,
LDwVHndQQ2Q,2D19-1875,,False,,,,,,,,,,,,,,,,,,,,,,
LKeML_RoIQs,2D19-2870,2D2019-2870,True,RONALD E. PARENT  vs NICOLE PARENT,2021-04-09,affirm,Affirmed,True,False,,Casanueva; Rothstein-Youakim; Labrit,False,,False,,,,," Court for Lee County; Amy R. Hawthorne, Judge. Rana Holz and Chris Santospirito of Rubinstein & Holz, Fort Myers, for Appellant. Cynthia L. Greene of Young, Berman, Karpf & Gonzalez, P.A., Miami; Allison M. Perry of Florida Appeals, P.A., Tampa; and Linda H. Fried of Fried & Fried, P.A., Fort Myers",,,,,1223,
LQ01J26n-yQ,21 3991,2D2021-3991,True,TRENA MICHELLE REDDICK VS UNIVERSITY OF SOUTH FLORIDA BOARD OF TRUSTEES,2023-06-09,reverse,Reversed - Authored Opinion ~ and remanded.,False,False,,,False,,False,,Mark R. Wolfe,Hillsborough,"COURT OF APPEAL OF FLORIDA SECOND DISTRICT TRENA MICHELLE REDDICK, Appellant, v. UNIVERSITY OF SOUTH FLORIDA BOARD OF TRUSTEES, Appellee. No. 2D21-3991 June 9, 2023 Appeal from the Circuit Court for Hillsborough County; Mark R. Wolfe, Judge. Patrice A. Pucci of Patrice A. Pucci, P.A., St. Petersburg","SITY OF SOUTH FLORIDA BOARD OF TRUSTEES, Appellee. No. 2D21-3991 June 9, 2023 Appeal from the Circuit Court for Hillsborough County; Mark R. Wolfe, Judge. Patrice A. Pucci of Patrice A. Pucci, P.A., St. Petersburg, for Appellant. Jason A. Pill and Raquel Ramirez Jefferson of Phelps Dunbar LLP, Tampa",,,,,36939,
LQd2BdcoaSw,24 1682,2D2024-1682,True,"Johnson, Johnson v. One Blood, Inc., Ramsire, et al",2025-03-21,affirm,Affirmed,True,True,,,False,,False,,,,"Appellants, v. ADELA HIDALGO GARCIA; ONE BLOOD, INC.; and JOSHUA M. RAMSIRE, Appellees. No. 2D2024-1682 March 21, 2025 Appeal pursuant to Fla. R. App. P. 9.130 from the Circuit Court for Pinellas County; George Mark Jirotka, Judge. Michael C. Clarke and Joye B. Walford of Kubicki Draper, P.A., Tampa","suant to Fla. R. App. P. 9.130 from the Circuit Court for Pinellas County; George Mark Jirotka, Judge. Michael C. Clarke and Joye B. Walford of Kubicki Draper, P.A., Tampa, for Appellants. Annabel C. Majewski of Wasson & Associates, Chartered, Miami; and John Cain of Carey Leisure Carney, Clearwater",,,,,1053,
LZ82fv3KcQM,23 1376,2D2023-1376,True,"SMITH, VI v. LYNCH, LYNCH",2025-02-14,reverse,Reversed and remanded.,False,False,Villanti,Villanti; Kelly; Lucas,False,,False,,Cynthia J. Newton,Pinellas,"COURT OF APPEAL OF FLORIDA SECOND DISTRICT JESSE CARL SMITH, VI, Appellant v. KINNEY LYNCH and DEBORAH O. LYNCH, Appellees. No. 2D2023-1376 February 14, 2025 Appeal from the Circuit Court for Pinellas County; Cynthia J. Newton, Judge. Megan Powell and Kristin M. Rhodus of Rhodus Law Firm PLLC, Largo","6 February 14, 2025 Appeal from the Circuit Court for Pinellas County; Cynthia J. Newton, Judge. Megan Powell and Kristin M. Rhodus of Rhodus Law Firm PLLC, Largo, for Appellant. Patrick J. Poff, Marie Tomassi, and Jade L. Turner of Trenam, Kemker, Scharf, Barkin, Frye, O'Neill & Mullis, P.A., Tampa",,,,,20377,
Le4IgwKZzp8,2D20-551,2D2020-0551,True,"BLAIR ALEXANDER WEST  vs THE SOLOMON LAW GROUP, P. A.",2020-12-04,affirm,Affirmed,True,False,,Casanueva; Villanti; Labrit,False,,False,,,,"ER WEST, ) ) Appellant, ) ) v. ) Case No. 2D20-551 ) THE SOLOMON LAW GROUP, P.A., ) ) Appellee. ) ) Opinion filed December 4, 2020. Appeal from the Circuit Court for Hillsborough County; Ralph C. Stoddard, Judge. Jeremy D. Bailie of Weber, Crabb & Wein, P.A., St. Petersburg (withdrew after briefing)",", 2020. Appeal from the Circuit Court for Hillsborough County; Ralph C. Stoddard, Judge. Jeremy D. Bailie of Weber, Crabb & Wein, P.A., St. Petersburg (withdrew after briefing), for Appellant. Blair Alexander West, pro se. Laura H. Howard and Stanford R. Solomon of The Solomon Law Group, P.A., Tampa",,,,,1241,
LfSBGSxSBV8,2D21 3856,2D2021-3856,True,"SIDDHARTHA PAGIDIPATI AND 1010 CAPITAL, INC.  vs SANKET VYAS, ET AL.",2022-10-28,reverse,Reversed and remanded.,False,False,Khouzam,Khouzam; Northcutt; Casanueva,False,,False,,,,"3 I, L.P., and Q3 INVESTMENTS RECOVERY VEHICLE, LLC, Appellee. No. 2D21-3856 October 28, 2022 Appeal pursuant to Fla. R. App. P. 9.130 from the Circuit Court for Hillsborough County; Darren D. Farfante, Judge. John A. Anthony, Nicholas LaFalce, and S. Scott Stephens of Anthony & Partners, LLC, Tampa",,,,,,40894,
Lj2K5DoDr_4,2D21 1737,2D2021-1737,True,"JOHN PIZZARO  vs WILMINGTON SAVINGS FUND SOCIETY F S B, D/B/A CHRISTIANA TRUST",2022-04-20,affirm,Affirmed,True,False,,Casanueva; Khouzam; Black,False,,False,,Emmett Lamar Battles,Hillsborough,,"ORIDA; UNKNOWN TENANT(S) IN POSSESSION, Appellees. No. 2D21-1737 April 20, 2022 Appeal from the Circuit Court for Hillsborough County; Emmett Lamar Battles, Judge. Blake J. Frederickson of Cremeens Law Group, PLLC, Tampa, for Appellant. Adam G. Schwartz of Fox, McCluskey, Bush, Robison, PLLC, Stuart",,,,,1656,
Lk3Vg1BkNCk,2D22 469,2D2022-0469,True,"BELL TRANSPORT, LLC., C/O MICHAEL J. BELL vs IN RE: FORFEITURE OF (1) 1993 PETERBILT SEMI TRUCK",2022-11-30,reverse,Reversed and remanded with instructions.,False,False,Atkinson,Atkinson; Kelly; Lucas,False,,False,,Hugh D. Hayes,Collier,"TRANSPORT, LLC, c/o MICHAEL J. BELL, Appellant, v. DEPARTMENT OF HIGHWAY SAFETY AND MOTOR VEHICLES c/o FLORIDA HIGHWAY PATROL, Appellees. No. 2D22-469 November 30, 2022 Appeal from the Circuit Court for Collier County; Hugh D. Hayes, Judge. Derek Verderamo and Adam A. Carney of Verderamo Law, Naples","PATROL, Appellees. No. 2D22-469 November 30, 2022 Appeal from the Circuit Court for Collier County; Hugh D. Hayes, Judge. Derek Verderamo and Adam A. Carney of Verderamo Law, Naples, for Appellant. Angeline Attila, Assistant General Counsel, Department of Highway Safety and Motor Vehicles, Bradenton",,,,,9820,
LlhnDOrF1mU,23 1572,2D2023-1572,True,"SPRACKLEN, LAW OFFICE OF MAX R. PRICE, P. A. v. COMMONS, ESQ.",2024-05-22,affirm,Affirmed,True,True,,Kelly; Lucas; Atkinson,False,,False,,Kimberly Sharpe Byrd,Pasco,"T JAMES SPRACKLEN AND LAW OFFICE OF MAX R. PRICE, P.A., Appellant, v. LINDA BELLOMIO COMMONS, ESQ., Appellee. No. 2D2023-1572 May 22, 2024 Appeal from the Circuit Court for Pasco County; Kimberly Sharpe Byrd, Judge. Max R. Price and Victoria Gonzalez of Law Offices of Max R. Price, P.A., South Miami","024 Appeal from the Circuit Court for Pasco County; Kimberly Sharpe Byrd, Judge. Max R. Price and Victoria Gonzalez of Law Offices of Max R. Price, P.A., South Miami, for Appellant. Linda Bellomio Commons of Linda Bellomio Commons, P.A., Tampa, and Desiree Bannasch of Desiree Bannasch, P.A., Orlando",,,,,877,
LoP-2gLaFLE,22 4133,2D2022-4133,True,STATE OF FLORIDA VS JONATHAN VALLEY,2024-01-19,reverse,Reversed - Authored Opinion ~ and remanded for further proceedings.,False,False,Kelly,Kelly; Silberman; Smith,False,,False,,Lyann Goudie,Hillsborough,,"t Court for Hillsborough County; Lyann Goudie, Judge. Ashley Moody, Attorney General, Tallahassee; Michael W. Mervine, Senior Assistant Attorney General; and Laura Dempsey, Assistant Attorney General (substituted as counsel of record), Tampa, for Appellant. E. Michael Isaak of Isaak Law, PLLC, Tampa",,,,,4682,
LpTdwth-PwE,2D21 2366,2D2021-2366,True,"SPENCER THOMAS  vs 7-ELEVEN, INC., AILA ENTERPRISE, INC., CS COLLEGE PARKWAY, LLC AND SANDEEP MADHAR",2022-11-04,affirm,Affirmed,True,False,,,False,,False,,Joseph C. Fuller,Lee,"IDA SECOND DISTRICT SPENCER THOMAS, Appellant, v. 7-ELEVEN, INC.; AILA ENTERPRISE, INC.; CS COLLEGE PARKWAY, LLC; and SANDEEP MADHAR, Appellees. No. 2D21-2366 November 4, 2022 Appeal from the Circuit Court for Lee County; Joseph C. Fuller, Judge. Martin E. Leach of Feiler & Leach, P.L., Coral Gables"," CS COLLEGE PARKWAY, LLC; and SANDEEP MADHAR, Appellees. No. 2D21-2366 November 4, 2022 Appeal from the Circuit Court for Lee County; Joseph C. Fuller, Judge. Martin E. Leach of Feiler & Leach, P.L., Coral Gables, for Appellant. Michael R. D'Lugo of Wicker, Smith, O'Hara, McCoy & Ford, P.A., Orlando",,,,,916,
LsKCxNJPUT0,24 0889,2D2024-0889,True,"WICK v. A-ACTION MORTGAGE COMPANY, CLAMPITT, ET AL.",2025-04-23,affirm,Affirmed,True,True,,Sleet; Black; Moe,False,,False,,George M. Jirotka,Pinellas," v. RONALD CLAMPITT and GINA CLAMPITT; A-ACTION MORTGAGE COMPANY; and AMERICAN EQUITY MORTGAGE, INC., Appellees. No. 2D2024-0889 April 23, 2025 Appeal from the Circuit Court for Pinellas County; George M. Jirotka, Judge. Benjamin E. Hillard and Amy Cuykendall Jones of Hillard Cuykendall, P.A., Largo"," 2D2024-0889 April 23, 2025 Appeal from the Circuit Court for Pinellas County; George M. Jirotka, Judge. Benjamin E. Hillard and Amy Cuykendall Jones of Hillard Cuykendall, P.A., Largo, for Appellant. Jennifer Erin Jones of McIntyre Thanasides Bringgold Elliott Grimaldi Guito & Matthews, P.A., Tampa",,,,,1046,
LtOZTEhlryM,2D18-3960,,False,,,,,,,,,,,,,,,,,,,,,,
LwvifL_kwQI,2D18-1835,,False,,,,,,,,,,,,,,,,,,,,,,
M0mu3yN7jwE,22 1370,2D2022-1370,True,ELLISE BINGHAM VS TOWER HILL PREFERRED INSURANCE COMPANY,2023-07-12,affirm,Affirmed - Per Curiam Affirmed,True,True,,,False,,False,,Susan G. Barthle,Pasco,"Appellant, v. TOWER HILL PREFERRED INSURANCE COMPANY, Appellee. No. 2D22-1370 July 12, 2023 Appeal from the Circuit Court for Pasco County; Susan G. Barthle, Judge. Timothy W. Weber and Jeremy D. Bailie of Weber, Crabb & Wein, P.A., St. Petersburg, and Theodore A. Corless of Corless Law Group, Tampa","Circuit Court for Pasco County; Susan G. Barthle, Judge. Timothy W. Weber and Jeremy D. Bailie of Weber, Crabb & Wein, P.A., St. Petersburg, and Theodore A. Corless of Corless Law Group, Tampa, for Appellant. C. Ryan Jones and Scot E. Samis of Traub Lieberman Straus & Shrewsberry LLP, St. Petersburg",,,,,885,
M8_QG2tbrMU,2D20 3281,2D2020-3281,True,BRIAN STANLEY  vs STATE OF FLORIDA,2022-02-11,affirm,Affirmed,True,False,,,False,,False,,Joseph A. Bulone,Pinellas,,"IDA, Appellee. No. 2D20-3281 February 11, 2022 Appeal from the Circuit Court for Pinellas County; Joseph A. Bulone, Judge. J. Andrew Crawford of J. Andrew Crawford, P.A., St. Petersburg, for Appellant. Ashley Moody, Attorney General, Tallahassee, and David Campbell, Assistant Attorney General, Tampa",,,,,821,
MCYY2W0Ww3k,23 1015,2D2023-1015,True,THOMPSON v. STATE OF FLORIDA,2024-11-13,affirm,Affirmed,True,True,,Silberman; Black; Rothstein-Youakim,False,,False,,"William H. Burgess, III",Pinellas,,,,,,,912,
MIOQ0uZGjw8,2D18-2520,,False,,,,,,,,,,,,,,,,,,,,,,
MPixIvQOE2k,23 2133,2D2023-2133,True,FAISON v. Best Buy Stores LP,2024-05-24,affirm,Affirmed,True,True,,Silberman; Black; Smith,False,,False,,Melissa M. Polo,Hillsborough,," Appellant, v. BEST BUY STORES, LP, Appellee. No. 2D2023-2133 May 24, 2024 Appeal from the Circuit Court for Hillsborough County; Melissa M. Polo, Judge. Gil Sanchez, III, of Black Rock Trial Lawyers, PLLC, Tampa, for Appellant. Jeffrey A. Albinson and Dale T. Golden of Golden Albinson Proulx, Tampa",,,,,789,
MZFuN_-B9zU,25 0037,2D2025-0037,True,"LINCOLNSHIRE MAXIMO LLC v. MARINA WALK, LLC",2026-03-25,mixed,"Affirmed in part, reversed in part, and remanded.",False,False,Black,Black,False,,False,,W. Douglas Baird,Pinellas,"COURT OF APPEAL OF FLORIDA SECOND DISTRICT LINCOLNSHIRE MAXIMO LLC, Appellant, v. MARINA WALK, LLC, Appellee. No. 2D2025-0037 March 25, 2026 Appeal from the Circuit Court for Pinellas County; W. Douglas Baird, Judge. Stacy D. Blank, Jason H. Baruch, and Paul J. Punzone of Holland & Knight LLP, Tampa","e. Stacy D. Blank, Jason H. Baruch, and Paul J. Punzone of Holland & Knight LLP, Tampa, for Appellant. Diran V. Seropian and Daniel S. Weinger of Luks, Santaniello, Petrillo, Cohen & Peterfriend, Fort Lauderdale; and Brian A. Bolves and Laura S. Olympio of Manson Bolves Donaldson Tanner, P.A., Tampa",2D2025-0037,https://www.courtlistener.com/opinion/10814628/x/,10814628,11281382,23025,
MaF8x6Jbydg,24 2455,2D2024-2455,True,ERIC BOGAN v. STATE OF FLORIDA,2026-03-20,affirm,Affirmed.,True,True,,Kelly; Villanti; Labrit,False,,False,,Joshua Riba,Pasco,"DISTRICT COURT OF APPEAL OF FLORIDA SECOND DISTRICT ERIC BOGAN, Appellant, v. STATE OF FLORIDA, Appellee. No. 2D2024-2455 March 20, 2026 Appeal from the Circuit Court for Pasco County; Joshua Riba, Judge. William F. Sansone of Sansone Law, P.A., Tampa"," OF FLORIDA, Appellee. No. 2D2024-2455 March 20, 2026 Appeal from the Circuit Court for Pasco County; Joshua Riba, Judge. William F. Sansone of Sansone Law, P.A., Tampa, for Appellant. James Uthmeier, Attorney General, Tallahassee, and Katherine Coombs Cline, Senior Assistant Attorney General, Tampa",2D2024-2455,https://www.courtlistener.com/opinion/10811561/x/,10811561,11278313,810,
MbqVs4bWid8,2D20-235,2D2020-0235,True,CITIZENS PROPERTY INSURANCE CORPORATION  vs PAULA FAJARDO AND JESUS PEREZ,2021-03-31,affirm,Affirmed,True,False,,Khouzam; Smith; Stargel,False,,False,,,," PEREZ, ) ) Appellees. ) ) Opinion filed March 31, 2021. Appeal from the Circuit Court for Hillsborough County; Martha J. Cook, Judge. Kara Rockenback-Link and Daniel M. Schwarz of Link & Rockenbach, PA, West Palm Beach; and Andrew P. Rock and Erin R. Kreiser of The Rock Law Group, P.A., of Maitland",,,,,,1535,
MrVn7hlgWVc,2D20 440,2D2020-0440,True,"SANDRA EPPERSON RICH  vs JOHN D. RICH, ET AL",2022-01-14,mixed,Affirmed in Part/Reversed in Part and remanded with instructions.,False,False,Smith,Smith; Khouzam; Sleet,False,,False,,Susan St. John,Pinellas,,"VENTURE, INC.; ARICH FAMILY, LLC; and ARICH, LLC, Appellees. No. 2D20-440 January 14, 2022 Appeal from the Circuit Court for Pinellas County; Susan St. John, Judge. David A. Maney of Maney, Damsker & Jones, P.A., Tampa, for Appellant. Michael J. Park of Park, Ossian, Barnaky & Park, P.A., Clearwater",,,,,34483,
Ms_pq7qBEXM,24 2883,2D2024-2883,True,DYLAN CHARLES NICHOLS v. DANIEL W. FRENCH,2026-05-20,reverse,Reversed and remanded with instructions.,False,False,Khouzam,Khouzam; Kelly; Atkinson,False,,True,Atkinson,Thomas M. Ramsberger,Pinellas,,"EL W. FRENCH, Appellee. No. 2D2024-2883 May 20, 2026 Appeal from the Circuit Court for Pinellas County; Thomas M. Ramsberger, Judge. Dorothy DiFiore of Quintairos, Prieto, Wood & Boyer, P.A., Tampa, for Appellant. Chad A. Barr and Dalton L. Gray of Law Office of Chad A. Barr, P.A., Altamonte Springs",2D2024-2883,https://www.courtlistener.com/opinion/10861674/x/,10861674,11329103,7261,
MurF_KgT6OQ,22 1678,2D2022-1678,True,STEPHEN POTTS VS LEE ANN LEWIS,2023-10-25,reverse,Reversed - Authored Opinion ~ and remanded.,False,False,Kelly,Kelly; Rothstein-Youakim; Atkinson,False,,False,,Doneene Loar,Pinellas,,"ISTRICT COURT OF APPEAL OF FLORIDA SECOND DISTRICT STEPHEN POTTS, Appellant, v. LEE ANN LEWIS, Appellee. No. 2D22-1678 October 25, 2023 Appeal from the Circuit Court for Pinellas County; Doneene Loar, Judge. J. Andrew Crawford of J. Andrew Crawford, P.A., St. Petersburg, for Appellant. No appearance",,,,,5631,
Mx5-hsD-6CU,22 2696,2D2022-2696,True,JEFFREY JENSEN  vs PINELLAS COUNTY,2023-03-22,affirm,Affirmed,True,False,,Casanueva; Kelly; Khouzam,False,,False,,Patricia A. Muscarella,Pinellas,,"ICT COURT OF APPEAL OF FLORIDA SECOND DISTRICT JEFFREY D. JENSEN, Appellant, v. PINELLAS COUNTY, Appellee. No. 2D22-2696 March 22, 2023 Appeal from the Circuit Court for Pinellas County; Patricia A. Muscarella, Judge. Jeffrey D. Jensen, pro se. Andrew P. Keefe, Assistant Attorney General, Clearwater",,,,,736,
N7LHJVs3Qns,2D22 678,2D2022-0678,True,"ROSEMARY G. KING, 125 POCO, LLC, AND 123 POCO, LLC  vs BRUCE ROORDA AND DENISE ROORDA",2023-02-03,mixed,Affirmed in Part/Reversed in Part and remanded.,False,False,Rothstein-Youakim,Rothstein-Youakim; Villanti; Khouzam,False,,False,,Hunter W. Carroll,Sarasota," OF FLORIDA SECOND DISTRICT ROSEMARY G. KING; 125 POCO, LLC; and 123 POCO, LLC, Appellants, v. BRUCE ROORDA and DENISE ROORDA, Appellees. No. 2D22-678 February 3, 2023 Appeal from the Circuit Court for Sarasota County; Hunter W. Carroll, Judge. James D. Gibson of Gibson, Kohl & Wolff, P.L., Sarasota",,,,,,5229,
N8ItiCtNNn0,2D21 3801,2D2021-3801,True,ALEXANDER ODISHELIDZE  vs ALEXANDRINA MCGONIGAL,2023-01-04,affirm,Affirmed,True,False,,Black; Smith; Labrit,False,,False,,Edward Nicholas,Manatee,,"XANDER ODISHELIDZE, Appellant, v. ALEXANDRINA McGONIGAL, Appellee. No. 2D21-3801 January 4, 2023 Appeal from the Circuit Court for Manatee County; Edward Nicholas, Judge. James M. Horne, Jr., of James Horne Law P.A., Lakewood Ranch, for Appellant. Mark D. Tinker of Cole, Scott & Kissane, P.A., Tampa",,,,,766,
NAsCaeTp-Y8,2D21 1567,2D2021-1567,True,"DELCOR DEVELOPMENT, LLC & SOUTHDALE, INC. vs THE CITY OF MARCO ISLAND",2022-04-20,denied,Denied,True,False,,Silberman; Atkinson; Smith,False,,False,,,,,,,,,,991,
NB9cDDbQayg,2D21 1586,2D2021-1586,True,"DORIS BEATY  vs GUARDIANSHIP OF DONALD S. ""PETE"" BEATY, ET AL",2021-12-10,affirm,Affirmed,True,False,,Casanueva; Khouzam; Rothstein-Youakim,False,,False,,,,"LLC, Appellees. No. 2D21-1586 December 10, 2021 Appeal pursuant to Fla. R. App. P. 9.130 from the Circuit Court for Polk County; Gerald Paul Hill, Judge. Brigid F. Cech Samole and Bethany J.M. Pandher of Greenberg Traurig, P.A., Miami; and Bridget A. Berry of Greenberg Traurig, P.A., West Palm Beach","ounty; Gerald Paul Hill, Judge. Brigid F. Cech Samole and Bethany J.M. Pandher of Greenberg Traurig, P.A., Miami; and Bridget A. Berry of Greenberg Traurig, P.A., West Palm Beach, for Appellant. Joseph W. Jacquot, Debra L. Boje, Mark J. Ragusa, and Lauren V. Purdy of Gunster, Yoakley & Stewart, P.A.",,,,,1454,
NGN_2AcrDBw,2D19-1961,2D2019-1961,True,ALBERTA S. ELLISON  vs RANDY WILLOUGHBY,2021-10-13,affirm,Affirmed and question certified.,False,False,Labrit,Labrit,True,,False,,Ralph C. Stoddard,Hillsborough," SECOND DISTRICT ALBERTA S. ELLISON, Appellant, v. RANDY WILLOUGHBY, Appellee. No. 2D19-1961 October 13, 2021 Appeal from the Circuit Court for Hillsborough County; Ralph C. Stoddard, Judge. Paul L. Nettleton of Carlton Fields, P.A., Miami; and Christine R. Davis of Carlton Fields, P.A., Tallahassee"," 13, 2021 Appeal from the Circuit Court for Hillsborough County; Ralph C. Stoddard, Judge. Paul L. Nettleton of Carlton Fields, P.A., Miami; and Christine R. Davis of Carlton Fields, P.A., Tallahassee, for Appellant. Brent Steinberg, Brandon Cathey, and Daniel L. Greene of Swope, Rodante P.A., Tampa",,,,,29730,
NHVdyw5Kg4o,23 214,2D2023-0214,True,LANDERO v. LANDERO,2024-07-19,mixed,"Affirmed in part, reversed in part, and remanded with instructions.",False,False,Smith,Smith; Rothstein-Youakim; Atkinson,False,,False,,Kevin Bruning,Manatee,"DISTRICT COURT OF APPEAL OF FLORIDA SECOND DISTRICT JAMES LANDERO, Appellant, v. JULIE LANDERO, Appellee. No. 2D2023-0214 July 19, 2024 Appeal from the Circuit Court for Manatee County; Kevin Bruning, Judge. Mark A. Sessums of Sessums Law Group, P.A., Tampa",,,,,,6471,
NKt77TMgsR4,2D19-2780,,False,,,,,,,,,,,,,,,,,,,,,,
NLOjtKG9K2E,25 0842,2D2025-0842,True,FLORIDA ASSOCIATION OF CHRISTIAN CHILD CARING AGENCIES v. THE NEW YORK TIMES COMAPANY and LAURA MOREL,2026-01-28,affirm,Affirmed.,True,True,,Kelly; Black; Rothstein-Youakim,False,,False,,Melissa Polo,Hillsborough," CHRISTIAN CHILD CARING AGENCIES, Appellant, v. THE NEW YORK TIMES COMAPANY and LAURA MOREL, Appellees. No. 2D2025-0842 January 28, 2026 Appeal from the Circuit Court for Hillsborough County; Melissa Polo, Judge. Jeremy D. Bailie and Sandford Blaine Kinne of Weber, Crabb & Wein, P.A., St. Petersburg","OREL, Appellees. No. 2D2025-0842 January 28, 2026 Appeal from the Circuit Court for Hillsborough County; Melissa Polo, Judge. Jeremy D. Bailie and Sandford Blaine Kinne of Weber, Crabb & Wein, P.A., St. Petersburg, for Appellant. Rachel E. Fugate and Giselle M. Girones of Shullman Fugate PLLC, Tampa",2D2025-0842,https://www.courtlistener.com/opinion/10780445/x/,10780445,11247059,846,
NNwrwMewlEU,2D19-1642,2D2019-1642,True,"JAMES MONEY  vs HOME PERFORMANCE  ALLIANCE, INC. AND TIME INVESTMENT COMPANY, INC.",2021-01-06,affirm,Affirmed,False,False,,Khouzam; Lucas,False,,False,,,,,,,,,,16431,
NOvxbDsw2gA,2D20 2596,2D2020-2596,True,"WILLIAM MEACHAM, ET AL  vs DAVIS & KENNEDY, P. A., ET AL",2022-02-18,affirm,Affirmed,True,False,,,False,,False,,Ralph C. Stoddard,Hillsborough,,"8, 2022 Appeal from the Circuit Court for Hillsborough County; Ralph C. Stoddard, Judge. William Barton Meacham, pro se, and for Appellant Stephanie Meacham (withdrew after briefing). Stephanie Meacham, pro se. Lan B. Kennedy-Davis and Candy L. Messersmith Rumberger of Kirk & Caldwell, P.A., Orlando",,,,,962,
NVuES6ZYRts,23 2187,2D2023-2187,True,"WALKER, HESS, et al v. BANKERS LIFE AND CASUALTY COMPANY",2024-12-04,reverse,Reversed and remanded.,False,False,Silberman,Silberman,False,,False,,Andrea McHugh,Sarasota," as personal representatives of the Estate of Fred G. Walker, Appellants, v. BANKERS LIFE AND CASUALTY COMPANY, Appellee. No. 2D2023-2187 December 4, 2024 Appeal from the Circuit Court for Sarasota County; Andrea McHugh, Judge. Gregg M. Horowitz of the Law Office of Gregg M. Horowitz, P.A., Sarasota","Y, Appellee. No. 2D2023-2187 December 4, 2024 Appeal from the Circuit Court for Sarasota County; Andrea McHugh, Judge. Gregg M. Horowitz of the Law Office of Gregg M. Horowitz, P.A., Sarasota, for Appellant. Kimberly K. Dionisio and Daniel J. Koleos of Koleos Rosenberg Dionisio PLLC, Fort Lauderdale",,,,,17814,
NWL8BeaF0_8,2D21 1096,2D2021-1096,True,"JAMES A. ARMOUR, INDIVIDUALLY AND AS TRUSTEE OF THE BAY SHORE RD TRUST, ET AL.  vs BLUEWATER BUILDING & CONSTRUCTION COMPANY",2022-03-18,affirm,Affirmed,True,False,,,False,,False,,Andrea McHugh,Sarasota,"OHIO CASUALTY INSURANCE COMPANY; PREFERRED CONTRACTORS INSURANCE COMPANY RISK RETENTION GROUP, LLC, Appellees. No. 2D21-1096 March 18, 2022 Appeal from the Circuit Court for Sarasota County; Andrea McHugh, Judge. Matthew B. Devisse and Edmond E. Koester of Coleman, Yovanovich & Koester, P.A., Naples","D21-1096 March 18, 2022 Appeal from the Circuit Court for Sarasota County; Andrea McHugh, Judge. Matthew B. Devisse and Edmond E. Koester of Coleman, Yovanovich & Koester, P.A., Naples, for Appellant. Robin P. Keener, John D. Russell, and Robert M. Stoler of Stoler Russell Keener Verona, P.A., Tampa",,,,,2300,
N_u9h5ovE0o,23 2052,,False,,,,,,,,,,,,,,,,,,,,,,
NaaDB9n-jEc,2D19 3206,2D2019-3206,True,NICOLE GENE NACHTMAN  vs STATE OF FLORIDA,2021-09-17,affirm,Affirmed,True,False,,Morris; Sleet; Labrit,False,,False,,Christopher C. Sabella,Hillsborough,"A SECOND DISTRICT NICOLE GENE NACHTMAN, Appellant, v. STATE OF FLORIDA, Appellee. No. 2D19-3206 September 17, 2021 Appeal from the Circuit Court for Hillsborough County; Christopher C. Sabella, Judge. Howard L. Dimmig, II, Public Defender and Alice B. Copek, Special Assistant Public Defender, Bartow","eal from the Circuit Court for Hillsborough County; Christopher C. Sabella, Judge. Howard L. Dimmig, II, Public Defender and Alice B. Copek, Special Assistant Public Defender, Bartow, for Appellant. Ashley Moody, Attorney General, Tallahassee; and Lindsay D. Turner, Assistant Attorney General, Tampa",,,,,877,
NcxBs2uVgxE,24 0016,2D2024-0016,True,"JAFFAN INTERNATIONAL, LLC v. RADHE KRISHNA PROPERTIES, LLC",2025-02-12,affirm,Affirmed,True,True,,Khouzam; Rothstein-Youakim; Labrit,False,,False,,Miriam Valkenburg,Hillsborough,"IDA SECOND DISTRICT JAFFAN INTERNATIONAL, LLC, Appellant, v. RADHE KRISHNA PROPERTIES, LLC, Appellee. No. 2D2024-0016 February 12, 2025 Appeal from the County Court for Hillsborough County; Miriam Valkenburg, Judge. Stephen J. Bagge of Carey, O'Malley, Whitaker, Mueller, Roberts & Smith, P.A., Tampa","2, 2025 Appeal from the County Court for Hillsborough County; Miriam Valkenburg, Judge. Stephen J. Bagge of Carey, O'Malley, Whitaker, Mueller, Roberts & Smith, P.A., Tampa, for Appellant. Ronald D. Edwards, Jr., and Michael S. Provenzale of Lowndes, Drosdick, Doster, Kantor & Reed, P.A., of Orlando",,,,,876,
NdIQACbJSAU,22 2306,2D2022-2306,True,"CERTIFIED MOTORS, LLC VS AVENTINE HILL, LLC, ET AL.",2023-09-06,reverse,Reversed - Authored Opinion ~ and remanded.,False,False,,Atkinson; Smith,False,,False,,Cheryl K. Thomas,Hillsborough,"a Florida limited liability company; and MANUEL DELGADO, JR., Appellees. No. 2D22-2306 September 6, 2023 Appeal from the Circuit Court for Hillsborough County; Cheryl K. Thomas, Judge. George A. Vaka and Nancy A. Lauten of Vaka Law Group, P.L., Tampa; and Liben M. Amedie of The Liben Law Firm, Tampa","ppeal from the Circuit Court for Hillsborough County; Cheryl K. Thomas, Judge. George A. Vaka and Nancy A. Lauten of Vaka Law Group, P.L., Tampa; and Liben M. Amedie of The Liben Law Firm, Tampa, for Appellants. Stacy D. Blank, Paul A. McDermott, and Daniel L. Buchholz of Holland & Knight LLP, Tampa",,,,,25880,
NfAFbrYijJw,22 4067,2D2022-4067,True,"BURKE, ESTATE OF JUAN ALVA RODRIGUEZ v. CYPRESS PROPERTY & CASUALTY INSURANCE COMPANY, et al.",2024-10-02,affirm,Affirmed,True,True,,Morris; Atkinson; Smith,False,,False,,Kevin R. Bruning,Sarasota,,". 2D2022-4067 October 2, 2024 Appeal from the Circuit Court for Sarasota County; Kevin R. Bruning, Judge. Valerie L. Leatherwood of Leatherwood Law Firm, P.A., Sarasota; and B.V. Dannheiser, III of Paderewski & Dannheiser, P.A., Sarasota, for Appellant. Ana D. Torres of TorresVictor, West Palm Beach",,,,,1111,
NfQmc8CjBwM,2D21 1017,2D2021-1017,True,"MICHAEL L. SCHROCK, AS TRUSTEE, ET AL.  vs KATHERINE ELAINE BUFFINGTON, ET AL.",2022-02-09,affirm,Affirmed,True,False,,Northcutt; Rothstein-Youakim; Stargel,False,,False,,Elizabeth V. Krier,Collier,"NGTON, ALAN BUFFINGTON; and THE SOMERSET OF NAPLES CONDOMINIUM ASSOCIATION, INC., Appellees. No. 2D21-1017 February 9, 2022 Appeal from the Circuit Court for Collier County; Elizabeth V. Krier, Judge. Andrew H. Reiss of Bond, Schoeneck & King, PLLC, Naples; and Jessica R. Palombi of Palombi Law, LLC",,,,,,1424,
NhZjkPLGQdM,25 0629,2D2025-0629,True,STATE OF FLORIDA v. STEVIE SWINSON,2026-01-14,affirm,Affirmed.,True,True,,Northcutt; Silberman; Kelly,False,,False,,Barbara Twine- Thomas,Hillsborough,"A SECOND DISTRICT STATE OF FLORIDA, Appellant, v. STEVIE SWINSON, Appellee. No. 2D2025-0629 January 14, 2026 Appeal from the Circuit Court for Hillsborough County; Barbara Twine- Thomas, Judge. James Uthmeier, Attorney General, Tallahassee, and Krystle Celine Cacci, Assistant Attorney General, Tampa","llee. No. 2D2025-0629 January 14, 2026 Appeal from the Circuit Court for Hillsborough County; Barbara Twine- Thomas, Judge. James Uthmeier, Attorney General, Tallahassee, and Krystle Celine Cacci, Assistant Attorney General, Tampa, for Appellant. Victoria E. Hatfield of O'Brien Hatfield, P.A., Tampa",2D2025-0629,https://www.courtlistener.com/opinion/10774272/x/,10774272,11240857,830,
Nm60wSoGQ-g,2D19-2209,2D2019-2209,True,PATTI FORTUNE AND JEREMY DOMIN  vs FIRST PROTECTIVE INSURANCE COMPANY,2020-09-04,reverse,Reversed and remanded.,False,False,Silberman,Silberman,False,,False,,,,,"hn H. Pelzer of Greenspoon Marder LLP, Fort Lauderdale; and Jeremy F. Tyler and Jonathan B. Aversano of Greyer Fuxa Tyler Attorneys at Law, Sunrise, for Appellants. Jay M. Levy and Ryan L. Marks of Jay M. Levy, P.A., Miami; and Karen D. Fultz and Phillip J. Sheehe of Sheehe & Associates, P.A., Miami",,,,,20544,
NnMr7ftJ6M0,2D19-2730,2D2019-2730,True,DAVID GOESEL  vs STATE OF FLORIDA,2020-10-30,reverse,Reversed and remand,False,False,Northcutt,Northcutt; Morris; Rothstein-Youakim,False,,False,,,," DAVID GOESEL, ) ) Appellant, ) ) v. ) Case No. 2D19-2730 ) STATE OF FLORIDA, ) ) Appellee. ) _____________________ ) Opinion filed October 30, 2020. Appeal from the Circuit Court for Sarasota County; Stephen Walker, Judge. Andrea Flynn Mogensen of Law Office of Andrea Flynn Mogensen, P.A., Sarasota","on filed October 30, 2020. Appeal from the Circuit Court for Sarasota County; Stephen Walker, Judge. Andrea Flynn Mogensen of Law Office of Andrea Flynn Mogensen, P.A., Sarasota, for Appellant. Ashley Moody, Attorney General, Tallahassee, and Katherine Coombs Cline, Assistant Attorney General, Tampa",,,,,11152,
NsuJQiZBfbg,24 1780,2D2024-1780,True,"Arc Global Investments, II, LLC, Orlando v. Digital World Acquisition Corporation, et al.",2025-04-30,dismissed,Dismissed,False,False,Rothstein-Youakim,Rothstein-Youakim; Kelly; Villanti,False,,False,,,,,,,,,,3768,
Ny7B7Ezd9_0,2D22 369,2D2022-0369,True,"ALEXANDER DAVIDSON, A MINOR BY AND THROUGH HIS PARENT, LEA DAVIDSON-BERN, HIS MOTHER vs TAMPA ELECTRIC COMPANY",2022-11-23,affirm,Affirmed,True,False,,Villanti; Lucas; Rothstein-Youakim,False,,False,,Caroline Tesche Arkin,Hillsborough,"022 Appeal from the Circuit Court for Hillsborough County; Caroline Tesche Arkin, Judge. Raymond T. Elligett, Jr., and Amy S. Farrior, of Buell & Elligett, P.A., Tampa; Lisa A. Westberry of Westberry Law Group, LLC, Tampa; and Michael W. Gaines of Law Offices of Tim Bowden, Goodlettsville, Tennessee","ond T. Elligett, Jr., and Amy S. Farrior, of Buell & Elligett, P.A., Tampa; Lisa A. Westberry of Westberry Law Group, LLC, Tampa; and Michael W. Gaines of Law Offices of Tim Bowden, Goodlettsville, Tennessee, for Appellants. Elbert L. Martin, IV, of Lau, Lane, Pieper, Conley & McCreadie, P.A., Tampa",,,,,1068,
O0qSq8m-WMI,2D22 531,2D2022-0531,True,"HENDERSON, FRANKLIN STARNES & HOLT, P. A., WILLIAM BOLTREK, I I I  vs GERALD A. MCHALE, JR., ET AL",2022-10-07,affirm,Affirmed,True,False,,Kelly; Khouzam; Sleet,False,,False,,,,"LLIAM BOLTREK, III, Appellants, v. GERALD A. MCHALE, JR., Appellee. No. 2D22-531 October 7, 2022 Appeal pursuant to Fla. R. App. P. 9.130 from the Circuit Court for Charlotte County; Geoffrey H. Gentile, Judge. Kenneth R. Drake and James Paul Brandt Roen of Demahy Labrador Drake Cabeza, Coral Gables","ber 7, 2022 Appeal pursuant to Fla. R. App. P. 9.130 from the Circuit Court for Charlotte County; Geoffrey H. Gentile, Judge. Kenneth R. Drake and James Paul Brandt Roen of Demahy Labrador Drake Cabeza, Coral Gables, for Appellants. Brent Steinberg and Jacob M. Schuster of Swope, Rodante P.A., Tampa",,,,,908,
O3A6FiMfH9w,2D19-4789,2D2019-4789,True,"ZURICH AMERICAN INS. CO.  vs DESIREE SAMSON, ET AL.",2022-01-12,mixed,Affirmed in Part/Reversed in Part and remanded.,False,False,Silberman,Silberman; Atkinson; Smith,False,,False,,Gregory P. Holder,Hillsborough,,"I, Appellees/Cross-Appellants. No. 2D19-4789 January 12, 2022 Appeal from the Circuit Court for Hillsborough County; Gregory P. Holder, Judge. Samuel B. Spinner and Hinda Klein of Conroy Simberg, Hollywood, for Appellant/Cross-Appellee. Daniel W. McKnight of William H. McKnight, Esquire, P.A., Tampa",,,,,15240,
O4SOtYXwUlI,23 2165,2D2023-2165,True,COURY v. CITY OF TAMPA,2024-11-27,affirm,Affirmed,False,False,Labrit,Labrit; Silberman; Smith,False,,False,,Anne-Leigh Gaylord Moe,Hillsborough,"TRICT COURT OF APPEAL OF FLORIDA SECOND DISTRICT JORDON COURY, Appellant, v. CITY OF TAMPA, Appellee. No. 2D2023-2165 November 27, 2024 Appeal from the Circuit Court for Hillsborough County; Anne-Leigh Gaylord Moe, Judge. Benjamin L. Crawford and Brian M. Giddings of Giddings Crawford, PLLC, Brandon","023-2165 November 27, 2024 Appeal from the Circuit Court for Hillsborough County; Anne-Leigh Gaylord Moe, Judge. Benjamin L. Crawford and Brian M. Giddings of Giddings Crawford, PLLC, Brandon, for Appellant. Andrea Zelman, City Attorney, and Ursula D. Richardson, Chief Assistant City Attorney, Tampa",,,,,27661,
O6Ys5gjs9bs,25 0009,2D2025-0009,False,,,,,,,,,,,,,,,,,,,,,,
O7Soi9RtyHg,2D21 2455,,False,,,,,,,,,,,,,,,,,,,,,,
OB-mJlH2C90,2D22 1276,2D2022-1276,True,"VENUS CONCEPT USA, INC. VS THE ANGELIC BODY, LLC, D/B/A THE ULTIMATE IMAGE COSMETIC",2023-05-03,reverse,Reversed - Authored Opinion ~ and remanded.,False,False,Smith,Smith; Rothstein-Youakim,False,Rothstein-Youakim,False,,,,"LTIMATE IMAGE COSMETIC MEDICAL CENTER, and TODD BESNOFF, M.D., Appellees. No. 2D22-1276 May 3, 2023 Appeal pursuant to Fla. R. App. P. 9.130 from the Circuit Court for Pinellas County; Amy Williams, Judge. Vincent F. Alexander and David L. Luck of Lewis Brisbois Bisgaard & Smith LLP, Fort Lauderdale","l pursuant to Fla. R. App. P. 9.130 from the Circuit Court for Pinellas County; Amy Williams, Judge. Vincent F. Alexander and David L. Luck of Lewis Brisbois Bisgaard & Smith LLP, Fort Lauderdale, for Appellant. Robert L. Rocke, Ian A. Parry, and Jodi L. Corrigan of Rocke, McLean & Sbar, P.A., Tampa",,,,,24866,
OCyAyQyXxbw,23 2674,2D2023-2674,True,VACHON v. THE TRAVELERS HOME AND MARINE INSURANCE COMPANY,2025-02-14,unknown,,False,False,Northcutt,Northcutt; Kelly; Khouzam,False,,False,,Emily A. Peacock,Hillsborough,,,,,,,11690,
OGwVcfIMrx4,2D20-181,,False,,,,,,,,,,,,,,,,,,,,,,
OJuWK8TTlYc,2D19 4755,2D2019-4755,True,"KIEREEK LEMWELL SEYMOUR, JR.  vs STATE OF FLORIDA",2022-01-07,affirm,Affirmed,True,False,,Villanti; Black; Atkinson,False,,False,,Joseph G. Foster,Collier,,"FLORIDA, Appellee. No. 2D19-4755 January 7, 2022 Appeal from the Circuit Court for Collier County; Joseph G. Foster, Judge. Peter S. Adrien of Law Offices of Peter Adrien, P.A., Miami, for Appellant. Ashley Moody, Attorney General, Tallahassee, and Ryan M. Edmiston, Assistant Attorney General, Tampa",,,,,838,
OL_o0uyt5NM,2D20 2772,2D2020-2772,True,JUSTIN HULL  vs STATE OF FLORIDA,2022-06-10,affirm,Affirmed,False,False,Labrit,Labrit,True,,False,,Samantha L. Ward,Hillsborough,"ALL HULL, Appellant, v. STATE OF FLORIDA, Appellee. No. 2D20-2772 June 10, 2022 Appeal from the Circuit Court for Hillsborough County; Samantha L. Ward, Judge. Howard L. Dimmig, II, Public Defender; Eric S. Gardner, Jr., Assistant Public Defender; and Daniel Muller, Assistant Public Defender, Bartow",,,,,,64093,
OMBtthxIEN8,2D21 1033,2D2021-1033,True,"BALM ROAD INVESTMENT, LLC, ET AL.  vs HILLSBOROUGH COUNTY BOARD OF COUNTY COMMISIONERS",2022-02-11,denied,Denied,False,False,Lucas,Lucas; Silberman; Northcutt,False,,True,Northcutt,,,,,,,,,10830,
OSQtD5B9-Nw,24 2093,,False,,,,,,,,,,,,,,,,,,,,,,
OSv00Gp_9D4,24 0868,2D2024-0868,True,"SHAIKH, M. D., DALEY, M. D., et al v. WAITE, ESTATE OF HANNAH L. WAITE",2025-06-13,affirm,Affirmed,True,True,,,False,,False,,Claudia R. Isom,Hillsborough,"ESLEY WAITE, as personal representative of the Estate of HANNAH L. WAITE, deceased, Appellee. No. 2D2024-0868 June 13, 2025 Appeal from the Circuit Court for Hillsborough County; Claudia R. Isom, Judge. Dinah S. Stein, Aneta McCleary, and Lindsey Hicks of Hicks, Porter, Ebenfeld & Stein, P.A., Miami","13, 2025 Appeal from the Circuit Court for Hillsborough County; Claudia R. Isom, Judge. Dinah S. Stein, Aneta McCleary, and Lindsey Hicks of Hicks, Porter, Ebenfeld & Stein, P.A., Miami, for Appellants. George A. Vaka of Vaka Law Group, P.L., Tampa; and C. Steven Yerrid of The Yerrid Law Firm, Tampa",,,,,1061,
OT6icUw9WIo,2D19-3419,2D2019-3419,True,"FRED ALLEN CLINTON, JR.  vs STATE OF FLORIDA",2021-03-31,affirm,Affirmed,True,False,,Atkinson; Stargel; Labrit,False,,False,,,,"RED ALLEN CLINTON, JR., ) ) Appellant, ) ) v. ) Case No. 2D19-3419 ) STATE OF FLORIDA, ) ) Appellee. ) ) Opinion filed March 31, 2021. Appeal from the Circuit Court for Pinellas County; Pat Siracusa, Judge. Howard L. Dimmig, II, Public Defender, Keith Upson, Special Assistant Public Defender, Bartow",,,,,,1222,
OTySwOTwXyc,22 1476,2D2022-1476,True,KIMBERLY MARTIN  vs CHARLES DEAN MARTIN,2023-02-22,affirm,Affirmed,True,False,,Northcutt; Khouzam; Black,False,,False,,"James S. Moody, III",Hillsborough,,,,,,,839,
OUZ4X1DNOX8,23 1802,2D2023-1802,True,"BE-1 CONCEPTS HOLDINGS, LLC v. ENDERLE, CCKG, LLC",2025-02-26,affirm,Affirmed,True,True,,Silberman; Atkinson; Smith,False,,False,,Cheryl Thomas,Hillsborough," liability company and KEVIN ENDERLE, individually, Appellees. Nos. 2D2023-1802, 2D2023-2500 CONSOLIDATED February 26, 2025 Appeal from the Circuit Court for Hillsborough County; Cheryl Thomas, Judge. John A. Schifino, Alicia Gangi, and Tiana Brockway-Horne of Gunster, Yoakley & Stewart, P.A., Tampa","NSOLIDATED February 26, 2025 Appeal from the Circuit Court for Hillsborough County; Cheryl Thomas, Judge. John A. Schifino, Alicia Gangi, and Tiana Brockway-Horne of Gunster, Yoakley & Stewart, P.A., Tampa, for Appellant. Caroleen B. Brej and David A. Wallace of Bentley Goodrich Kison P.A., Sarasota",,,,,1017,
OWDyJIpq6kE,23 0881,2D2023-0881,True,MARLETTE v. CARULLO,2025-06-13,affirm,Affirmed,True,True,,Khouzam; Black; Moe,False,,False,,Paul L. Huey,Hillsborough,,"ICT JESSICA MARLETTE, Appellant, v. ROXANNE M. CARULLO, Appellee. No. 2D2023-0881 June 13, 2025 Appeal from the Circuit Court for Hillsborough County; Paul L. Huey, Judge. Melissa A. Giasi and Erin M. Berger of Giasi Law, P.A., Tampa, for Appellant. Townsend J. Belt of Anthony & Partners, LLC, Tampa",,,,,767,
OWhsuIZx3kA,2D18 3363,,False,,,,,,,,,,,,,,,,,,,,,,
OXAO8WO8c6o,2D20-1068,2D2020-1068,True,MARY S. HECKERT  vs STEPHEN P. HECKERT,2020-12-04,affirm,Affirmed,True,False,,Lucas; Rothstein-Youakim; Smith,False,,False,,,,," ) Case No. 2D20-1068 ) STEPHEN P. HECKERT, ) ) Appellee. ) ) Opinion filed December 4, 2020. Appeal from the Circuit Court for Pinellas County; Rebecca Hamilton, Judge. Jane H. Grossman, St. Petersburg, for Appellant. Peter N. Meros of Meros, Smith, Lazzara, Brennan, & Brennan, P.A., St. Petersburg",,,,,1101,
OYp9Jj29fuE,23 2628,2D2023-2628,True,KOURIS v. SEAMAN,2024-09-20,affirm,Affirmed,True,True,,Casanueva; Silberman; Rothstein-Youakim,False,,False,,,,," Appeal pursuant to Fla. R. App. P. 9.130 from the Circuit Court for Pinellas County; Thomas M. Ramsberger, Judge. Adam M. Ludwin of Ludwin Law Group, P.A., Delray Beach, for Appellant. Shannon L. Troutman, Brandon S. Vesely, and Robert E. Biasotti of The Florida Appellate Firm, P.A., St. Petersburg",,,,,881,
OZHDgeK1kdI,23 2272,2D2023-2272,True,"FLORIDA HOMEOWNER EQUITY AND LOST PROPERTY, LLC, et al. v. FAIRCHILD and U. S. BANK, N. A.",2024-12-13,mixed,Affirmed in part; reversed in part; remanded.,False,False,Black,Black; Villanti; Rothstein-Youakim,False,,False,,Emily A. Peacock,Hillsborough,"NK NATIONAL ASSOCIATION, as Trustee for BNC Mortgage Loan Trust 2006-2, Mortgage Pass-Through Certificates Series 2006-2, Appellees. No. 2D2023-2272 December 13, 2024 Appeal from the Circuit Court for Hillsborough County; Emily A. Peacock, Judge. Kevin J. Loftus of The Loftus Firm, LLC, Jacksonville",,,,,,5100,
O_-sqQe_5y8,2D19-4046,2D2019-4046,True,STATE FARM FIRE & CASUALTY COMPANY  vs TAMMY WILSON,2021-05-21,reverse,Reversed and remanded.,False,False,Labrit,Labrit,False,,False,,,,," Pasco County; Gregory G. Groger, Judge. Anthony J. Russo and James Michael Shaw, Jr., of Butler Weihmuller Katz Craig LLP, Tampa; and Robert L. Kaleel of Kaleel & Kaleel, P.A., St. Petersburg, for Appellant. Christopher J. Bolduc and Nicholas A. Athanason of Athanason & Bolduc, P.A., St. Petersburg",,,,,42817,
Od1tdP3TRUw,25 1738,2D2025-1738,False,,,,,,,,,,,,,,,,,,,,,,
OeMW2h7duOM,23 850,2D2023-0850,True,"LESTER SPENCER AND CHRISTINE SPENCER VS FOREST RIVER, INC.",2023-12-15,affirm,Affirmed - Per Curiam Affirmed,True,True,,,False,,False,,,,"TER SPENCER AND CHRISTINE SPENCER, Appellants, v. FOREST RIVER, INC., Appellee. No. 2D23-850 December 15, 2023 Appeal pursuant to Fla. R. App. P. 9.130 from the County Court for Hillsborough County; Michael J. Hooi, Judge. Patrick J. Cremeens and Jeanne M. Cremeens of Cremeens Law Group, PLLC, Tampa","23-850 December 15, 2023 Appeal pursuant to Fla. R. App. P. 9.130 from the County Court for Hillsborough County; Michael J. Hooi, Judge. Patrick J. Cremeens and Jeanne M. Cremeens of Cremeens Law Group, PLLC, Tampa, for Appellants. John J. Glenn and Amanda N. Rumker of AndersonGlenn, LLP, Boca Raton",,,,,927,
Ogr_d43kXvQ,25 0001,2D2025-0001,True,"JOSE LEONARDO COSME, JR. v. STATE OF FLORIDA",2026-05-22,reverse,Reversed and remanded for a new trial.,False,False,Khouzam,Khouzam; Northcutt; Villanti,False,,False,,Joshua Riba,Pasco,"DISTRICT COURT OF APPEAL OF FLORIDA SECOND DISTRICT JOSE LEONARDO COSME, JR., Appellant, v. STATE OF FLORIDA, Appellee. No. 2D2025-0001 May 22, 2026 Appeal from the Circuit Court for Pasco County; Joshua Riba, Judge. Matthew R. McLain of McLain Law, P.A., Longwood",", v. STATE OF FLORIDA, Appellee. No. 2D2025-0001 May 22, 2026 Appeal from the Circuit Court for Pasco County; Joshua Riba, Judge. Matthew R. McLain of McLain Law, P.A., Longwood, for Appellant. James Uthmeier, Attorney General, Tallahassee, and Krystle Celine Cacci, Assistant Attorney General, Tampa",2D2025-0001,https://www.courtlistener.com/opinion/10863227/x/,10863227,11330664,17355,
Ohx4PCwpHRw,2D20-844,,False,,,,,,,,,,,,,,,,,,,,,,
OjqA7cA1GG0,23 2239,2D2023-2239,True,"U.S. BANK HOME MORTGAGE, U.S. BANK NATIONAL ASSOCIATION v. BOIVIN, VANDERBURG, et al",2025-02-14,reverse,Reversed and remanded.,False,False,Morris,Morris; Kelly; Lucas,False,,False,,Amy Williams,Pinellas,"; THERESA L. BOIVIN; WILLIAM O. VANDERBURG; TIFFANY L. VANDERBURG; MR. LOWE LLC; and CITY OF LARGO, Appellees. No. 2D2023-2239 February 14, 2025 Appeal from the Circuit Court for Pinellas County; Amy Williams, Judge. David Rosenberg of Robertson, Anschutz, Schneid, Crane & Partners, PLLC, Boca Raton","OWE LLC; and CITY OF LARGO, Appellees. No. 2D2023-2239 February 14, 2025 Appeal from the Circuit Court for Pinellas County; Amy Williams, Judge. David Rosenberg of Robertson, Anschutz, Schneid, Crane & Partners, PLLC, Boca Raton, for Appellant. Thomas O. Michaels of Thomas O. Michaels, P.A., Dunedin",,,,,23036,
Ol7EFmUQeOM,22 2451,2D2022-2451,True,"RICHARD MIRANDA VS CITY OF ST. PETERSBURG, ET AL",2023-06-07,affirm,Affirmed - Per Curiam Affirmed,True,True,,,False,,False,,Thomas Ramsberger,Pinellas,"lly; KAREN EICHLER, individually; CANDACE MARKLIN, individually; WILLIAM BURRIS, individually; and LUKE WILLIAMS, individually, Appellees. No. 2D22-2451 June 7, 2023 Appeal from the Circuit Court for Pinellas County; Thomas Ramsberger, Judge. Patrice A. Pucci of Patrice A. Pucci, P.A., St Petersburg","ndividually, Appellees. No. 2D22-2451 June 7, 2023 Appeal from the Circuit Court for Pinellas County; Thomas Ramsberger, Judge. Patrice A. Pucci of Patrice A. Pucci, P.A., St Petersburg, for Appellant. Joseph P. Patner of the Office of the City Attorney for the City of St. Petersburg, St. Petersburg",,,,,1004,
OlcHlHHbPuo,25 0635,2D2025-0635,False,,,,,,,,,,,,,,,,,,,,,,
Oq-1yCS3WfA,22 1464,2D2022-1464,True,FRED NAJJAR VS STATE OF FLORIDA,2024-01-26,affirm,Affirmed - Per Curiam Affirmed,True,True,,Casanueva; Khouzam; Black,False,,False,,Pat Siracusa,Pinellas,,"IDA, Appellee. No. 2D22-1464 January 26, 2024 Appeal from the Circuit Court for Pinellas County; Pat Siracusa, Judge. J. Andrew Crawford of J. Andrew Crawford, P.A., St. Petersburg, for Appellant. Ashley Moody, Attorney General, Tallahassee, and James A. Hellickson, Assistant Attorney General, Tampa",,,,,820,
OscCeQT4ssE,2D20 2640,2D2020-2640,True,"RAISA PETROLEUM, INC.  vs KOLIN KAYJ, ET AL",2021-06-30,affirm,Affirmed,True,False,,Kelly; Villanti; Atkinson,False,,False,,Patricia A. Muscarella,Pinellas,"ICT COURT OF APPEAL OF FLORIDA SECOND DISTRICT RAISA PETROLEUM, INC., Appellant, v. KOLIN KAYJ, LB-AMNIA 14, LLC, and PINELLAS COUNTY COURT CLERK, Appellees Case No. 2D20-2640 June 30, 2021 Appeal from the Circuit Court for Pinellas County; Patricia A. Muscarella, Judge. Joseph Stern, Pembroke Pines"," LB-AMNIA 14, LLC, and PINELLAS COUNTY COURT CLERK, Appellees Case No. 2D20-2640 June 30, 2021 Appeal from the Circuit Court for Pinellas County; Patricia A. Muscarella, Judge. Joseph Stern, Pembroke Pines, for Appellant. Russell L. Cheatham III of Law Office of Russell L. Cheatham III, Tierra Verde",,,,,938,
Ox4CjmjTonA,25 0486,2D2025-0486,True,UNIVERSAL PROPERTY & CASUALTY INSURANCE COMPANY v. JONATHAN C. TIRADO and DESTINY A. TIRADO,2026-02-25,affirm,Affirmed.,True,True,,,False,,False,,Kimberly Sharpe Byrd,Pasco," PROPERTY & CASUALTY INSURANCE COMPANY, Appellant, v. JONATHAN C. TIRADO and DESTINY A. TIRADO, Appellees. No. 2D2025-0486 February 25, 2026 Appeal from the Circuit Court for Pasco County; Kimberly Sharpe Byrd, Judge. David A. Noel and Kara Rockenbach Link of Link & Rockenbach, P.A., West Palm Beach",". TIRADO and DESTINY A. TIRADO, Appellees. No. 2D2025-0486 February 25, 2026 Appeal from the Circuit Court for Pasco County; Kimberly Sharpe Byrd, Judge. David A. Noel and Kara Rockenbach Link of Link & Rockenbach, P.A., West Palm Beach, for Appellant. Mark A. Nation of The Nation Law Firm, Longwood",2D2025-0486,https://www.courtlistener.com/opinion/10800198/x/,10800198,11266874,810,
Oy1T-QgBF6s,24 0253,2D2024-0253,True,"Stevens, Stevens v. Florida Peninsula Insurance Company",2025-08-29,affirm,Affirmed,False,False,Khouzam,Khouzam,False,,False,,Thomas M. Ramsberger,Pinellas,"RIDA SECOND DISTRICT LORETTA STEVENS and GORDON STEVENS, Appellants, v. FLORIDA PENINSULA INSURANCE COMPANY, Appellee. No. 2D2024-0253 August 29, 2025 Appeal from the Circuit Court for Pinellas County; Thomas M. Ramsberger, Judge. Mark A. Nation and Paul W. Pritchard of the Nation Law Firm, Longwood",,,,,,65500,
Oy3GYlUxN7Y,2D20 2714,2D2020-2714,True,"PHILIP MORRIS USA, INC. AND R. J. REYNOLDS TOBACCO COMPANY VS KEVIN DUIGNAN, PERSONAL REPRESENTATIVE OF THE ESTATE OF",2023-05-05,reverse,Reversed - Authored Opinion ~ and remanded. **ON REMAND FROM THE FLORIDA SUPREME COURT**,False,False,,Kelly; Labrit,False,,False,,Thomas M. Ramsberger,Pinellas,,"enderson, P.A, Tampa, for Appellant R.J. Reynolds Tobacco Company. David J. Sales and Daniel R. Hoffman of David J. Sales, P.A., Sarasota; Gary M. Paige and Cassandra Lombard of Gordon & Partners, P.A., Davie; and James W. Gustafson, Jr. of Searcy Denney Scarola Barnhart & Shipley, P.A., Tallahassee",,,,,29402,
OzvgYY_DNm8,2D20 3132,2D2020-3132,True,"VIRGINIA MIRRO  vs FREEDOM BOAT CLUB, L L C, ET AL",2021-10-15,reverse,Reversed and remanded with instructions.,False,False,Khouzam,Khouzam,False,,False,,Edward Nicholas,Manatee,"a Florida corporation; HIGHWATER MARINE, LLC, a foreign corporation; BEARCAT CORPORATION, INC., a foreign corporation, Appellees. No. 2D20-3132 October 15, 2021 Appeal from the Circuit Court for Manatee County; Edward Nicholas, Judge. Catherine Saylor and Jacob J. Munch of Munch & Munch, P.A., Tampa"," foreign corporation, Appellees. No. 2D20-3132 October 15, 2021 Appeal from the Circuit Court for Manatee County; Edward Nicholas, Judge. Catherine Saylor and Jacob J. Munch of Munch & Munch, P.A., Tampa, for Appellant. Michael J. Dono and David N. Gambach of Hamilton, Miller & Birthisel, LLP, Miami",,,,,9215,
P3bPNDhKrfs,2D21 205,2D2021-0205,True,"THE KIDWELL GROUP, LLC, D/ B/ A AIR QUALITY ASSESSORS OF FLORIDA , A/ A/ O ROBERT AND MAUREEN MUCCIACCIO vs AMERICAN INTEGRITY INSURANCE COMPANY OF FLORIDA",2022-09-16,affirm,Affirmed,False,False,,Casanueva; Smith,False,,False,,John L. Burns,Charlotte,"/a Air Quality Assessors of Florida, a/a/o Robert and Maureen Mucciaccio, Appellant, v. AMERICAN INTEGRITY INSURANCE COMPANY OF FLORIDA, Appellee. No. 2D21-205 September 16, 2022 Appeal from the County Court for Charlotte County; John L. Burns, Judge. Chad A. Barr of Chad Barr Law, Altamonte Springs",,,,,,25954,
PAPqMXyNjj8,2D20-412,2D2020-0412,True,"MARY ST. GERMAIN  vs U. S. BANK NATIONAL ASSOC., AS TRUSTEE",2021-03-05,affirm,Affirmed,True,False,,,False,,False,,,,") Trustee for Structured Asset Securities ) Corporation Mortgage Pass-Through ) Certificate, Series 2006-AM1, ) ) Appellee. ) ) Opinion filed March 5, 2021. Appeal from the Circuit Court for Pasco County; Declan P. Mansfield, Judge. Ronald D. Waller of Law Office of Roland D. Waller, New Port Richey",,,,,,1338,
PAu2GDcTW24,2D21 1247,2D2021-1247,True,RONALD LOWERY  vs ALMA JEAN LOWERY,2021-12-03,affirm,Affirmed,True,False,,Villanti; Khouzam; Rothstein-Youakim,False,,False,,Wesley D. Tibbals,Hillsborough,"DISTRICT COURT OF APPEAL OF FLORIDA SECOND DISTRICT RONALD LOWERY, Appellant, v. ALMA JEAN LOWERY, Appellee. No. 2D21-1247 December 3, 2021 Appeal from the Circuit Court for Hillsborough County; Wesley D. Tibbals, Judge. J. Stanford Lifsey of J. Stanford Lifsey, P.A., Tampa","A SECOND DISTRICT RONALD LOWERY, Appellant, v. ALMA JEAN LOWERY, Appellee. No. 2D21-1247 December 3, 2021 Appeal from the Circuit Court for Hillsborough County; Wesley D. Tibbals, Judge. J. Stanford Lifsey of J. Stanford Lifsey, P.A., Tampa, for Appellant. David Townsend of Townsend & Brannon, Tampa",,,,,833,
PBC41OMPLFE,2D21 833,2D2021-0833,True,"SOUTH FLORIDA WATER MANAGEMENT DISTRICT  vs P. V. RANCH, LLC",2021-10-15,affirm,Affirmed,True,False,,Casanueva; Khouzam; Lucas,False,,False,,,,"TRICT SOUTH FLORIDA WATER MANAGEMENT DISTRICT, Appellant, v. P.V. RANCH, LLC, Appellee. No. 2D21-833 October 15, 2021 Appeal pursuant to Fla. R. App. P. 9.130 from the Circuit Court for Glades County; James D. Sloan, Judge. James W. Sherman of South Florida Water Management District, West Palm Beach","tober 15, 2021 Appeal pursuant to Fla. R. App. P. 9.130 from the Circuit Court for Glades County; James D. Sloan, Judge. James W. Sherman of South Florida Water Management District, West Palm Beach, for Appellant. John M. Jorgensen of Scott, Harris, Bryan, Barra & Jorgensen, P.A., Palm Beach Gardens",,,,,867,
PBhfHrR4CXE,2D20 1860,2D2020-1860,True,"SHARON MUNSON AND RANDALL MUNSON  vs P P TRANSITION, L P, ET AL.",2021-12-22,affirm,Affirmed,True,False,,Sleet; Labrit; Kelly,True,,False,,Linda R. Allan,Pinellas,"SADENA HOSPITAL, LP, d/b/a PALMS OF PASADENA HOSPITAL, Appellee. No. 2D20-1860 December 22, 2021 Appeal from the Circuit Court for Pinellas County; Linda R. Allan, Judge. Annabel C. Majewski of Wasson & Associates, Chartered, Miami; and Marjorie Chalfant, of The Nurse Attorney, P.A., University Park","bel C. Majewski of Wasson & Associates, Chartered, Miami; and Marjorie Chalfant, of The Nurse Attorney, P.A., University Park, for Appellants. Dinah Stein and Gary Magnarini of Hicks, Porter, Ebenfeld & Stein, P.A., Miami; and Thomas Saieva and Lesley Stine of La Cava, Jacobson & Goodis, P.A., Tampa",,,,,1189,
PDG6y0twde4,2D20-3097,,False,,,,,,,,,,,,,,,,,,,,,,
PFaoQhxqqqg,2D19-4280,,False,,,,,,,,,,,,,,,,,,,,,,
PG1eLxFZomY,2D20-620,2D2020-0620,True,"DANIEL SHELATZ AND ALLYN SHELATZ  vs PUNTA GORDA H M A, INC., D/B/A BAYFRONT HEALTH PUNTA GORDA",2021-01-20,affirm,Affirmed,True,False,,Morris; Sleet; Lucas,False,,False,,,,"EALTH PUNTA GORDA, ) ) Appellee. ) ) Opinion filed January 20, 2021. Appeal from the Circuit Court for Charlotte County; Lisa Porter, Judge. Christopher D. Gray, Wolfgang M. Florin, and Hunter A. Higdon of Florin, Gray, Bouzas, Owens, LLC, Lutz; and Patrick M. Chidnese of Holland & Knight LLC, Tampa","unty; Lisa Porter, Judge. Christopher D. Gray, Wolfgang M. Florin, and Hunter A. Higdon of Florin, Gray, Bouzas, Owens, LLC, Lutz; and Patrick M. Chidnese of Holland & Knight LLC, Tampa, for Appellants. Jason M. Azzarone, Kari K. Jacobson, and, A. Kevin Houston of LaCava Jacobson Goodis, P.A., Tampa",,,,,1227,
PMtoS629_nM,2D21 491,2D2021-0491,True,"CONSTANCE LOUISE DEATON  vs TIMOTHY LEE DEATON, AS TRUSTEE OF THE DEATON LIVING TRUST, ET AL",2021-12-15,affirm,Affirmed,True,False,,Silberman; Villanti; Rothstein-Youakim,False,,False,,Keith R. Kyle,Lee,"ee of the Deaton Living Trust, and as trustee of the Constance Deaton Special Needs Trust; and TIMOTHY DEATON, individually; and CHRISTINE LYN DEATON MCLAREN, Appellees. No. 2D21-491 December 15, 2021 Appeal from the Circuit Court for Lee County; Keith R. Kyle, Judge. Frank P. Murphy, Bonita Springs"," the Circuit Court for Lee County; Keith R. Kyle, Judge. Frank P. Murphy, Bonita Springs, for Appellant. Christopher J. DeCosta of Mahshie & DeCosta, P.A., Fort Myers, for Appellee Timothy Lee Deaton. Scott A. Beatty and C. Richard Mancini of Henderson, Franklin, Starnes & Holt, P.A., Bonita Springs",,,,,1147,
PMvnvsMgOrA,24 2719,2D2024-2719,True,Carroll v. Carroll,2025-04-23,affirm,Affirmed,True,True,,Sleet; Black; Moe,False,,False,,,,,,,,,,831,
PPF_JC3xLJ8,2D20-36,2D2020-0036,True,RODOLFO MENDOZA AND BRUNILDA CRUZ  vs SECURITY FIRST INSURANCE CO.,2021-04-30,affirm,Affirmed,True,False,,Silberman; Kelly; Sleet,False,,False,,,,"ODOLFO MENDOZA and BRUNILDA ) CRUZ, ) ) Appellants, ) ) v. ) Case No. 2D20-36 ) SECURITY FIRST INSURANCE CO., ) ) Appellee. ) ) Opinion filed April 30, 2021. Appeal from the Circuit Court for Hillsborough County; Gregory P. Holder, Judge. Melissa A. Giasi and Erin M. Berger of Giasi Law, P.A., Tampa","NSURANCE CO., ) ) Appellee. ) ) Opinion filed April 30, 2021. Appeal from the Circuit Court for Hillsborough County; Gregory P. Holder, Judge. Melissa A. Giasi and Erin M. Berger of Giasi Law, P.A., Tampa, for Appellants. Therese A. Savona and Alexandra Valdes of Cole, Scott & Kissane, P.A., Orlando",,,,,1200,
PPcWZuWSFkY,2D19-4910,2D2019-4910,True,STEPHEN GRIMME  vs ANNE YARO,2020-11-18,affirm,Affirmed,True,False,,Silberman; Morris; Lucas,False,,False,,,,"MME, ) ) Appellant, ) ) v. ) Case No. 2D19-4910 ) ANNE YARO, ) ) Appellee. ) ___________________________________) Opinion filed November 18, 2020. Appeal from the Circuit Court for Pinellas County; Donald E. Horrox, Acting Circuit Judge. Donald F. Tinny of Tinny, Meyer & Piccarreto, P.A., Clearwater",,,,,,1100,
PPl24ObZNAE,2D20 2173,2D2020-2173,True,"THEODORE WEINER  vs ALROB ASSOCIATES, ET AL",2021-06-02,affirm,Affirmed,True,False,,Silberman; Black; Sleet,False,,False,,Keith R. Kyle,Lee,"dividual; and THEODORE WEINER and KENNETH WEINER, as co-trustees of the Robert Weiner Revocable Living Trust dated 11/9/1993, Appellees. No. 2D20-2173 June 2, 2021 Appeal from the Circuit Court for Lee County; Keith R. Kyle, Judge. Kelsey L. Hazzard and Todd B. Allen of Lindsay & Allen, PLLC, Naples"," the Robert Weiner Revocable Living Trust dated 11/9/1993, Appellees. No. 2D20-2173 June 2, 2021 Appeal from the Circuit Court for Lee County; Keith R. Kyle, Judge. Kelsey L. Hazzard and Todd B. Allen of Lindsay & Allen, PLLC, Naples, for Appellant. Mark C. Anderson of Anderson Law, PLLC, Fort Myers",,,,,1323,
PQA1HUm4ixk,2D20-2305,2D2020-2305,True,"THE ESTATE OF GRACE QUINN BY AND THROUGH BARBARA ECK, PERSONAL REPRESENTATIVE vs CCRC OPCO FREEDOM SQUARE LLC, ET AL",2021-05-05,dismissed,Dismissed,False,False,,Smith; Stargel,False,,False,,,,,,,,,,15967,
PSY5Y0qjgbo,23 0662,2D2023-0662,True,"MEYER, WILLIAMS v. MEYER, DEPT. OF TRANSPORTATION",2025-02-19,affirm,Affirmed,True,True,,Northcutt; Villanti; Morris,False,,False,,,," and DOUG BELDEN OR DESIGNEE, Appellees. No. 2D2023-0662, 2D2023-0836, 2D2024-0390 CONSOLIDATED February 19, 2025 Appeals from the Circuit Court for Hillsborough County; Emily Peacock and Christopher C. Nash, Judges. Jean M. Henne of Jean M. Henne, P.A., Winter Haven; and David W. Holloway, Seminole",", 2D2024-0390 CONSOLIDATED February 19, 2025 Appeals from the Circuit Court for Hillsborough County; Emily Peacock and Christopher C. Nash, Judges. Jean M. Henne of Jean M. Henne, P.A., Winter Haven; and David W. Holloway, Seminole, for Appellants. Elizabeth S. Wheeler of Berg & Wheeler, P.A Brandon",,,,,1230,
PVNNbkoUVaw,2D20 1765,2D2020-1765,True,GARY ANTHONY PENTON  vs STATE OF FLORIDA,2021-07-02,affirm,Affirmed,True,False,,Kelly; Villanti; Atkinson,False,,False,,Kimberly Campbell,Pasco,"APPEAL OF FLORIDA SECOND DISTRICT GARY ANTHONY PENTON, Appellant, v. STATE OF FLORIDA, Appellee. No. 2D20-1765 July 2, 2021 Appeal from the Circuit Court for Pasco County; Kimberly Campbell, Judge. Howard L. Dimmig, II, Public Defender, and Nicholas Martino, Special Assistant Public Defender, Bartow","021 Appeal from the Circuit Court for Pasco County; Kimberly Campbell, Judge. Howard L. Dimmig, II, Public Defender, and Nicholas Martino, Special Assistant Public Defender, Bartow, for Appellant. Ashley Moody, Attorney General, Tallahassee, and Laurie Benoit- Knox, Assistant Attorney General, Tampa",,,,,863,
PZoXytIxiDs,2D21 85,2D2021-0085,True,"PROGRESSIVE AMERICAN INSURANCE COMPANY  vs SHAZAM AUTO GLASS, LLC, A/ A/ O AMANDA STEPHENS",2022-11-04,reverse,Reversed and remanded for further proceedings.,False,False,Sleet,Sleet; Atkinson; Stargel,False,,False,,,,"archezini, Rolando Rodriguez, and Jerri Lewis, Appellee. Nos. 2D21-58, 2D21-85 CONSOLIDATED November 4, 2022 Appeals pursuant to Fla. R. App. P. 9.130 from the County Court for Hillsborough County; James S. Moody, III, Judge. Alexandra Valdes and Kurt T. Koehler of Cole, Scott & Kissane, P.A., Miami"," November 4, 2022 Appeals pursuant to Fla. R. App. P. 9.130 from the County Court for Hillsborough County; James S. Moody, III, Judge. Alexandra Valdes and Kurt T. Koehler of Cole, Scott & Kissane, P.A., Miami, for Appellant. Joseph R. Dawson of Law Offices of Joseph R. Dawson, P.A., Fort Lauderdale",,,,,25374,
PZw-uFxqBNk,25 0557,2D2025-0557,True,"ELVIRA KAHRIMANOVIC v. THE ILLAS GROUP, INC., d.b.a. McDonald's Restaurants, a",2026-06-03,affirm,Affirmed.,True,True,,,False,,False,,Jennifer Gabbard,Hillsborough,"Appellant, v. THE ILLAS GROUP, INC., d.b.a. McDonald's Restaurants, a Florida for profit corporation, Appellee. No. 2D2025-0557 June 3, 2026 Appeal from the Circuit Court for Hillsborough County; Jennifer Gabbard, Judge. David M. Caldevilla of de la Parte, Gilbert, McNamara & Caldevilla, P.A., Tampa","ppellee. No. 2D2025-0557 June 3, 2026 Appeal from the Circuit Court for Hillsborough County; Jennifer Gabbard, Judge. David M. Caldevilla of de la Parte, Gilbert, McNamara & Caldevilla, P.A., Tampa, for Appellant. George M. Duncan and Chris I. Hall of Garrison, Yount, Forte, & Mulcahy, L.L.C., Tampa",2D2025-0557,https://www.courtlistener.com/opinion/10869430/x/,10869430,11336887,876,
P_0kOl2VRSM,22 1109,2D2022-1109,True,JAMES STRADER VS STATE OF FLORIDA,2023-09-01,affirm,Affirmed - Per Curiam Affirmed,True,True,,Black; Atkinson; Smith,False,,False,,Frederick P. Mercurio,Manatee,"DISTRICT COURT OF APPEAL OF FLORIDA SECOND DISTRICT JAMES STRADER, Appellant, v. STATE OF FLORIDA, Appellee No. 2D22-1109 September 1, 2023 Appeal from the Circuit Court for Manatee County; Frederick P. Mercurio, Judge. Ronald J. Filipkowski, Sarasota"," Circuit Court for Manatee County; Frederick P. Mercurio, Judge. Ronald J. Filipkowski, Sarasota, for Appellant. Ashley Moody, Attorney General, Tallahassee, and Katherine Coombs Cline, Assistant Attorney General; Taylor A. Schell, Assistant Attorney General, Tampa) substituted as counsel of record)",,,,,877,
PdVR_bkSr0U,24 0434,2D2024-0434,True,"PUBLIX SUPER MARKETS, INC. v. LEVI",2024-12-13,reverse,Reversed and remanded.,False,False,Rothstein-Youakim,Rothstein-Youakim; Villanti; Black,False,,False,,,,," No. 2D2024-0434 December 13, 2024 Appeal pursuant to Fla. R. App. P. 9.130 from the Circuit Court for Pinellas County; Amy M. Williams, Judge. Diane G. DeWolf and Nancy M. Wallace of Akerman LLP, Tallahassee, for Appellant. Robert S. Jones, II, and Heath C. Murphy of Jones Law Group, St. Petersburg",,,,,7557,
Phl0PHaR214,2D20 2437,2D2020-2437,True,"PLANTATION HOMEOWNERS, INC.  vs RYAN MUNSON",2021-05-26,dismissed,Dismissed,True,False,,,False,,False,,,,,,,,,,1242,
Pjn-Wu_BQ4I,22 1521,2D2022-1521,True,"WILLIAM ALLISON VS THE GRAND AT OLDE CARROLLWOOD CONDOMINIUM ASSOCIATION, INC.",2023-08-18,reverse,Reversed - Authored Opinion ~ and remanded.,False,False,Silberman,Silberman; Sleet; Morris,False,,False,,Cheryl K. Thomas,Hillsborough,," August 18, 2023 Appeal from the Circuit Court for Hillsborough County; Cheryl K. Thomas, Judge. Jonathan J. Ellis, Duane A. Daiker, and Junior Ambeau of Shumaker, Loop & Kendrick, LLP, Tampa, for Appellant/Cross-Appellee. Elaine D. Walter and Yvette Lavelle of Boyd Richards Parker Colonnelli, Miami",,,,,16193,
PnGfClbIBYE,22 1281,2D2022-1281,True,R. J. REYNOLDS TOBACCO COMPANY VS JOSEPH L. RUTKOWSKI AND BARBARA J. RUTKOWSKI,2023-06-14,affirm,Affirmed - Per Curiam Affirmed,True,True,,Villanti; Black; Smith,False,,False,,Rex M. Barbas,Hillsborough,"A J. RUTKOWSKI, Appellees. No. 2D22-1281 June 14, 2023 Appeal from the Circuit Court for Hillsborough County; Rex M. Barbas, Judge. Charles R.A. Morse of Jones Day, New York, New York, Brian C. Lea of Jones Day, Atlanta, Georgia, and Troy A. Fuhrman and Marie A. Borland of Hill Ward Henderson, Tampa","Marie A. Borland of Hill Ward Henderson, Tampa, for Appellant. Gary Paige and Cassandra Lombard of Gordon & Partners, P.A., Plantation, Celene H. Humphries of Celene H. Humphries, PLLC, Spring City, Tennessee, and James W. Gustafson, Jr. of Searcy Denney Scarola Barnhart & Shipley, P.A., Tallahassee",,,,,1072,
PtjB5uuKMWA,2D19-147,2D2019-0147,True,JAMES S. DUNCAN  vs STATE OF FLORIDA,2021-01-27,affirm,Affirmed,True,False,,Morris; Sleet; Lucas,False,,False,,,,"CT JAMES SILVO DUNCAN, ) ) Appellant, ) ) v. ) Case No. 2D19-147 ) Case No. 2D20-2334 STATE OF FLORIDA, ) ) CONSOLIDATED Appellee. ) ) Opinion filed January 27, 2021. Appeal from the Circuit Court for Pinellas County; Michael F. Andrews, Judge. Lisabeth J. Fryer of Lisabeth J. Fryer, P.A. of Sanford",,,,,,1367,
Pv0yYjEaF6Y,2D19-80,2D2019-0080,True,"JAMES CLINTON MOORE, IV  vs STATE OF FLORIDA",2021-01-13,affirm,Affirmed,True,False,,Northcutt; Atkinson; Stargel,False,,False,,,,", IV, ) ) Appellant, ) ) v. ) Case No. 2D19-80 ) STATE OF FLORIDA, ) ) Appellee. ) ) Opinion filed January 13, 2021. Appeal from the Circuit Court for Charlotte County; George Richards, Judge. Howard L. Dimmig, II, Public Defender, and Christopher E. Cosden, Special Assistant Public Defender, Bartow",,,,,,1261,
PzdGDQbq2Eo,2D21 1605,2D2021-1605,True,"DAVID RAMSEY  vs TRUSTEES OF MEASE HOSPITAL, INC., ET AL.",2022-03-18,affirm,Affirmed,True,False,,,False,,False,,Thomas Ramsberger,Pinellas,"ORIDA SECOND DISTRICT DAVID RAMSEY, Appellant, v. TRUSTEES OF MEASE HOSPITAL, INC., d/b/a MEASE DUNEDIN HOSPITAL, Appellee. No. 2D21-1605 March 18, 2022 Appeal from the Circuit Court for Pinellas County; Thomas Ramsberger, Judge. Kennan G. Dandar and Timothy M. Dandar of Dandar & Dandar, P.A., Tampa","DUNEDIN HOSPITAL, Appellee. No. 2D21-1605 March 18, 2022 Appeal from the Circuit Court for Pinellas County; Thomas Ramsberger, Judge. Kennan G. Dandar and Timothy M. Dandar of Dandar & Dandar, P.A., Tampa, for Appellant. Todd A. Jennings and James Martin of Macfarlane Ferguson & McMullen, Clearwater",,,,,852,
Q-5siKRjfrQ,2D21 3270,2D2021-3270,True,"AMERICAN HOME ASSURANCE COMPANY  vs JOHN  ROBERT SEBO, INDIVIDUALLY & TRUSTEE",2022-12-05,denied,Denied,False,False,Casanueva,Casanueva; Stargel; Labrit,False,,False,,,,,,,,,,24069,
Q95-Iv8LXBs,24 1332,2D2024-1332,True,"Florida Homeowner Equity and Lost Property, LLC v. Fairchild",2025-08-29,affirm,Affirmed,False,False,Moe,Moe,False,,False,,Emily A. Peacock,Hillsborough,"BANK NATIONAL ASSOCIATION, as Trustee for BNC Mortgage Loan Trust 2006-2, Mortgage Pass-Through Certificates Series 2006-2, Appellees. No. 2D2024-1332 August 29, 2025 Appeal from the Circuit Court for Hillsborough County; Emily A. Peacock, Judge. Kevin J. Loftus of The Loftus Firm, LLC, Jacksonville",", Mortgage Pass-Through Certificates Series 2006-2, Appellees. No. 2D2024-1332 August 29, 2025 Appeal from the Circuit Court for Hillsborough County; Emily A. Peacock, Judge. Kevin J. Loftus of The Loftus Firm, LLC, Jacksonville, for Appellant. Matthew D. Weidner of Weidner Law, P.A., St. Petersburg",,,,,8433,
QAl5tKz1Z7k,2D20 3206,2D2020-3206,True,"MARK T. PULTE, PERSONAL REPRESENTATIVE  vs THE NEW COMMON SCHOOL FOUNDATION",2022-01-28,reverse,Reversed and remanded with directions; conflict certified.,False,False,Rothstein-Youakim,Rothstein-Youakim; Morris; Khouzam,False,,False,,Lauren L. Brodie,Collier,,,,,,,11459,
QGKW6t_MYMk,25 2263,2D2025-2263,True,"CAROLYN HOSKINS and LOLITA E. JOHNS, her wife v. JENNA HARRISON, D.O., and WOMEN'S CARE FLORIDA, LLC",2026-04-22,dismissed,Dismissed.,False,False,Khouzam,Khouzam; Northcutt; Villanti,False,,False,,,,,,2D2025-2263,https://www.courtlistener.com/opinion/10846584/x/,10846584,11313951,7022,
QN0Jv0j5gRM,24 1345,2D2024-1345,False,,,,,,,,,,,,,,,,,,,,,,
QOhLowABGPw,22 2700,2D2022-2700,True,"DECHOKER, LLC  vs PIPELINE COMMUNICATIONS, LLC",2023-03-29,affirm,Affirmed,True,False,,Villanti; Lucas; Smith,False,,False,,George M. Jirotka,Pinellas,,"OKER, LLC, Appellant, v. PIPELINE COMMUNICATIONS, LLC, Appellee. No. 2D22-2700 March 29, 2023 Appeal from the Circuit Court for Pinellas County; George M. Jirotka, Judge. Joseph P. Kenny of Weber, Crabb & Wein, P.A., Saint Petersburg, for Appellant. Robert J. Lindeman of Marcadis Singer, P.A., Tampa",,,,,773,
QQvp7yNM_FA,23 2367,2D2023-2367,True,"EREBUS, LLC v. UNION CREDIT LEASING CORPORATION",2024-12-06,affirm,Affirmed,True,True,,Kelly; Morris; Lucas,False,,False,,Mark R. Wolfe,Hillsborough," SECOND DISTRICT EREBUS, LLC, Appellant, v. UNION CREDIT LEASING CORPORATION, Appellee. No. 2D2023-2367 December 6, 2024 Appeal from the Circuit Court for Hillsborough County; Mark R. Wolfe, Judge. John A. Schifino, Lauren V. Purdy, and Tiana Brockway-Horne of Gunster, Yoakley & Stewart, P.A., Tampa","ber 6, 2024 Appeal from the Circuit Court for Hillsborough County; Mark R. Wolfe, Judge. John A. Schifino, Lauren V. Purdy, and Tiana Brockway-Horne of Gunster, Yoakley & Stewart, P.A., Tampa, for Appellant. Hilda Piloto of Saul Ewing LLP Miami; and Hal R. Morris of Saul Ewing LLP, Chicago, Illinois",,,,,890,
QRGgXMUCbeY,2D19-3247,,False,,,,,,,,,,,,,,,,,,,,,,
QUgZnRNZIMA,2D19-4024,,False,,,,,,,,,,,,,,,,,,,,,,
QYZcM2P4Tqk,2D21 274,2D2021-0274,True,"PROGRESSIVE SELECT INSURANCE COMPANY  vs KAGAN JUGAN & ASSOCIATES, P. A.",2022-03-02,reverse,Reversed and remanded.,False,False,,Sleet; Atkinson,False,,False,,Devin S. George,Lee,"A SECOND DISTRICT PROGRESSIVE SELECT INSURANCE COMPANY, Appellant, v. KAGAN JUGAN & ASSOCIATES, P.A., a/a/o MOSES RAYNER, Appellee. No. 2D21-274 March 2, 2022 Appeal from the County Court for Lee County; Devin S. George, Judge. Michael C. Clarke and Jennifer L. Emerson of Kubicki Draper, P.A., Tampa","IATES, P.A., a/a/o MOSES RAYNER, Appellee. No. 2D21-274 March 2, 2022 Appeal from the County Court for Lee County; Devin S. George, Judge. Michael C. Clarke and Jennifer L. Emerson of Kubicki Draper, P.A., Tampa, for Appellant. Michael C. McQuagge and Thomas DeMinico of McQuagge Law Firm, Fort Myers",,,,,16560,
QZ9yPMidWtc,24 1318,2D2024-1318,True,"Vogt et al v. Vogt, Eiler, et al,",2025-06-04,affirm,Affirmed,True,True,,,False,,False,,Michael Francis Andrews,Pinellas,"; CHARLES KLEIN CPA; SYNERGY CONTRACTING INC.; JEFFERY VOGT, Appellees. No. 2D2024-1318 June 4, 2025 Appeal from the Circuit Court for Pinellas County; Michael Francis Andrews, Judge. Duane A. Daiker, Andrew J. Mayts, Jr., Sarah Glaser, and Steven E. Nicholas of Shumaker, Loop & Kendrick, LLP, Tampa","t for Pinellas County; Michael Francis Andrews, Judge. Duane A. Daiker, Andrew J. Mayts, Jr., Sarah Glaser, and Steven E. Nicholas of Shumaker, Loop & Kendrick, LLP, Tampa, for Appellants. Lindsay Patrick Lopez and Eric S. Koenig of Trenam, Kemker, Scharf, Barkin, Frye, O'Neill & Mullis, P.A., Tampa",,,,,1134,
QZCKvJh5D7s,22 4194,2D2022-4194,True,"DINALLO, ESTATE OF JACQUELINE DINALLO v. CHARLES KAYAT, P. A., ALKA NAIR, M. D., et al",2024-05-01,affirm,Affirmed,True,True,,Northcutt; Khouzam; Morris,False,,False,,Stephen Walker,Sarasota,"ARLES KAYAT, P.A.; ALKA NAIR, M.D.; and GULF COAST HMA PHYSICIAN MANAGEMENT, LLC, d/b/a GULF COAST MEDICAL GROUP SARASOTA PRIMARY CARE, Appellees. No. 2D2022-4194 May 1, 2024 Appeal from the Circuit Court for Sarasota County; Stephen Walker, Judge. Brian J. Lee of Morgan & Morgan, PLLC, Jacksonville",", Judge. Brian J. Lee of Morgan & Morgan, PLLC, Jacksonville, for Appellant. Therese A. Savona of Cole, Scott & Kissane, P.A., Orlando; Lissette Gonzalez and Carly M. Weiss of Cole, Scott & Kissane, P.A., Miami; and Scott A. Cole and Rook Elizabeth Ringer of Cole, Scott & Kissane, P.A., Jacksonville",,,,,1197,
QclgD5C7Tlk,23 71,2D2023-0071,True,SARA SHIFRA GERBER VS TZVI MORDECHAI DUBROWSKI,2023-12-27,mixed,Affirmed in Part/Reversed in Part - Authored Opinion ~ and remanded.,False,False,Labrit,Labrit; Northcutt; Khouzam,False,,False,,Wesley D. Tibbals,Hillsborough,"DISTRICT COURT OF APPEAL OF FLORIDA SECOND DISTRICT SARA SHIFRA GERBER, Appellant, v. TZVI MORDECHAI DUBROWSKI, Appellee. No. 23-71 December 27, 2023 Appeal from the Circuit Court for Hillsborough County; Wesley D. Tibbals, Judge. Mark A. Sessums of Sessums Law Group, P.A., Tampa","STRICT SARA SHIFRA GERBER, Appellant, v. TZVI MORDECHAI DUBROWSKI, Appellee. No. 23-71 December 27, 2023 Appeal from the Circuit Court for Hillsborough County; Wesley D. Tibbals, Judge. Mark A. Sessums of Sessums Law Group, P.A., Tampa, for Appellant. Mark F. Baseman of Felix, Felix & Baseman, Tampa",,,,,9671,
QiFFoOtDoG4,2D21 111,,False,,,,,,,,,,,,,,,,,,,,,,
QkL38guR9Ko,25 0999,2D2025-0999,True,"FLORIDA INSURANCE GUARANTY ASSOCIATION v. SYNERGY CONTRACTING GROUP, INC. a/a/o ARLETTE SCHMIDT",2026-09-02,reverse,Reversed and remanded.,False,False,Atkinson,Atkinson; Northcutt; Rothstein-Youakim,False,,False,Northcutt; Rothstein-Youakim,Patricia Muscarella,Pinellas,"E GUARANTY ASSOCIATION, Appellant, v. SYNERGY CONTRACTING GROUP, INC. a/a/o ARLETTE SCHMIDT, Appellee. No. 2D2025-0999 September 2, 2026 Appeal from the Circuit Court for Pinellas County; Patricia Muscarella, Judge. Megan G. Colter and Dorothy DiFiore of Quintairos, Prieto, Wood & Boyer, P.A., Tampa","a/o ARLETTE SCHMIDT, Appellee. No. 2D2025-0999 September 2, 2026 Appeal from the Circuit Court for Pinellas County; Patricia Muscarella, Judge. Megan G. Colter and Dorothy DiFiore of Quintairos, Prieto, Wood & Boyer, P.A., Tampa, for Appellant. Steven I. Battisti of Battisti Felce, P.A., Celebration",2D2025-0999,https://www.courtlistener.com/opinion/10964720/x/,10964720,11432331,16196,
QpSleJbHI18,2D19-4632,,False,,,,,,,,,,,,,,,,,,,,,,
QsxKfyvdv7A,2D19 -0422,2D2019-0422,True,"TANK TECH, INC.  vs VALLEY TANK TESTING, L L C",2021-06-02,reverse,Reversed and remanded.,False,False,Kelly,Kelly; Casanueva; Black,False,,False,,,,"REIGN CORPORATION, Appellant, v. VALLEY TANK TESTING, L.L.C., A FOREIGN LIMITED LIABILITY COMPANY, Appellee. No. 2D19-422 June 2, 2021 Appeal from the Circuit Court for Hillsborough County; Daryl M. Manning, Acting Circuit Judge. Mary K. Simpson and Robert D. Fingar of Guilday Law, P.A., Tallahassee",,,,,,12826,
QtQTCeiQWR8,2D21 2635,2D2021-2635,True,LAURA'S LEARNING AND ENRICHMENT CENTER  vs DEPT. OF CHILDREN & FAMILIES,2022-12-02,reverse,Reversed and remanded with instructions.,False,False,Smith,Smith; Villanti; Atkinson,False,,False,,,,,"ES, Appellee. No. 2D21-2635 December 2, 2022 Appeal from the Department of Children and Families. Jean M. Henne of Jean M. Henne, P.A., Winter Haven, for Appellant. Javier Enriquez, General Counsel, Tallahassee; and Raquel Ramos, Assistant General Counsel, Department of Children and Families, Bartow",,,,,10371,
QyxnLxiTNR4,25 1242,2D2025-1242,True,A ADVOCATES & ATTORNEYS OF KENNEDY LAW GROUP v. VICKI S. UITERWYK; DALE SWOPE; and,2026-05-29,reverse,Reversed and remanded.,False,False,Smith,Smith; Khouzam; Sleet,False,,False,,Paul L. Huey,Hillsborough,,"I S. UITERWYK; DALE SWOPE; and SWOPE, RODANTE, P.A., Appellees. No. 2D2025-1242 May 29, 2026 Appeal from the Circuit Court for Hillsborough County; Paul L. Huey, Judge. Joshua S. Widlansky of Padula Bennardo Levine, LLP, Boca Raton, for Appellant. Robert M. Klein of Freeman Mathis & Gary, LLP, Miami",2D2025-1242,https://www.courtlistener.com/opinion/10866177/x/,10866177,11333628,11797,
R4rrEIm9I9w,2D19-3314,,False,,,,,,,,,,,,,,,,,,,,,,
R94dwRkiaWo,2D21 2122,2D2021-2122,True,DUNCAN FRASER MACDONALD  vs STATE OF FLORIDA,2022-08-10,affirm,Affirmed,True,False,,Silberman; Sleet; Rothstein-Youakim,False,,False,,Heather Doyle,Manatee,," STATE OF FLORIDA, Appellee. No. 2D21-2122 August 10, 2022 Appeal from the County Court for Manatee County; Heather Doyle, Judge. Robert N. Harrison of Robert N. Harrison, P.A., Venice, for Appellant. Ashley Moody, Attorney General, Tallahassee, and C. Todd Chapman, Assistant Attorney General, Tampa",,,,,833,
R9RxoGC8uSM,22 2153,,False,,,,,,,,,,,,,,,,,,,,,,
RAwsBziERxI,2D19-1911,2D2019-1911,True,JAMES M. HERRELL  vs UNIVERSAL PROPERTY & CASUALTY INSURANCE COMPANY,2020-12-23,affirm,Affirmed,False,False,Smith,Smith; Khouzam; Morris,False,,False,,,,," County; Alane C. Laboda, Judge. Scot E. Samis and Christopher Shand of Traub Lieberman Straus & Shrewsberry LLP, St. Petersburg, for Appellants. Nancy W. Gregoire of Birnbaum, Lippman & Gregoire, PLLC, Fort Lauderdale; and Mary E. Cantwell of Markcity, Rothman, Cantwell & Breitner, P.A., Plantation",,,,,5921,
RN1x3IwOUXg,2D19-2982,,False,,,,,,,,,,,,,,,,,,,,,,
ROCfeXQ47qQ,23 941 & 943,2D2023-0941,True,BETI BARISIC VS BETH FROST,2024-01-03,affirm,Affirmed - Per Curiam Affirmed,True,True,,,False,,False,,,,,,,,,,798,
RP1TethMSE8,2D19-3986,2D2019-3986,True,"SONYA REIGELSPERGER  vs FLORIDA SAFETY CONTRACTORS, INC. AND HILLSBOROUGH COUNTY",2021-04-07,affirm,Affirmed,True,False,,Northcutt; Silberman; Lucas,False,,False,,,,,"_____________________) Opinion filed April 7, 2021. Appeal from the Circuit Court for Hillsborough County; Elizabeth G. Rice, Judge. Kathryn E. Lee and Kevin Britt Woods of Woods Trial Law, Tampa, for Appellant/Cross-Appellee. Hala Sandridge and Chance Lyman of Buchanan Ingersoll & Rooney, PC, Tampa",,,,,1691,
RR273MwdrCs,24 2738,2D2024-2738,True,"THERESA EVANS v. MANHEIM REMARKETING, INC.",2026-01-28,affirm,Affirmed.,True,True,,Kelly; Black; Rothstein-Youakim,False,,False,,Lindsay M. Alvarez,Hillsborough,,"t corporation d/b/a MANHEIM TAMPA, Appellee. No. 2D2024-2738 January 28, 2026 Appeal from the Circuit Court for Hillsborough County; Lindsay M. Alvarez, Judge. Brian J. Lee and Ryan A. Carlson of Morgan & Morgan, Jacksonville, for Appellant. Steven R. Main of Hill, Rugh, Keller & Main, P.L., Orlando",2D2024-2738,https://www.courtlistener.com/opinion/10780446/x/,10780446,11247060,895,
RRKZ4OEMR6M,2D18-4134,2D2018-4134,True,"MANATEE COUNTY PORT AUTHORITY  vs EUGENIO VELAZQUEZ, JOSE RODRIGUEZ, LOGISTEC USA, INC. FRESH QUEST, INC., ET AL",2021-04-21,affirm,Affirmed,True,False,,,False,,False,,,,"AZQUEZ; FRESH QUEST, INC.; ) and SOUTHERN STATES MATERIAL ) HANDLING, INC. d/b/a SOUTHERN ) STATES TOYOTA LIFT, ) ) Appellees. ) ) Opinion filed April 21, 2021. Appeal from the Circuit Court for Manatee County; Lon Arend, Judge. Frank J. Sioli and Sergio Blanco-Herrera of Sioli Alexander Pino, Miami","Appellees. ) ) Opinion filed April 21, 2021. Appeal from the Circuit Court for Manatee County; Lon Arend, Judge. Frank J. Sioli and Sergio Blanco-Herrera of Sioli Alexander Pino, Miami, for Appellant. Jerry D. Hamilton, Schuyler Smith, and Michael J. Dono of Hamilton, Miller & Birthisel, LLPP, Miami",,,,,1573,
RVc-cHcT4pA,2D19-4041,,False,,,,,,,,,,,,,,,,,,,,,,
RWK1HjR-y9c,2D20 1224,2D2020-1224,True,"CRYSTAL DYAN HARVEY  vs MCKINLEY GULF OF MEXICO, L L C",2021-09-15,affirm,Affirmed,True,False,,Lucas; Smith; Stargel,False,,False,,George Jirotka,Pinellas,"KINLEY GULF OF MEXICO, L.L.C., Appellee. Case No. 2D20-1224 September 15, 2021 Appeal from the Circuit Court for Pinellas County; George Jirotka, Judge. Roy D. Wasson of Wasson & Associates Chartered, of Miami, for Appellant. Michael P. Perenich of Perenich Caulfield Avril & Noyes, PA, of Clearwater","cuit Court for Pinellas County; George Jirotka, Judge. Roy D. Wasson of Wasson & Associates Chartered, of Miami, for Appellant. Michael P. Perenich of Perenich Caulfield Avril & Noyes, PA, of Clearwater, for Appellant. Mark D. Tinker and Mary Lou Cuellar-Stillo of Cole, Scott & Kissane, PA, of Tampa",,,,,906,
R_RRGzvwc5Y,2D20-1848,2D2020-1848,True,THE ESTATE OF ELFRIEDE Z. SWEENEY  vs GLORIA  R. WASHINGTON,2021-09-03,mixed,"Affirmed in Part/Reversed in Part , and remanded.",False,False,Silberman,Silberman; Kelly; Sleet,False,,False,,"John M. Radabaugh and Gerald P. Hill, II",Polk,"lee. Nos. 2D20-1848 & 2D20-2520 CONSOLIDATED September 3, 2021 Appeal from the Circuit Court for Polk County; John M. Radabaugh and Gerald P. Hill, II, Judges. DeeAnn J. McLemore and Charles W. Hall of Banker Lopez Gassler, P.A., St. Petersburg; and J. Emory Wood of Wood & Wood, P.A., St. Petersburg","Appeal from the Circuit Court for Polk County; John M. Radabaugh and Gerald P. Hill, II, Judges. DeeAnn J. McLemore and Charles W. Hall of Banker Lopez Gassler, P.A., St. Petersburg; and J. Emory Wood of Wood & Wood, P.A., St. Petersburg, for Appellants. David F. Anderson of Burnetti, P.A., Lakeland",,,,,13916,
RaF_Cn-2DJs,2D20 2567,2D2020-2567,True,MEGAN SUNDERWIRTH  vs JONATHAN SUNDERWIRTH,2022-01-05,mixed,Affirmed in Part/Reversed in Part ; remanded.,False,False,Smith,Smith; Northcutt; Atkinson,False,,False,,Peter Ramsberger,Pinellas,"PPEAL OF FLORIDA SECOND DISTRICT MEGAN SUNDERWIRTH, Appellant, v. JONATHAN SUNDERWIRTH, Appellee. No. 2D20-2567 January 5, 2022 Appeal from the Circuit Court for Pinellas County; Peter Ramsberger, Judge. Allison M. Perry of Florida Appeals, P.A., Tampa, and J. Robert Angstadt of Tampa Divorce, Tampa","Appellee. No. 2D20-2567 January 5, 2022 Appeal from the Circuit Court for Pinellas County; Peter Ramsberger, Judge. Allison M. Perry of Florida Appeals, P.A., Tampa, and J. Robert Angstadt of Tampa Divorce, Tampa, for Appellant. Matthew W. Wilson and Christina Anton Garcia of Anton Garcia Law, Tampa",,,,,10918,
RevJqpQ_SUc,23 801,2D2023-0801,True,"PINELLAS COUNTY v. STATE HOUSING INVESTMENT PARTNERSHIP PROGRAM, GRANT, et al",2024-01-12,affirm,Affirmed - Per Curiam Affirmed,True,True,,Kelly; Lucas; Atkinson,False,,False,,Thomas Ramsberger,Pinellas,,"LIMITED LIABILITY COMPANY, Appellees. No. 2D23-801 January 12, 2024 Appeal from the Circuit Court for Pinellas County; Thomas Ramsberger, Judge. Kelly L. Vicari, Senior Assistant County Attorney of Pinellas County, for Appellant. John Paul Parks, Scottsdale, Arizona and Charles P. Chritton, Lakeland",,,,,1047,
RiGJVdCfvjI,2D21 798,2D2021-0798,True,"TERESA KASZKOWIAK A/K/A TERESA PRUCHNIEWSKA  vs ZDZISLAWA B. CZECHOWSKI, INDIVIDUALLY AND AS BENEFICIARY",2021-12-10,affirm,Affirmed,True,False,,Casanueva; Khouzam; Stargel,False,,False,,Thomas M. Ramsberger,Pinellas,"idually, and as beneficiary and Successor co-trustee of the Wladyslawa Pruchniewska Living Trust dated July 18, 2009, as amended on November 15, 2010, Appellee. No. 2D21-798 December 10, 2021 Appeal from the Circuit Court for Pinellas County; Thomas M. Ramsberger, Judge. Bryan K. McLachlan, Seminole"," 2009, as amended on November 15, 2010, Appellee. No. 2D21-798 December 10, 2021 Appeal from the Circuit Court for Pinellas County; Thomas M. Ramsberger, Judge. Bryan K. McLachlan, Seminole, for Appellant. Wesley R. Stacknik, Seminole, for Appellant. Mark C. Mann of Berlin Patten Ebling, PLLC, Tampa",,,,,1130,
RjoFJVIYYWM,23 1715,2D2023-1715,True,"INTO USF, INC., INTO USF, LP v. USF FINANCING CORPORATION, INTO SOUTH FLORIDA, LLC, et al",2024-08-21,affirm,Affirmed,True,True,,Sleet; Kelly; Lucas,False,,False,,Darren D. Farfante,Hillsborough,,,,,,,1528,
RlIh6_rC2fY,2D19-0244,,False,,,,,,,,,,,,,,,,,,,,,,
RmHGyzLZ-LE,22 410,2D2022-0410,True,AVANGARDCHIK LLC. VS RAJA MANAGEMENT CORP.,2023-04-26,affirm,Affirmed - Per Curiam Affirmed,True,True,,Casanueva; Silberman; Lucas,False,,False,,George M. Jirotka,Pinellas,,"for Pinellas County; George M. Jirotka, Judge. Erin Pogue Newell and Shannon McLin of Florida Appeals, Fort Lauderdale; and Felix G. Montanez of Montanez Law Firm, Tampa, for Appellant. Mark D. Tinker of Cole, Scott & Kissane, P.A., Tampa; and Francesca M. Stein of Cole, Scott & Kissane, P.A., Miami",,,,,900,
RoPP703iDPI,22 292,2D2022-0292,True,"KIRA MOORE AND SHAWN MOORE VS ROBERT WAGNER, INDIVIDUALLY, AND ROBERT WAGNER, AS TRUSTEE OF TRUST NO. 18605",2023-08-04,reverse,Reversed - Authored Opinion ~ and remanded.,False,False,Atkinson,Atkinson,False,,False,,E. Lamar Battles,Hillsborough,,"tee of Trust No. 18605, Appellees. No. 2D22-292 August 4, 2023 Appeal from the Circuit Court for Hillsborough County; E. Lamar Battles, Judge. Brandon S. Vesely of The Florida Appellate Firm, P.A., St. Petersburg, for Appellants. Donald A. Mihokovich and Eric J. Partlow of Adams and Reese LLP, Tampa",,,,,17650,
RozVv8tHLXE,2D18-5106,,False,,,,,,,,,,,,,,,,,,,,,,
Rtl1FGaMkXY,2D21 793,2D2021-0793,True,"HERITAGE PROPERTY & CASUALTY INSURANCE COMPANY  vs FAIRWAY OAKS, INC.",2022-04-22,reverse,Reversed and remanded.,False,False,Lucas,Lucas; Black; Atkinson,False,,False,,Hugh D. Hayes,Collier,", v. FAIRWAY OAKS, INC., Appellee. No. 2D21-793 April 22, 2022 Appeal from the Circuit Court for Collier County; Hugh D. Hayes, Judge. David A. Noel and Kara Rockenbach-Link of Link & Rockenbach, P.A., West Palm Beach; and Jeffrey A. Rubinton and Veronica Dossat of Rubinton & Associates, P.A., Tampa","urt for Collier County; Hugh D. Hayes, Judge. David A. Noel and Kara Rockenbach-Link of Link & Rockenbach, P.A., West Palm Beach; and Jeffrey A. Rubinton and Veronica Dossat of Rubinton & Associates, P.A., Tampa, for Appellant. Sanjay Kurian and Benjamin T. Johnson of Becker & Poliakoff, P.A., Tampa",,,,,2911,
RzWTLdBIVrc,22 2442,2D2022-2442,True,"DELONG v. PARADISE LAKES CONDOMINIUM ASSOCIATION, INC.",2024-03-27,affirm,Affirmed - Per Curiam Affirmed,True,True,,Northcutt; Kelly; Black,False,,False,,Susan G. Barthle,Pasco,,,,,,,811,
S1NkGVx7TaI,25 2516,2D2025-2516,True,"WANDA HARKINS v. FINICKY WINDOW CLEANING, INC. and ST. JOSEPH'S",2026-06-05,affirm,Affirmed.,True,True,,Northcutt; Villanti; Black,False,,False,,Cynthia Oster,Hillsborough,"TRICT WANDA HARKINS, Appellant, v. FINICKY WINDOW CLEANING, INC. and ST. JOSEPH'S HOSPITAL, INC. d/b/a St. Joseph's Women's Hospital, Appellees. No. 2D2025-2516 June 5, 2026 Appeal from the Circuit Court for Hillsborough County; Cynthia Oster, Judge. Bruce Culpepper of Culpepper Kurland, PLLC, Tampa","ter, Judge. Bruce Culpepper of Culpepper Kurland, PLLC, Tampa, for Appellant. Dyana Sisti of Reynolds, Parrino & Shadwick, P.A., St. Petersburg, for Appellee Finicky Window Cleaning, Inc. Jason M. Azzarone and Jonathan Ficarrotta of La Cava Jacobson & Goodis, P.A. n/k/a La Cava Jacobson, P.A., Tampa",2D2025-2516,https://www.courtlistener.com/opinion/10870539/x/,10870539,11337997,1061,
S69Rl0OwXIw,23 305,2D2023-0305,True,"CLERK v. PASCO COUNTY, FLORIDA",2024-06-07,mixed,"Affirmed in Part/Reversed in Part, and remanded.",False,False,Black,Black; Northcutt; Kelly,False,,False,,"Emily A. Peacock, Associate Judge. David M. Caldevilla of de la Parte, Gilbert, McNamara & Caldevilla, P.A., Tampa; and Dennis J. Alfonso of McClain & Alfonso, P.A., Dade City (withdrew after briefing); Nancy McClain Alfonso of Alfonso Hersch, P.A., Dade City (substituted as counsel of record), for Appellant. Nichole ""Nikki"" Alvarez-Sowles, pro se. Gregory T. Stewart, Kirsten H. Mood, and Matthew R. Shaud of Nabors, Giblin & Nickerson, P.A., Tallahassee, for Appellee. BLACK",Pasco,"unty; Emily A. Peacock, Associate Judge. David M. Caldevilla of de la Parte, Gilbert, McNamara & Caldevilla, P.A., Tampa; and Dennis J. Alfonso of McClain & Alfonso, P.A., Dade City (withdrew after briefing); Nancy McClain Alfonso of Alfonso Hersch, P.A., Dade City (substituted as counsel of record)","o, P.A., Dade City (withdrew after briefing); Nancy McClain Alfonso of Alfonso Hersch, P.A., Dade City (substituted as counsel of record), for Appellant. Nichole ""Nikki"" Alvarez-Sowles, pro se. Gregory T. Stewart, Kirsten H. Mood, and Matthew R. Shaud of Nabors, Giblin & Nickerson, P.A., Tallahassee",,,,,30968,
SHhe5csBJXQ,22 2019,,False,,,,,,,,,,,,,,,,,,,,,,
SHsN29frYV8,2D21 517,2D2021-0517,True,CHARLES WESLEY MADDOX  vs VICKI LYNN MADDOX,2023-02-24,mixed,Affirmed in Part/Reversed in Part and remanded.,False,False,Black,Black; Casanueva; Kelly,False,,False,,Christine A. Marlewski,Hillsborough,"v. VICKI LYNN MADDOX, Appellee, and PETRONEX TECHNOLOGIES, LLC, Appellant, v. VICKI LYNN MADDOX, Appellee. Nos. 2D21-517, 2D21-521 CONSOLIDATED February 24, 2023 Appeal from the Circuit Court for Hillsborough County; Christine A. Marlewski, Judge. Matthew J. Conigliaro of Carlton Fields, P.A., Tampa","al from the Circuit Court for Hillsborough County; Christine A. Marlewski, Judge. Matthew J. Conigliaro of Carlton Fields, P.A., Tampa, for Appellants. Kymberly A. Starr of Starr Law, P.A., Lakeland (withdrew after briefing); Aaron Proulx of Proulx Law, Palm Harbor (substituted as counsel of record)",,,,,16973,
SI2aeh0mbP8,2D21 2734,2D2021-2734,True,AURI BOILARD N/K/A AURI DAVILA  vs SCOTT KARL BOILARD,2022-10-26,affirm,Affirmed,True,False,,Morris; Casanueva; Villanti,False,,False,,John S. Carlin,Lee,,,,,,,903,
SJMGhtHel9g,2D20 2446,2D2020-2446,True,"CAPITAL WEALTH ADVISORS, LLC  vs CAPITAL WEALTH ADVISORS, INC., WILLIAM N. BEYNON AND BLAINE M. FERGUSON",2021-10-21,reverse,Reversed and remanded,False,False,Atkinson,Atkinson; Morris; Lucas,False,,False,,Elizabeth V. Krier and Hugh D. Hayes,Collier,"Appellees. No. 2D20-2446 October 21, 2021 Appeal from the Circuit Court for Collier County; Elizabeth V. Krier and Hugh D. Hayes, Judges. Craig A. Rubinstein and Steven M. Katzman of Katzman Wasserman Bennardini & Rubinstein, P.A, Boca Raton; Jeffrey D. Fridkin of Grant Fridkin Pearson, P.A., Naples","ubinstein and Steven M. Katzman of Katzman Wasserman Bennardini & Rubinstein, P.A, Boca Raton; Jeffrey D. Fridkin of Grant Fridkin Pearson, P.A., Naples, for Appellant. Seth M. Horras and Edmond E. Koester of Coleman, Yovanovich & Koester, P.A., Naples; Bruce S. Rogow of Bruce S. Rogow, P.A., Naples",,,,,12145,
SP2kCrrCPRc,2D20 2181,2D2020-2181,True,"UCMS, LLC, D/B/A UNIVERSAL CONTRACTING OF FLORIDA  vs CYPRESS PROPERTY & CASUALTY INSURANCE COMPANY",2021-06-11,affirm,Affirmed,True,False,,,False,,False,,Elizabeth V. Krier,Collier,"DISTRICT UCMS, LLC, d/b/a UNIVERSAL CONTRACTING OF FLORIDA a/a/o ANDREA CUMBERBATCH, Appellant, v. CYPRESS PROPERTY & CASUALTY INSURANCE COMPANY, Appellee. No. 2D20-2181 June 11, 2021 Appeal from the Circuit Court for Collier County; Elizabeth V. Krier, Judge. Sean Saval of Kovar Law Group, Pasadena","Appellant, v. CYPRESS PROPERTY & CASUALTY INSURANCE COMPANY, Appellee. No. 2D20-2181 June 11, 2021 Appeal from the Circuit Court for Collier County; Elizabeth V. Krier, Judge. Sean Saval of Kovar Law Group, Pasadena, for Appellant. Steven G. Schwartz and Adam M. Kay of Schwartz Law Group, Boca Raton",,,,,839,
STSySoe-Kho,24 2478,2D2024-2478,True,"JAMES D. BRITT v. BAYSHORE ROYAL CONDOMINIUMS, a/k/a",2026-02-20,affirm,Affirmed.,True,True,,,False,,False,,Paul Huey,Hillsborough,"JAMES D. BRITT, Appellant, v. BAYSHORE ROYAL CONDOMINIUMS, a/k/a BAYSHORE CONDOMINIUMS & COMPANY, INC., Appellee. No. 2D2024-2478 February 20, 2026 Appeal from the Circuit Court for Hillsborough County; Paul Huey, Judge. Daniel F. Pilka and Richard Randolph Kosan of Pilka Adams & Reed, P.A., Brandon",,2D2024-2478,https://www.courtlistener.com/opinion/10796771/x/,10796771,11263442,852,
STTw4sT0PaY,2D20-458,,False,,,,,,,,,,,,,,,,,,,,,,
SU5d3B78sVM,23 523,2D2023-0523,True,"C. M. v. M., A. M.",2024-04-03,affirm,Affirmed - Authored Opinion ~ in part; dismissed in part.,False,False,Khouzam,Khouzam; Northcutt; Rothstein-Youakim,False,,False,,Caroline Tesche- Arkin,Hillsborough,"DISTRICT COURT OF APPEAL OF FLORIDA SECOND DISTRICT C.M., Appellant, v. A.M. and W.M., Appellees. No. 2D23-523 April 3, 2024 Appeal from the Circuit Court for Hillsborough County; Caroline Tesche- Arkin, Judge. Mark A. Neumaier, Tampa","2D23-523 April 3, 2024 Appeal from the Circuit Court for Hillsborough County; Caroline Tesche- Arkin, Judge. Mark A. Neumaier, Tampa, for Appellant. Raymond T. Elligett, Jr., of Buell & Elligett, P.A., Tampa; Jeanne T. Tate of Jeanne T. Tate, P.A., Tampa; and Michael L. Lundy of Older & Lundy, Tampa",,,,,1482,
SVxp0Dnd7vU,2D20 3592,2D2020-3592,True,"LENNAR HOMES, LLC  vs DANIELLE MCKENNA, ET AL",2021-08-20,affirm,Affirmed,True,False,,Villanti; Khouzam; Stargel,False,,False,,,,"TRUST, LLC, Appellees. No. 2D20-3592 August 20, 2021 Appeal pursuant to Fla. R. App. P. 9.130 from the Circuit Court for Lee County; Keith Kyle, Judge. C. David Harper of Foley & Lardner LLP, Tampa, and David M. Gersten, Ryan M. Wolis, and Eric R. Thompson of Gordon Rees Scully Mansukhani LLP, Miami","nt to Fla. R. App. P. 9.130 from the Circuit Court for Lee County; Keith Kyle, Judge. C. David Harper of Foley & Lardner LLP, Tampa, and David M. Gersten, Ryan M. Wolis, and Eric R. Thompson of Gordon Rees Scully Mansukhani LLP, Miami, for Appellant. Jordan Redavid of Fischer Redavid PLLC, Hollywood",,,,,967,
SYmveMfUzUU,23 329,2D2023-0329,True,"HOLDING INSURANCE COMPANIES ACCOUNTABLE, LLC, A/A/O PARNELL DICKINSON v. AMERICAN INTEGRITY INSURANCE COMPANY OF FLORIDA",2024-05-01,affirm,Affirmed,True,True,,Northcutt; Khouzam; Morris,False,,False,,Mark R. Wolfe,Hillsborough,," 1, 2024 Appeal from the Circuit Court for Hillsborough County; Mark R. Wolfe, Judge. Chad A. Barr and Dalton L. Gray of Chad Barr Law, Altamonte Springs; and Tyler J. Chasez of Hale, Hale & Jacobson, P.A., Orlando, for Appellant. Caryn L. Bellus and Benjamin B. Carter of Kubicki Draper, P.A., Miami",,,,,1194,
S_wsu2tiiLE,2D21 822,2D2021-0822,True,"ESTATE OF FREDERICK P. LANDAU  vs SARASOTA BAY REHABILITATION CENTER, L L C, ET AL",2021-10-20,affirm,Affirmed,True,False,,Northcutt; Silberman; Sleet,False,,False,,,," SARASOTA BAY REHABILITATION CENTER, LLC, and SOUTHERN HEALTHCARE MANAGEMENT, LLC, Appellees. No. 2D21-822 October 20, 2021 Appeal pursuant to Fla. R. App. P. 9.130 from the Circuit Court for Sarasota County; Andrea McHugh, Judge. James E. Keim of Venice Law Firm of Attorney James Keim, P.A., Venice","1-822 October 20, 2021 Appeal pursuant to Fla. R. App. P. 9.130 from the Circuit Court for Sarasota County; Andrea McHugh, Judge. James E. Keim of Venice Law Firm of Attorney James Keim, P.A., Venice, for Appellant. Thomas A. Valdez and Vilma Martinez of Quintairos, Prieto, Wood & Boyer, P.A., Tampa",,,,,977,
SbChSF73-2o,2D20 2507,2D2020-2507,True,"DAVID ZIMMERMAN AND KELLEY HILL  vs CRITICAL INTERVENTION SERVICES, INC., ET AL",2022-01-05,affirm,Affirmed,True,False,,,False,,False,,Emmett Lamar Battles,Hillsborough,"COMMUNITY, INC., and JOHN DOE, Appellees. No. 2D20-2507 January 5, 2022 Appeal from the Circuit Court for Hillsborough County; Emmett Lamar Battles, Judge. Adam Richardson of Burlington & Rockenbach, P.A., West Palm Beach; and Andrew J. Calandro and Christopher Pettus of Calandro Law, Riverview, and","022 Appeal from the Circuit Court for Hillsborough County; Emmett Lamar Battles, Judge. Adam Richardson of Burlington & Rockenbach, P.A., West Palm Beach; and Andrew J. Calandro and Christopher Pettus of Calandro Law, Riverview, and for Appellants. Mark D. Tinker of Cole Scott & Kissane, P.A., Tampa",,,,,1133,
SeiB0KQQZvA,2D20 2521,2D2020-2521,True,"TAYLOR & FULTON PACKING, LLC  vs PORGES, HAMLIN, KNOWLES & HAWK, P. A. AND TIMOTHY A. KNOWLES",2021-09-17,affirm,Affirmed,True,False,,Morris; Sleet; Labrit,False,,False,,Edward Nicholas,Manatee,", LLC, Appellant, v. PORGES, HAMLIN, KNOWLES & HAWK, P.A., AND TIMOTHY A. KNOWLES, Appellees. No. 2D20-2521 September 17, 2021 Appeal from the Circuit Court for Manatee County; Edward Nicholas, Judge. Stephenie B. Anthony and Lydia M. Gazda (withdrew after briefing) of Anthony & Partners, LLC, Tampa","A., AND TIMOTHY A. KNOWLES, Appellees. No. 2D20-2521 September 17, 2021 Appeal from the Circuit Court for Manatee County; Edward Nicholas, Judge. Stephenie B. Anthony and Lydia M. Gazda (withdrew after briefing) of Anthony & Partners, LLC, Tampa, for Appellant. Lori A. Heim of Bush Ross, P.A., Tampa",,,,,861,
Sg0HBV4RPfA,2D20 1233,2D2020-1233,True,"OLA FARON, ET AL  vs LEGACY DONUTS HILLSBOROUGH, L L C",2021-05-19,affirm,Affirmed,True,False,,Black; Rothstein-Youakim; Stargel,False,,False,,,,,"a Florida Limited Liability Corporation, ) ) Appellee. ) ) Opinion filed May 19, 2021. Appeal from the Circuit Court for Hillsborough County; Cheryl Thomas, Judge. Sam Y. Badawi of Badawi Law, Tampa, for Appellants. Sarah H.L. Chien, Joseph T. Metzger, and Erin S. Kuenzel of Metzger Law Group, Tampa",,,,,1240,
Sl9roRfaGjc,2D20 3722,2D2020-3722,True,AMERICA HOWARD AND VINCENT LOPEZ vs CITIZENS PROPERTY INSURANCE CORP.,2022-03-16,affirm,Affirmed,True,False,,Silberman; Smith; Labrit,False,,False,,Gregory P. Holder,Hillsborough,"COURT OF APPEAL OF FLORIDA SECOND DISTRICT AMERICA HOWARD and VINCENT LOPEZ, Appellants, v. CITIZENS PROPERTY INSURANCE CORPORATION, Appellee. No. 2D20-3722 March 16, 2022 Appeal from the Circuit Court for Hillsborough County; Gregory P. Holder, Judge. Mark A. Nation of The Nation Law Firm, Longwood","CORPORATION, Appellee. No. 2D20-3722 March 16, 2022 Appeal from the Circuit Court for Hillsborough County; Gregory P. Holder, Judge. Mark A. Nation of The Nation Law Firm, Longwood, for Appellants. Lauren J. Smith and Edgardo Ferreyra, Jr., of Luks, Santaniello, Petrillo, Cohen & Peterfriend, Stuart",,,,,803,
SmRbZkg20a0,2D20 863,2D2020-0863,True,GREGORY F. TOTH  vs STEPHANIE SPIELMAN MILLER,2021-11-12,mixed,"Affirmed in Part/Reversed in Part , and remanded.",False,False,Northcutt,Northcutt; Casanueva; Rothstein-Youakim,False,,False,,G. Keith Cary,Lee,,"D20-863, 2D20-1701 CONSOLIDATED November 12, 2021 Appeal from the Circuit Court for Lee County; G. Keith Cary, Judge. Robert L. Donald of Law Office of Robert L. Donald, Fort Myers, for Appellant. Margaret H. White-Small, Longboat Key, and Stacy L. Haverfield of Stacy L. Haverfield, P.A., Cape Coral",,,,,6638,
SuehLOZYWHs,2D21 114,2D2021-0114,True,"THERESA L. PETRE  vs WILMINGTON SAVINGS FUND SOCIETY, F S B, ET AL",2022-03-25,affirm,Affirmed,True,False,,Morris; Sleet; Smith,False,,False,,Richard A. Nielsen,Hillsborough,,", 2022 Appeal from the Circuit Court for Hillsborough County; Richard A. Nielsen, Judge. G. Barry Wilkinson of G. Barry Wilkinson, P.A., Madeira Beach, for Appellant. Jennifer M. Chapkin of Chapkin Law, Boca Raton; and Matthew B. Leider of Law Offices of Mandel, Manganelli & Leider, P.A., Boca Raton",,,,,1037,
SutOvkrtTBY,2D21 545,2D2021-0545,True,"JOHN C. DESROSIERS, CAROLINE D. DAHER AND DAVID P. DESROSIERS vs JEANNE D. HILL, ET AL",2022-06-15,affirm,Affirmed,True,False,,Morris; Khouzam And Sleet,False,,False,,Lee E. Haworth,Sarasota,"LAS C. GLADDING; and DANIELLE GLADDING, Appellees. No. 2D21-545 June 15, 2022 Appeal from the Circuit Court for Sarasota County; Lee E. Haworth, Senior Judge. Martin Garcia and Josh R. Dell of Garciadell P.A., Sarasota; Steven L. Brannock and Torri D. Macarages, of Brannock Humphries & Berman, Tampa","sota County; Lee E. Haworth, Senior Judge. Martin Garcia and Josh R. Dell of Garciadell P.A., Sarasota; Steven L. Brannock and Torri D. Macarages, of Brannock Humphries & Berman, Tampa, for Appellants. David A. Wallace, Morgan R. Bentley, and Amanda R. Kison, of Bentley Goodrich Kison P.A., Sarasota",,,,,1218,
SzN3S7TFVB0,24 0273,2D2024-0273,True,"CHICKILLO v. BAKER, BAKER",2024-12-20,affirm,Affirmed,True,True,,Morris; Atkinson; Labrit,False,,False,,Melissa M. Polo,Hillsborough,"ANTHONY LOUIS NICHOLAS CHICKILLO, Appellant, v. MICHAEL BAKER and CHARLOTTE BAKER, Appellees. No. 2D2024-0273 December 20, 2024 Appeal from the Circuit Court for Hillsborough County; Melissa M. Polo, Judge. Richard Ervin, J. Ronald Denman, and Lawrence O. Held of Bleakley Bavol Denman & Grace, Tampa","ellees. No. 2D2024-0273 December 20, 2024 Appeal from the Circuit Court for Hillsborough County; Melissa M. Polo, Judge. Richard Ervin, J. Ronald Denman, and Lawrence O. Held of Bleakley Bavol Denman & Grace, Tampa, for Appellant. Eric J. Partlow and Donald A. Mihokovich of Adams & Reese, LLP, Tampa",,,,,835,
T5AxrP2pUjU,24 1505,2D2024-1505,True,"ANNA WILLIAMS v. HSF AFFILIATES, LLC; BHH AFFILIATES, LLC;",2026-01-30,affirm,Affirmed.,True,True,,Atkinson; Smith; Labrit,False,,False,,Anne-Leigh Gaylord Moe,Hillsborough,,"m the Circuit Court for Hillsborough County; Anne-Leigh Gaylord Moe, Judge. Mary J. Walter of Walter Appeals & General Litigation, Orlando, for Appellant. Irene Porter and Priscilla Augustine of Hicks, Porter & Stein, P.A., Miami; and Jennifer D. Burby of Weekley Schulte Valdes Murman Tonelli, Tampa",2D2024-1505,https://www.courtlistener.com/opinion/10781783/x/,10781783,11248407,1011,
T71t-EetPVY,2D21 2041,,False,,,,,,,,,,,,,,,,,,,,,,
T7lb_tades0,22 2758,2D2022-2758,True,CHRISTINE T. SNYDER VS GTE FEDERAL CREDIT UNION D/B/A GTE FINANCIAL,2023-08-18,affirm,Affirmed - Per Curiam Affirmed,True,True,,Silberman; Kelly; Morris,False,,False,,Anne-Leigh Gaylord Moe,Hillsborough,", v. GTE FEDERAL CREDIT UNION d/b/a GTE FINANCIAL, Appellee. No. 2D22-2758 August 18, 2023 Appeal from the Circuit Court for Hillsborough County; Anne-Leigh Gaylord Moe, Judge. Jonathan M. Streisfeld, Jeff Ostrow and Steven P. Sukert of Kopelowitz Ostrow Fersugson Weisselberg Gilbert, Ft. Lauderdale",,,,,,1086,
TEAS5xbkqGA,2D20-0018,2D2020-0018,True,"SURA KOCHMAN  vs SARASOTA COUNTY, SIESTA 41 ASSOCIATES, LLP AND BENDERSON DEVELOPMENT COMPANY, LLC",2020-07-01,denied,Denied,True,False,,Morris; Sleet; Lucas,False,,False,,,,,,,,,,1695,
THsnBF-yeSY,2D20 3102,2D2020-3102,True,"3636 KENNEDY, L L C, ET AL  vs KLIK FITNESS, L L C, ET AL",2021-12-22,affirm,Affirmed,True,False,,Morris; Kelly; Labrit,False,,False,,Emily A. Peacock,Hillsborough,,", an individual, Appellees/Cross-Appellants. No. 2D20-3102 December 22, 2021 Appeal from the Circuit Court for Hillsborough County; Emily A. Peacock, Judge. Dineen Pashoukos Wasylik of DPW Legal, Tampa, for Appellants/Cross-Appellees. Kurt J. Rosales and George A. Vaka of Vaka Law Group, P.L., Tampa",,,,,1036,
TLKmUxXgExw,2D20 1590,2D2020-1590,True,"SHM CAPE HARBOUR, LLC  vs REALMARK META, LLC, ET ALL",2022-03-09,reverse,Reversed and remanded.,False,False,Black,Black; Smith; Labrit,False,,False,,Alane C. Laboda,Lee,"Appeal from the Circuit Court for Lee County; Alane C. Laboda, Judge. Steven L. Brannock, Sarah C. Pellenbarg, and Douglas A. Wallace of Brannock Humphries & Berman, Tampa; Chene M. Thompson of Pavese Law Firm, Ft. Myers; and Trey Crawford and Haleigh Jones of Crawford, Wishnew & Lang, Dallas, Texas"," Douglas A. Wallace of Brannock Humphries & Berman, Tampa; Chene M. Thompson of Pavese Law Firm, Ft. Myers; and Trey Crawford and Haleigh Jones of Crawford, Wishnew & Lang, Dallas, Texas, for Appellant. Stuart C. Markman, Robert W. Ritsch, and Kristin A. Norse of Kynes, Markman & Felman, P.A., Tampa",,,,,29758,
TO5LgYDqIQs,2D21 3032,2D2021-3032,True,"JORDAN L. CHAIKIN  vs PARKER WAICHMAN, L L P, ET AL.",2022-11-09,affirm,Affirmed,True,False,,Casanueva; Stargel; Labrit,False,,False,,James Shenko,Lee,"OF FLORIDA SECOND DISTRICT JORDAN L. CHAIKIN, Appellant, v. PARKER WAICHMAN, LLP, and JERROLD S. PARKER, Appellees. No. 2D21-3032 November 9, 2022 Appeal from the Circuit Court for Lee County; James Shenko, Judge. Scott A. Beatty and Kyle C. Dudek of Henderson, Franklin, Starnes & Holt, P.A., Naples","D S. PARKER, Appellees. No. 2D21-3032 November 9, 2022 Appeal from the Circuit Court for Lee County; James Shenko, Judge. Scott A. Beatty and Kyle C. Dudek of Henderson, Franklin, Starnes & Holt, P.A., Naples, for Appellant. Hala Sandridge and Chance Lyman of Buchanan, Ingersol & Rooney, P.C., Tampa",,,,,827,
TRsP5jJuMj0,2D21 3005,2D2021-3005,True,RADU CRACIUN  vs NICOLETA RUSU,2022-06-10,affirm,Affirmed,True,False,,,False,,False,,,,,,,,,,684,
TXrXT1J089s,23 731,2D2023-0731,True,ANDERSON v. STATE OF FLORIDA,2024-05-29,affirm,Affirmed,True,True,,Silberman; Black; Smith,False,,False,,Frederick P. Mercurio,Manatee,"DISTRICT COURT OF APPEAL OF FLORIDA SECOND DISTRICT TAYLOR ANDERSON, Appellant, v. STATE OF FLORIDA, Appellee. No. 2D2023-0731 May 29, 2024 Appeal from the Circuit Court for Manatee County; Frederick P. Mercurio, Judge. Jennifer L. Fury, Palmetto","DERSON, Appellant, v. STATE OF FLORIDA, Appellee. No. 2D2023-0731 May 29, 2024 Appeal from the Circuit Court for Manatee County; Frederick P. Mercurio, Judge. Jennifer L. Fury, Palmetto, for Appellant. Ashley Moody, Attorney General, Tallahassee, and Clara V. Murga, Assistant Attorney General, Tampa",,,,,786,
T_9muN_TsIE,2D22 324,2D2022-0324,True,"JP MORGAN CHASE BANK, NATIONAL ASSOCIATION  vs CHRISTOPHER LOFGREN",2022-06-22,denied,Denied,True,False,,Northcutt; Khouzam; Black,False,,False,,,,,,,,,,843,
TbWQoVLgivY,24 1927,2D2024-1927,True,PATRICIO EDUARDO LANAS v. STATE OF FLORIDA,2026-05-20,affirm,Affirmed.,True,True,,Kelly; Morris; Sleet,False,,False,,Gregory G. Groger,Pasco,"DISTRICT COURT OF APPEAL OF FLORIDA SECOND DISTRICT PATRICIO EDUARDO LANAS, Appellant, v. STATE OF FLORIDA, Appellee. No. 2D2024-1927 May 20, 2026 Appeal from the Circuit Court for Pasco County; Gregory G. Groger, Judge. Ronald L. Frey of The Frey Law Firm, LLC, Tampa"," v. STATE OF FLORIDA, Appellee. No. 2D2024-1927 May 20, 2026 Appeal from the Circuit Court for Pasco County; Gregory G. Groger, Judge. Ronald L. Frey of The Frey Law Firm, LLC, Tampa, for Appellant. James Uthmeier, Attorney General, Tallahassee, and Sonia C. Lawson, Assistant Attorney General, Tampa",2D2024-1927,https://www.courtlistener.com/opinion/10861675/x/,10861675,11329104,804,
TdDi0Z4cnOE,2D21 485,2D2021-0485,True,"ANTONIO RUIZ AND MARIA HERNANDEZ  vs WENDY'S TRUCKING, L L C, ET AL",2023-03-08,affirm,Affirmed,False,False,,Khouzam; Sleet,False,,False,,Emily A. Peacock,Hillsborough,," No. 2D21-485 March 8, 2023 Appeal from the Circuit Court for Hillsborough County; Emily A. Peacock, Judge. Thomas A. Burns and Shannon C. Reese of Burns, P.A., Tampa; and Joseph M. Abdallah of Kanner & Pintaluga, P.A., Boca Raton, for Appellants. Mark D. Tinker of Cole, Scott & Kissane, P.A., Tampa",,,,,41144,
TlxgGkEsdnU,24 0278,2D2024-0278,True,"FLYNN v. WILSON, ET AL.",2024-12-11,affirm,Affirmed,False,False,Rothstein-Youakim,Rothstein-Youakim; Casanueva; Silberman,False,,False,,Hunter W. Carroll,Sarasota,"DISTRICT MICHAEL T. FLYNN, Appellant, v. RICK WILSON; JIM STEWARTSON; and MEIDASTOUCH LLC, Appellees. No. 2D2024-0278 December 11, 2024 Appeal from the Circuit Court for Sarasota County; Hunter W. Carroll, Judge. Stephen B. French and Jared J. Roberts of Binnall Law Group, PLLC, Alexandria, Virginia","and MEIDASTOUCH LLC, Appellees. No. 2D2024-0278 December 11, 2024 Appeal from the Circuit Court for Sarasota County; Hunter W. Carroll, Judge. Stephen B. French and Jared J. Roberts of Binnall Law Group, PLLC, Alexandria, Virginia, for Appellant. Leonard M. Collins of GrayRobinson, P.A., Tallahassee",,,,,30891,
TrYowBOHYUo,2D20 2208,2D2020-2208,True,DOV SUSSMAN  vs PHILLIP A. BAUMANN AND MICHAEL KANGAS,2021-05-14,affirm,Affirmed,True,False,,Casanueva; Villanti; Sleet,False,,False,,,,," ) MICHAEL KANGAS, individually; and ) BAUMANN/KANGAS ESTATE LAW, ) ) Appellees. ) ___________________________________) Opinion filed May 14, 2021. Appeal from the Circuit Court for Hillsborough County; Martha J. Cook, Judge. Dov Sussman, pro se. Michael R. Kangas, of BaumannKangas Estate Law, Tampa",,,,,1059,
Trf6eotIZlI,2D20 3507,2D2020-3507,True,"EARL CHRISTY AND DAVID CONSTABLE  vs MARK C. BOULDIN, ET AL",2022-06-08,affirm,Affirmed,True,False,,Northcutt; Villanti; Sleet,False,,False,,Thane B. Covert,Pinellas,"INVESTMENT MANAGEMENT COMPANY LLC, Appellees. No. 2D20-3507 June 8, 2022 Appeal from the Circuit Court for Pinellas County; Thane B. Covert, Judge. Paul B. Thanasides, Mary R. Thanasides, Stephen Shaw, and Garret Severson of McIntyre Thabasides Bringgold Elliott Grimaldi Guito & Matthews, P.A, Tampa","ellas County; Thane B. Covert, Judge. Paul B. Thanasides, Mary R. Thanasides, Stephen Shaw, and Garret Severson of McIntyre Thabasides Bringgold Elliott Grimaldi Guito & Matthews, P.A, Tampa, for Appellants. Lindsay Patrick Lopez of Trenam, Kemker, Scharf, Barkin, Frye, O'Neill & Mullis, P.A., Tampa",,,,,1796,
U-cxvn82WNA,2D19-4625,2D2019-4625,True,"ELYSSA A. STREET  vs DAVID A. STREET, ET AL.",2020-12-23,mixed,Affirmed in Part/Reversed in Part and remanded with instructions.,False,False,Villanti,Villanti; Casanueva; Labrit,False,,False,,,," APPEAL OF FLORIDA SECOND DISTRICT ELYSSA A. STREET, ) ) Appellant, ) ) v. ) Case No. 2D19-4625 ) DAVID A. STREET, ) ) Appellee. ) ) Opinion filed December 23, 2020. Appeal from the Circuit Court for Collier County; John O. McGowan, Judge. Raymond J. Rafool and David R. Hazouri of Rafool, LLC, Miami","2D19-4625 ) DAVID A. STREET, ) ) Appellee. ) ) Opinion filed December 23, 2020. Appeal from the Circuit Court for Collier County; John O. McGowan, Judge. Raymond J. Rafool and David R. Hazouri of Rafool, LLC, Miami, for Appellant. Mark V. Silverio and Cynthia B. Hall of Silverio & Hall, P.A., Naples",,,,,2373,
U4LOAhSxe9c,22 3710,2D2022-3710,True,"TASO M. MILONAS, ESQ. VS HELEN MILONAS BENNETT-READER, ET AL",2023-08-23,affirm,Affirmed - Per Curiam Affirmed,True,True,,Sleet; Villanti; Black,False,,False,,,,,"as Revocable Trust U/A dated April 9, 2009, No. 2D22-3710 August 23, 2023 Appeal from the Circuit Court for Sarasota County, Stephen M. Walker, Judge. Taso M. Milonas, pro se. Frederick S. Schrils and Taryn Boyer of GrayRobinson, P.A., Tampa; and Kristie Hatcher-Bolin of GrayRobinson, P.A., Lakeland",,,,,2046,
U6T7_eqRUzE,2D20 2908,2D2020-2908,True,"AMBER RAE MC LAWHORN, INDIVIDUALLY AND ON BEHALF OF THOSE SIMILARLY SITUATED  vs GEICO INDEMNITY CO.",2021-10-06,affirm,Affirmed,True,False,,Kelly; Black; Stargel,False,,False,,Cheryl K. Thomas,Hillsborough,"Appeal from the Circuit Court for Hillsborough County; Cheryl K. Thomas, Judge. David M. Caldevilla of de la Parte & Gilbert, P.A., Tampa; J. Daniel Clark of Clark & Martino, P.A., Tampa; Matthew A. Crist of Crist Legal, P.A., Tampa; and George Hunter of Law Offices of George Hunter, P.A., Riverview","rist of Crist Legal, P.A., Tampa; and George Hunter of Law Offices of George Hunter, P.A., Riverview, for Appellant. John P. Marino, Kristen L. Wenger, and Mark Andrew Krieger, IV of Smith, Gambrell & Russell, LLP, Jacksonville; and Leah Ward Sears of Smith, Gambrell & Russell, LLP, Atlanta, Georgia",,,,,1144,
UAUxWAFDenM,23 0972,2D2023-0972,True,BELCHER v. STATE OF FLORIDA,2025-03-05,affirm,Affirmed,True,True,,Lucas; Atkinson; Labrit,False,,False,,Chris Helinger,Pinellas,"URT OF APPEAL OF FLORIDA SECOND DISTRICT SHANTAY MARIE BELCHER, Appellant, v. STATE OF FLORIDA, Appellee. No. 2D2023-0972 March 5, 2025 Appeal from the Circuit Court for Pinellas County; Chris Helinger, Judge. Blair Allen, Public Defender, and Christopher E. Cosden, Assistant Public Defender, Bartow","5 Appeal from the Circuit Court for Pinellas County; Chris Helinger, Judge. Blair Allen, Public Defender, and Christopher E. Cosden, Assistant Public Defender, Bartow, for Appellant. James Uthmeier, Attorney General, Tallahassee; David Campbell, and Joshua A. Schow, Assistant Attorney General, Tampa",,,,,861,
UB-Gfz4hhNs,2D20 1561,2D2020-1561,True,"GORDON WILDE  vs TRI-TOWN CONSTRUCTION, LLC",2022-03-04,affirm,Affirmed,True,False,,,False,,False,,Lauren L. Brodie,Collier,," Appellee/Cross Appellant. No. 2D20-1561 March 4, 2022 Appeal from the Circuit Court for Collier County; Lauren L. Brodie, Judge. Robin Bresky and Jonathan Mann of Law Offices of Robin Bresky, Boca Raton, for Appellant/Cross Appellee. Matthew B. Devisse of Coleman, Yovanovich & Koester, P.A., Naples",,,,,851,
UCL3Vb4r_bo,22 2941,2D2022-2941,True,MINGO v. STATE OF FLORIDA,2024-06-07,affirm,Affirmed,True,True,,Kelly; Rothstein-Youakim; Smith,False,,False,,Mark D. Kiser,Hillsborough," OF FLORIDA SECOND DISTRICT JARROD ISIAH MINGO, Appellant, v. STATE OF FLORIDA, Appellee. No. 2D2022-2941 June 7, 2024 Appeal from the Circuit Court for Hillsborough County; Mark D. Kiser, Judge. Howard L. Dimmig, II, Public Defender, and Benedict P. Kuehne, Special Assistant Public Defender, Bartow","24 Appeal from the Circuit Court for Hillsborough County; Mark D. Kiser, Judge. Howard L. Dimmig, II, Public Defender, and Benedict P. Kuehne, Special Assistant Public Defender, Bartow, for Appellant. Ashley Moody, Attorney General, Tallahassee, and J. Wade Stidham, Assistant Attorney General, Tampa",,,,,873,
UCffKLL8npY,2D18-4858,2D2018-4858,True,PAUL A. JACOBS  vs RENEE JACQUES F/K/A RENEE JACOBS,2020-08-12,mixed,Affirmed in Part/Reversed in Part and remanded.,False,False,,Khouzam; Rothstein-Youakim,False,,False,,,,"DA SECOND DISTRICT PAUL A. JACOBS, ) ) Appellant, ) ) v. ) Case No. 2D18-4858 ) RENEE M. JACQUES f/k/a RENEE M. ) JACOBS, ) ) Appellee. ) ) Opinion filed August 12, 2020. Appeal from the Circuit Court for Lee County; John S. Carlin, Judge. Stacy L. Haverfield of Stacy L. Haverfield, P.A., Cape Coral",,,,,,12674,
UFPj_ztryQc,23 259,2D2023-0259,True,PEOPLE FOR THE ETHICAL TREATMENT OF ANIMALS VS PETSMART LLC AND JUSTINE GLASSMOYER,2023-09-01,denied,Denied - PC Denied,True,False,,Casanueva; Lucas; Rothstein-Youakim,False,,False,,,,,,,,,,1234,
UFbJOSjSqRE,2D22 853,2D2022-0853,True,EUGENE ZENTKO  vs DEPARTMENT OF HIGHWAY SAFETY AND MOTOR VEHICLES,2022-08-17,denied,Denied,True,False,,Northcutt; Casanueva; Khouzam,False,,False,,,,,,,,,,980,
ULO_CqLLziw,2D19-4831,2D2019-4831,True,"OLD DOMINION INSURANCE COMPANY  vs GATOR CREATIONS, INC., ET AL",2020-12-04,affirm,Affirmed,True,False,,Casanueva; Villanti; Labrit,False,,False,,,,"GATOR CREATIONS, INC., a Florida ) corporation; CERTI-PRO, INC., a ) Florida corporation; and JEFFREY ) COOK, ) ) Appellees. ) ) Opinion filed December 4, 2020. Appeal from the Circuit Court for Sarasota County; Hunter W. Carroll, Judge. Samuel B. Spinner and Hinda Klein of Conroy Simberg, Hollywood","OK, ) ) Appellees. ) ) Opinion filed December 4, 2020. Appeal from the Circuit Court for Sarasota County; Hunter W. Carroll, Judge. Samuel B. Spinner and Hinda Klein of Conroy Simberg, Hollywood, for Appellant. Landis V. Curry III, Andrew F. Knopf, and J. Blaise Fischbach of Paul Knopf Bigger, Tampa",,,,,1431,
UNOhRzLEzuM,2D19-1100,2D2019-1100,True,MICHAEL GETTS  vs STATE OF FLORIDA,2021-04-07,reverse,Reversed and remanded.,False,False,Atkinson,Atkinson; Morris; Smith,False,,False,,,,"OF FLORIDA SECOND DISTRICT MICHAEL GETTS, ) ) Appellant, ) ) v. ) Case No. 2D19-1100 ) STATE OF FLORIDA, ) ) Appellee. ) ) Opinion filed April 7, 2021. Appeal from the Circuit Court for Lee County; Joseph C. Fuller, Jr., Judge. Christopher E. Cosden of Law Office of Christopher E. Cosden, Fort Myers",". ) ) Opinion filed April 7, 2021. Appeal from the Circuit Court for Lee County; Joseph C. Fuller, Jr., Judge. Christopher E. Cosden of Law Office of Christopher E. Cosden, Fort Myers, for Appellant. Ashley Moody, Attorney General, Tallahassee, and Cynthia Richards, Assistant Attorney General, Tampa",,,,,14574,
UR6U0FAD2uA,2D19-1960,2D2019-1960,True,DAVID P. LAMBDIN  vs DIANNE A. LAMBDIN,2020-07-08,affirm,Affirmed,True,False,,,False,,False,,,,"PEAL OF FLORIDA SECOND DISTRICT DAVID P. LAMBDIN, ) ) Appellant, ) ) v. ) Case No. 2D19-1960 ) DIANNE A. LAMBDIN, ) ) Appellee. ) ) Opinion filed July 8, 2020. Appeal from the Circuit Court for Hillsborough County; Nick Nazaretian, Judge. Allison M. Perry of Florida Appeals & Mediations, P.A., Tampa",,,,,,1093,
URIrMOa-QI8,2D20-1571,,False,,,,,,,,,,,,,,,,,,,,,,
UUqhaBKJkgI,2D20 910,2D2020-0910,True,"ATHANASIOS MAZAS, ET AL  vs LOUIS HOTELS, S. A.",2021-05-14,affirm,Affirmed,True,False,,Black; Rothstein-Youakim; Stargel,False,,False,,,,"ellants, ) ) v. ) Case No. 2D20-910 ) LOUIS HOTELS, S.A., as full ) successor by merger to LOUIS ) TOURISM HOTEL BUSINESSES ) ZAKYNTHOS, S.A., ) ) Appellee. ) ) Opinion filed May 14, 2021. Appeal from the Circuit Court for Pinellas County; Keith Meyer, Judge. Hinda Klein of Conroy Simberg, Hollywood"," Appeal from the Circuit Court for Pinellas County; Keith Meyer, Judge. Hinda Klein of Conroy Simberg, Hollywood, for Appellants. Barry Richard and M. Hope Keating, of Greenberg Traurig, P.A., Tallahassee; and William R. Clayton and Miguel Aristizabal, of Clayton Trial Lawyers, PLLC, Fort Lauderdale",,,,,1490,
UXfEB1OAB10,2D20 694,2D2020-0694,True,FRANK GUZMAN  vs STATE OF FLORIDA,2021-11-17,mixed,"Affirmed in Part/Reversed in Part , and remanded with directions.",False,False,Casanueva,Casanueva; Lucas; Atkinson,False,,False,,Kimberly Campbell,Pasco,"DISTRICT COURT OF APPEAL OF FLORIDA SECOND DISTRICT FRANK GUZMAN, Appellant, v. STATE OF FLORIDA, Appellee. No. 2D20-694 November 17, 2021 Appeal from the Circuit Court for Pasco County; Kimberly Campbell, Judge. Marie-Louise Samuels Parmer of Parmer DeLiberato, P.A., Tampa","LORIDA, Appellee. No. 2D20-694 November 17, 2021 Appeal from the Circuit Court for Pasco County; Kimberly Campbell, Judge. Marie-Louise Samuels Parmer of Parmer DeLiberato, P.A., Tampa, for Appellant. Ashley Moody, Attorney General, Tallahassee, and C. Todd Chapman, Assistant Attorney General, Tampa",,,,,8426,
UXnqcUAVLE4,24 2871,2D2024-2871,True,ANASTASIOS ANASTASOPOULOS and STAMATIKI EKONOMIDES v. ELIAS ANASTASOPOULOS; ELENI ANASTASOPOULOS;,2026-03-20,affirm,Affirmed.,True,True,,,False,,False,,Amy Williams,Pinellas," Appellees. No. 2D2024-2871 March 20, 2026 Appeal from the Circuit Court for Pinellas County; Amy Williams, Judge. Ceci Culpepper Berman and Landis V. Curry III (withdrew after briefing) of Brannock Berman & Seider, Tampa; and Jason M. Ellison and Matthew D. Baylor of Ellison Lazenby, St. Petersburg","Berman and Landis V. Curry III (withdrew after briefing) of Brannock Berman & Seider, Tampa; and Jason M. Ellison and Matthew D. Baylor of Ellison Lazenby, St. Petersburg, for Appellants. Matthew J. Conigliaro of Carlton Fields, P.A., Tampa; and Robert Persante of PersanteZuroweste, P.A., Clearwater",2D2024-2871,https://www.courtlistener.com/opinion/10811562/x/,10811562,11278314,1123,
UYEVND4feO8,2D19-2059,,False,,,,,,,,,,,,,,,,,,,,,,
UZfTBA2yftE,2D22 785,2D2022-0785,True,"EAST WINDS CONSULTING, LLC  vs AMERIFUND EQUITY GROUP, ET AL.",2023-02-24,dismissed,Dismissed,False,False,,,False,,False,,John Carassas,Pinellas,"STATE OF ZELPHIA A. LYLES; ANY AND ALL UNKNOWN HEIRS OF ZELPHIA A. LYLES; and ANY UNKNOWN OCCUPANTS IN POSSESSION n/k/a Shaneka Mitchell, Appellees. No. 2D22-785 February 24, 2023 Appeal from the County Court for Pinellas County; John Carassas, Judge. Michael Farrar of Michael J. Farrar, P.A., Doral"," HEIRS OF ZELPHIA A. LYLES; and ANY UNKNOWN OCCUPANTS IN POSSESSION n/k/a Shaneka Mitchell, Appellees. No. 2D22-785 February 24, 2023 Appeal from the County Court for Pinellas County; John Carassas, Judge. Michael Farrar of Michael J. Farrar, P.A., Doral, for Appellant. Kevin J. Loftus, Jacksonville",,,,,1476,
U_gbiPzo7eI,2D21 102,2D2021-0102,True,"EARL CHRISTY AND DAVID CONSTABLE  vs MARK C. BOULDIN, ET AL",2022-06-08,affirm,Affirmed,True,False,,Northcutt; Villanti; Sleet,False,,False,,Thane Covert,Pinellas,"C; AND VALIDUS SENIOR LIVING HOLDINGS, LLC, Appellees. No. 2D21-102 June 8, 2022 Appeal from the Circuit Court for Pinellas County; Thane Covert, Judge. Paul Thanasides, Mary Thanasides, Garrett Severson and Stephen Shaw of McIntyre Thanasides Bringgold Elliott Grimaldi Guito & Matthews, P.A., Tampa","; Thane Covert, Judge. Paul Thanasides, Mary Thanasides, Garrett Severson and Stephen Shaw of McIntyre Thanasides Bringgold Elliott Grimaldi Guito & Matthews, P.A., Tampa, for Appellants. Jay A. Yagoda of Greenberg Traurig, Miami; and Gregory W. Kehoe and Danielle S. Kemp of Greenberg Traurig, Tampa",,,,,2021,
UbdNSpRMZSA,2D17-4419,2D2017-4419,True,CHRISTIAN KALEN CRAWFORD  vs STATE OF FLORIDA,2020-12-09,affirm,Affirmed,True,False,,Northcutt; Black; Smith,False,,False,,,,,"pinion filed December 9, 2020. Appeal from the Circuit Court for Manatee County; Hunter Carroll, Judge. Michael Robert Ufferman of Michael Ufferman Law Firm, P.A. Tallahassee, for Appellant. Ashley Moody, Attorney General, Tallahassee, and Laurie Marie Benoit- Knox, Assistant Attorney General, Tampa",,,,,1158,
UjchzyByx4w,2D20-527,2D2020-0527,True,"ANGELA D. FLIPPIN - TRAINER, M. D., ET AL.  vs NAPLES H M A, L L C, D/B/A PHYSICIANS REGIONAL HEALTHCARE SYSTEM D/B/A PHYSICIANS REGIONAL MEDICAL CENTER, ET AL.",2021-02-19,affirm,Affirmed,True,False,,Silberman; Black; Labrit,False,,False,,,,,"h D. Hayes, Judge. Richard H. Levenstein and Abby M. Spears of Nason, Yeager, Gerson, Harris & Fumero, P.A., Palm Beach Gardens, for Appellants. Beverly A. Pohl and Christina Lehm of Nelson Mullins Broad and Cassel, Fort Lauderdale; and Michael J. Bittman of Nelson Mullins Broad and Cassell, Orlando",,,,,1477,
UkN423S7Ua4,2D21 337 & 341,2D2021-0337,True,"LANCE LOGAN AND KENT LOGAN  vs MORGAN, LEWIS & BOCKIUS, L L P",2022-10-21,reverse,Reversed and remanded for further proceedings.,False,False,Rothstein-Youakim,Rothstein-Youakim; Northcutt; Casanueva,False,,False,,Steven Scott Stephens,Hillsborough,"7 October 21, 2022 Appeal from the Circuit Court for Hillsborough County; Steven Scott Stephens, Judge. Scott F. Hessell of Sperling & Slater, P.C., Chicago, Illinois; Adam P. Merrill of Watershed Law LLC, Chicago, Illinois; and Scott C. Ilgenfritz of Johnson, Pope, Bokor, Ruppel & Burns, LLP, Tampa"," Chicago, Illinois; and Scott C. Ilgenfritz of Johnson, Pope, Bokor, Ruppel & Burns, LLP, Tampa, for Appellants. Ceci C. Berman of Brannock Humphries & Berman, Tampa; James P. Fogelman and Shannon Mader of Gibson, Dunn & Crutcher LLP, Los Angeles, California; and Jennifer K. Bracht, Denver, Colorado",,,,,32093,
Um4pN5rDxGg,23 490,2D2023-0490,True,"PROGRESSIVE SELECT INSURANCE COMPANY v. LLOYD'S OF SHELTON AUTO GLASS, L L C, A/A/O BRUCE FARLOW",2024-12-11,reverse,Reversed and remanded.,False,False,Atkinson,Atkinson,True,,False,,,,,"an E. Alexander, and Carlos G. Gomez of Young, Bill, Boles, Palmer, Duke & Thompson, P.A., Tampa, for Appellant. David M. Caldevilla of de la Parte, Gilbert, McNamara & Caldevilla, P.A., Tampa; Michael V. Laurato of Austin & Laurato, P.A., Tampa; and Anthony T. Prieto of Morgan & Morgan, P.A., Tampa",,,,,87792,
Usrm6prX5Zs,23 2452,2D2023-2452,True,"LIFSEY, ESQ. v. NEUHOFF, LAUDER",2025-01-15,other,Citation- Affirmed,True,False,,Sleet; Lucas; Rothstein-Youakim,False,,False,,Melissa Polo,Hillsborough,"OURT OF APPEAL OF FLORIDA SECOND DISTRICT J. STANFORD LIFSEY and J. STANFORD LIFSEY, P.A., Appellants, v. JOHN MATTHEW NEUHOFF, Appellee. No. 2D2023-2452 January 15, 2025 Appeal from the Circuit Court for Hillsborough County; Melissa Polo, Judge. J. Stanford Lifsey of J. Stanford Lifsey, P.A., Tampa","ANFORD LIFSEY, P.A., Appellants, v. JOHN MATTHEW NEUHOFF, Appellee. No. 2D2023-2452 January 15, 2025 Appeal from the Circuit Court for Hillsborough County; Melissa Polo, Judge. J. Stanford Lifsey of J. Stanford Lifsey, P.A., Tampa, for Appellants. Stuart Jay Levine of Walters Levine & DeGrave, Tampa",,,,,859,
UweBkenoyBc,2D21 269,2D2021-0269,True,"GARLD G. KURTZ, JR.  vs KALEY MARIE KUYKENDALL",2021-08-20,affirm,Affirmed,True,False,,Villanti; Khouzam; Stargel,False,,False,,Michael C. Bagge-Hernandez,Hillsborough,"DISTRICT COURT OF APPEAL OF FLORIDA SECOND DISTRICT GARLD G. KURTZ, JR., Appellant, v. KALEY MARIE KUYKENDALL, Appellee. No. 2D21-269 August 20, 2021 Appeal from the County Court for Hillsborough County; Michael C. Bagge-Hernandez, Judge. Nicole R. Ramirez of HD Law Partners, Tampa","ellant, v. KALEY MARIE KUYKENDALL, Appellee. No. 2D21-269 August 20, 2021 Appeal from the County Court for Hillsborough County; Michael C. Bagge-Hernandez, Judge. Nicole R. Ramirez of HD Law Partners, Tampa, for Appellant. P.O. Box 23567, Tampa 33607 Ezequiel Lugo of Banker Lopez Gassler P.A., Tampa",,,,,800,
V17ugMgJ3po,2D19-1193,,False,,,,,,,,,,,,,,,,,,,,,,
V5vuNfolEeQ,2D21 3911,2D2021-3911,True,"LINDA L. SHAFFER  vs WILMINGTON SAVINGS FUND SOCIETY F S B D/B/A CHRISTIANA TRUST, AS TRUSTEE, ET AL.,",2022-11-16,affirm,Affirmed,True,False,,Northcutt; Casanueva; Khouzam,False,,False,,Andrea McHugh,Sarasota,,"etium Mortgage Acquisition Trust, Appellee. No. 2D21-3911 November 16, 2022 Appeal from the Circuit Court for Sarasota County; Andrea McHugh, Judge. David W. Smith of Law Office of David W. Smith, Sarasota, for Appellant. Jacqueline Simms-Petredis and Gennifer L. Bridges of Burr & Foran LLP, Orlando",,,,,923,
V67opi08pxU,22 921,2D2022-0921,True,JAMES MICHAEL REHMEYER VS STATE OF FLORIDA,2023-06-23,affirm,Affirmed - Per Curiam Affirmed,True,True,,Morris; Silberman; Sleet,False,,False,,Mary M. Handsel,Pasco,"DISTRICT COURT OF APPEAL OF FLORIDA SECOND DISTRICT JAMES MICHAEL REHMEYER, Appellant, v. STATE OF FLORIDA, Appellee. No. 2D22-921 June 23, 2023 Appeal from the Circuit Court for Pasco County; Mary M. Handsel, Judge. Rick A. Sichta and Susanne K. Sichta of The Sichta Firm, LLC, Jacksonville","ellee. No. 2D22-921 June 23, 2023 Appeal from the Circuit Court for Pasco County; Mary M. Handsel, Judge. Rick A. Sichta and Susanne K. Sichta of The Sichta Firm, LLC, Jacksonville, for Appellant. Ashley Moody, Attorney General, Tallahassee, and William C. Shelhart, Assistant Attorney General, Tampa",,,,,842,
VAU15oej4IE,25 0671,2D2025-0671,True,In re Guardianship of Theresa Marie Schiavo v. MICHAEL SCHIAVO,2026-04-08,affirm,Affirmed.,False,False,,Northcutt; Villanti,False,,False,,Sherwood Coleman,Pinellas,"a Marie Schiavo, MARY SCHINDLER; BOBBY SCHINDLER; and TERRI SCHIAVO LIFE & HOPE NETWORK, Appellants, v. MICHAEL SCHIAVO, Appellee. No. 2D2025-0671 April 8, 2026 Appeal from the Circuit Court for Pinellas County; Sherwood Coleman, Judge. Jeremy D. Bailie of Weber, Crabb & Wein, P.A., Saint Petersburg",", v. MICHAEL SCHIAVO, Appellee. No. 2D2025-0671 April 8, 2026 Appeal from the Circuit Court for Pinellas County; Sherwood Coleman, Judge. Jeremy D. Bailie of Weber, Crabb & Wein, P.A., Saint Petersburg, for Appellants. Hamden H. Baskin, III, and Jeffrey A. Eisel of Baskin Eisel Rightmyer, Clearwater",2D2025-0671,https://www.courtlistener.com/opinion/10839186/x/,10839186,11306530,13568,
VDZ4aQXtL-A,2D19-2290,,False,,,,,,,,,,,,,,,,,,,,,,
VGdTnGn0uxo,23 2606,2D2023-2606,True,"VASILAKOU-EMMENEGER, et al v. THE BANK OF NEW YORK MELLON, AS TRUSTEE FOR STRUCTURED ASSET SECURITIES CORPORATION, et al",2025-03-26,affirm,Affirmed,True,True,,,False,,False,,Thomas M. Ramsberger,Pinellas,"ured Asset Securities Corporation Mortgage Pass-Through Certificates, Series 2003-31A, Appellee, No. 2D2023-2606 March 26, 2025 Appeal from the Circuit Court for Pinellas County; Thomas M. Ramsberger, Judge. Robert E. Biasotti and Brandon S. Vesely of The Florida Appellate Firm, P.A., St. Petersburg",,,,,,1274,
VIWFPxEtH-c,22 1365,2D2022-1365,True,"YOUNG KIM VS WESTCHASE COMMUNITY ASSOCIATION, INC.",2023-04-26,affirm,Affirmed - Per Curiam Affirmed,True,True,,Casanueva; Silberman; Lucas,False,,False,,Leslie Schultz- Kin,Hillsborough,"DISTRICT COURT OF APPEAL OF FLORIDA SECOND DISTRICT YOUNG KIM, Appellant, v. WESTCHASE COMMUNITY ASSOCIATION, INC., Appellee. No. 2D22-1365 April 26, 2023 Appeal from the County Court for Hillsborough County; Leslie Schultz- Kin, Judge. Kenneth Case of Consumer Law Attorneys, Clearwater","Case of Consumer Law Attorneys, Clearwater, for Appellant. Christopher Hixson of Segal & Schuh Law Group, P.L., Clearwater, for Appellant. David P. Mitchell of Maney & Gordon, P.A., Tampa, for Appellant. Sean P. Bevil, Jonathan J. Ellis, and Kathleen G. Reres of Shumaker, Loop & Kendrick, LLP, Tampa",,,,,992,
VKrKE_Op-Qw,2D19-2568,,False,,,,,,,,,,,,,,,,,,,,,,
VLEatrtvoz0,2D21 1387,2D2021-1387,True,"DANIEL W. DAVIS AND MELINDA M. DAVIS  vs VERANDAH AT LAKE GRADY HOMEOWNERS ASSOCIATION, INC., ET AL.",2023-01-13,affirm,Affirmed,False,False,Sleet,Sleet; Kelly; Khouzam,False,,False,,Christopher C. Nash,Hillsborough,,"the Circuit Court for Hillsborough County; Christopher C. Nash, Judge. Steven L. Brannock, Thomas J. Seider, and Torri D. Macarages (withdrew after briefing), of Brannock Humphries & Berman, Tampa, for Appellants. Chance Lyman, Joshua Smith, and Steven Cline of Buchanan Ingersoll & Rooney, PC, Tampa",,,,,17150,
VQ6B815jh5k,2D20-324,2D2020-0324,True,"SOKNOH PARTNERS, L L C  vs AUDIO VISIONS SOUTH, INC., ET AL",2021-05-12,reverse,Reversed and remanded.,False,False,Silberman,Silberman; Morris; Labrit,False,,False,,,," MARTHA ) EDWARDS, ) ) Appellees. ) ___________________________________) Opinion dated May 12, 2021. Appeal from the Circuit Court for Hillsborough County; William P. Levens, Senior Judge, and Caroline T. Arkin, Judge. Alicia R. Whiting-Bozich and Mahlon Barlow of Sivyer Barlow & Watson, P.A., Tampa"," 2021. Appeal from the Circuit Court for Hillsborough County; William P. Levens, Senior Judge, and Caroline T. Arkin, Judge. Alicia R. Whiting-Bozich and Mahlon Barlow of Sivyer Barlow & Watson, P.A., Tampa, for Appellant. Duane A. Daiker and Jaime Austrich of Shumaker, Loop and Kendrick, LLP, Tampa",,,,,19075,
VQP_C9asGpQ,2D19-3321,2D2019-3321,True,"SYNAXIS LAND COMPANY, TE DEUM, LLC AND JAMES R. MIKES vs HUNT REAL ESTATE SERVICES, INC.",2021-01-15,reverse,Reversed and remanded.,False,False,Lucas,Lucas; Rothstein-Youakim; Smith,False,,False,,,,"Y, ) TE DEUM LLC and JAMES R. ) MIKES, ) ) Appellants, ) ) v. ) Case No. 2D19-3321 ) HUNT REAL ESTATE SERVICES, ) INC., ) ) Appellee. ) ) Opinion filed January 15, 2021. Appeal from the Circuit Court for Hillsborough County; Steven Scott Stephens, Judge. James R. Mikes of James R. Mikes, P.A., Tampa","ERVICES, ) INC., ) ) Appellee. ) ) Opinion filed January 15, 2021. Appeal from the Circuit Court for Hillsborough County; Steven Scott Stephens, Judge. James R. Mikes of James R. Mikes, P.A., Tampa, for Appellants. Michael S. Rywant and John A. Guyton of Rywant, Alvarez, Jones, Russo & Guyton, Tampa",,,,,5634,
VR_9ow5QFN0,2D19-4401,,False,,,,,,,,,,,,,,,,,,,,,,
VZQQEGrhr8o,23 2604,2D2023-2604,True,"INTEREST HOLDINGS, INC. v. DOUGLAS, ESTATE OF STEVEN LOUIS WATSON",2024-12-27,affirm,Affirmed,True,True,,,False,,False,,Pamela A.M. Campbell,Pinellas,,". NANCY R. DOUGLAS, Appellee. No. 2D2023-2604 December 27, 2024 Appeal from the Circuit Court for Pinellas County; Pamela A.M. Campbell, Judge. Andy Dogali and Alexis Selvy of Dogali Selvy Law, P.A, Clearwater, for Appellant. Caitlein J. Jammo and Brandon D. Bellew of Ruppel & Burns, LLP, Clearwater",,,,,872,
VZYSRNM9yXk,22 1078,2D2022-1078,True,"JAMES A. MATTHEWS, AS PERSONAL REPRESENTATIVE OF THE ESTATE OF PATRICIA M. SISSON, AND AS TRUSTEE OF THE PATRICIA M. SISSON TRUST #2 DATED MARCH 6, 2007 vs THE NORTHERN TURST COMPANY, AS TRUSTEE OF THE PATRICIA M. SISSON TRUST #1 DATED MARCH 6, 2007; IAN SISSON AND DIANA SISSON KINIKIN",2023-03-22,affirm,Affirmed,True,False,,Silberman; Black; Rothstein-Youakim,False,,False,,Charles E. Williams,Sarasota,," Skipper, P.A., Sarasota, Bartow, for Appellant Barry F. Spivey of Barry F. Spivey, P.A., Sarasota; and Lauren V. Purdy and Peyton Brown of Gunster, Yoakley & Stewart, P.A., Jacksonville, for Appellee Northern Trust. Dominic Kouffman, Allison Mangan and Stacy D. Blank of Holland & Knight, LLP, Tampa",,,,,1336,
Va8rylKY3c4,24 0994,2D2024-0994,True,"Schmidt, Thompson v. Thobe, Gulf Coast Holdings, et al",2025-09-03,reverse,Reversed and remanded.,False,False,Sleet,Sleet; Kelly; Atkinson,False,,False,,Michael F. Andrews,Pinellas,"pellants, v. KARA THOBE and GULF COAST HOLDINGS, L.L.C. d/b/a GENTLEMEN'S CLUB, Appellees. No. 2D2024-0994 September 3, 2025 Appeal from the Circuit Court for Pinellas County; Michael F. Andrews, Judge. Joshua S. Miller and Daniel S. Weinger of Luks, Santaniello, Petrillo, Cohen & Peterfriend, Tampa",,,,,,13622,
VcxeKwrpzF4,2D20-1398,2D2020-1398,True,"CHRISTOPHER L. BURKE  vs MAUREEN  KELLY BURKE, N/K/A MAUREEN BRIDGET KELLY",2021-09-03,affirm,Affirmed,False,False,Lucas,Lucas,False,,False,,Christopher LaBruzzo,Pinellas,"L OF FLORIDA SECOND DISTRICT CHRISTOPHER L. BURKE Appellant, v. MAUREEN KELLY BURKE n/k/a MAUREEN BRIDGET KELLY, Appellee. No. 2D20-1398 September 3, 2021 Appeal from the Circuit Court for Pinellas County; Christopher LaBruzzo, Judge. Timothy W. Weber of Weber, Crabb and Wein, P.A., Saint Petersburg",,,,,,30975,
VdbPb-KRGwg,2D19-4372,2D2019-4372,True,L. E. B.  vs D. D. C.,2020-09-25,reverse,Reversed,False,False,Villanti,Villanti; Silberman; Sleet,False,,False,,,,"THE DISTRICT COURT OF APPEAL OF FLORIDA SECOND DISTRICT L.E.B., ) ) Appellant, ) ) v. ) Case No. 2D19-4372 ) D.D.C., ) ) Appellee. ) ) Opinion filed September 25, 2020. Appeal from the Circuit Court for Lee County; Amy R. Hawthorne, Judge. Andrew J. Banyai of Lee County Legal Aid Society, Fort Myers","F FLORIDA SECOND DISTRICT L.E.B., ) ) Appellant, ) ) v. ) Case No. 2D19-4372 ) D.D.C., ) ) Appellee. ) ) Opinion filed September 25, 2020. Appeal from the Circuit Court for Lee County; Amy R. Hawthorne, Judge. Andrew J. Banyai of Lee County Legal Aid Society, Fort Myers, for Appellant. No appearance",,,,,13202,
VkGPiUjuPZU,2D22 1201,2D2022-1201,True,"SUZANNE FERRY  vs E-Z CASHING, LLC",2023-04-05,mixed,Affirmed in Part/Reversed in Part ; remanded for further proceedings consistent with this opinion.,False,False,,Northcutt; Black,False,,False,,Cynthia J. Newton,Pinellas,"APPEAL OF FLORIDA SECOND DISTRICT SUZANNE FERRY, Appellant, v. E-Z CASHING, LLC, Appellee. No. 2D22-1201 April 5, 2023 Appeal from the Circuit Court for Pinellas County; Cynthia J. Newton, Judge. Joseph F. Milligan, George K. Rahdert, and George A. Thurlow of Rahdert & Mortimer, PLLC, St. Petersburg"," 2D22-1201 April 5, 2023 Appeal from the Circuit Court for Pinellas County; Cynthia J. Newton, Judge. Joseph F. Milligan, George K. Rahdert, and George A. Thurlow of Rahdert & Mortimer, PLLC, St. Petersburg, for Appellant. John Schank and David Neal Stern of Frank, Weinberg & Black, P.L., Plantation",,,,,15150,
Vl7JtOgYeO4,2D20 2027,,False,,,,,,,,,,,,,,,,,,,,,,
Vsnh8_mX6yQ,22 2857,2D2022-2857,True,"JYQUIS THOMAS VS TRENCH TRAINING SYSTEMS, LLC, ET AL.",2023-12-29,reverse,Reversed - Authored Opinion ~ and remanded.,False,False,Khouzam,Khouzam; Northcutt; Labrit,False,,False,,Emmett Lamar Battles,Hillsborough,"pellees. No. 2D22-2857 December 29, 2023 Appeal from the Circuit Court for Hillsborough County; Emmett Lamar Battles, Judge. Brian C. Tackenberg, John G. Crabtree, Charles M. Auslander, and Linda A. Wells of Crabtree & Auslander, LLC, Key Biscayne; and Brian L. Elstein of Jack Bernstein, P.A., Tampa","eal from the Circuit Court for Hillsborough County; Emmett Lamar Battles, Judge. Brian C. Tackenberg, John G. Crabtree, Charles M. Auslander, and Linda A. Wells of Crabtree & Auslander, LLC, Key Biscayne; and Brian L. Elstein of Jack Bernstein, P.A., Tampa, for Appellant. Eric O. Husby, Land O'Lakes",,,,,20262,
Vt6DdA9t7NY,21 953,2D2021-0953,True,"SANDEEP SETHI VS CHAPEL PINES HOMEOWNERS ASSOC., INC.",2023-09-15,affirm,Affirmed - Per Curiam Affirmed,True,True,,,False,,False,,Kent Compton,Pasco,,"ON, INC., Appellee/Cross-Appellant. Nos. 2D21-953, 2D22-35 CONSOLIDATED September 15, 2023 Appeal from the Circuit Court for Pasco County; Kent Compton, Judge. Scott Haas of S Haas Law, Tampa, for Appellant/Cross-Appellee. Jonathan J. Ellis and Jason W. Davis of Shumaker, Loop & Kendrick, LLP, Tampa",,,,,860,
VzZRU3q4-vU,2D18-4388,,False,,,,,,,,,,,,,,,,,,,,,,
W5GIaVEq4wQ,24 0971,,False,,,,,,,,,,,,,,,,,,,,,,
W5Ue3OscyhM,24 0318,2D2024-0318,True,Trimarco v. State of Florida,2025-06-27,affirm,Affirmed,True,True,,Villanti; Lucas; Labrit,False,,False,,Teri K. Dees,Manatee,"DISTRICT COURT OF APPEAL OF FLORIDA SECOND DISTRICT JENNIFER LYNN TRIMARCO, Appellant, v. STATE OF FLORIDA, Appellee. No. 2D2024-0318 June 27, 2025 Appeal from the Circuit Court for Manatee County; Teri K. Dees, Judge. Whitney S. Boan of Payne Law, PLLC, Orlando"," v. STATE OF FLORIDA, Appellee. No. 2D2024-0318 June 27, 2025 Appeal from the Circuit Court for Manatee County; Teri K. Dees, Judge. Whitney S. Boan of Payne Law, PLLC, Orlando, for Appellant. James Uthmeier, Attorney General, Tallahassee, and Nicole Rochelle Smith, Assistant Attorney General, Tampa",,,,,802,
W5hyNx63Ck8,2D21 797,2D2021-0797,True,ROBIN GIBSON ALLEY  vs THOMAS CHRISTOPHER ALLEY,2022-06-08,affirm,Affirmed,True,False,,,False,,False,,Kyle S. Cohen,Collier,"DISTRICT COURT OF APPEAL OF FLORIDA SECOND DISTRICT ROBIN GIBSON ALLEY, Appellant, v. THOMAS CHRISTOPHER ALLEY, Appellee. No. 2D21-797 June 8, 2022 Appeal from the Circuit Court for Collier County; Kyle S. Cohen, Judge. Donna J. Marshall of Marshall Law Office, Naples",,,,,,783,
W5rLGI3mFmc,21 3934,2D2021-3934,True,OWNERS INSURANCE COMPANY VS JILL MALLOTT,2023-04-19,affirm,Affirmed - Per Curiam Affirmed,True,True,,Northcutt; Khouzam; Rothstein-Youakim,False,,False,,"James M. Barton, II",Hillsborough,"PANY, a Foreign Profit Corporation, Appellant, v. JILL MALLOTT, Appellee. No. 2D21-3934 April 19, 2023 Appeal from the Circuit Court for Hillsborough County; James M. Barton, II, Senior Judge. Kansas R. Gooden of Boyd & Jenerette, P.A., Miami; and Kevin D. Franz of Boyd & Jenerette, P.A., Boca Raton","it Court for Hillsborough County; James M. Barton, II, Senior Judge. Kansas R. Gooden of Boyd & Jenerette, P.A., Miami; and Kevin D. Franz of Boyd & Jenerette, P.A., Boca Raton, for Appellant. Bailey Howard of Bishop & Mills, PLLC, Tallahassee; and John S. Mills of Bishop & Mills, PLLC, Jacksonville",,,,,993,
W61sPNJrAp4,2D19-841,,False,,,,,,,,,,,,,,,,,,,,,,
W6kRk1YbKGU,23 1260,2D2023-1260,True,CASSELL v. LAWYERS' FUND FOR CLIENT PROTECTION OF THE STATE OF NEW YORK,2024-02-09,affirm,Affirmed - Per Curiam Affirmed,True,True,,Rothstein-Youakim; Atkinson; Smith,False,,False,,Stephen Matthew Walker,Sarasota,,"D DISTRICT STUART CASSELL, Appellant, v. LAWYERS' FUND FOR CLIENT PROTECTION OF THE STATE OF NEW YORK, Appellee. No. 2D23-1260 February 9, 2024 Appeal from the Circuit Court for Sarasota County; Stephen Matthew Walker, Judge. Stuart Cassell, pro se. Matthew J. Brown of Dinsmore & Shohl, LLP, Orlando",,,,,779,
W7Zc58iFhRU,2D21 924,,False,,,,,,,,,,,,,,,,,,,,,,
W83IvHxQlvA,22 718,2D2022-0718,True,"JODY LEE GRAHAM VS COY LEE GRAHAM, SR.",2023-04-14,affirm,Affirmed - Per Curiam Affirmed,True,True,,,False,,False,,Alicia Polk,Pasco,,"llant, v. COY LEE GRAHAM, SR., Appellee. No. 2D22-718 April 14, 2023 Appeal from the Circuit Court for Pasco County; Alicia Polk, Judge. Jonathan W. Newlon of Robert Sparks Attorneys, PLLC, Dade City, for Appellant. Sarah Sultenfuss and Jeremiah S. Mulligan of Sarah Baker Sultenfuss, P.A., Dade City",,,,,793,
W8PQv7pGFGU,23 1197,2D2023-1197,True,"PROGRESSIVE AMERICAN INSURANCE COMPANY v. RESTO, JR.",2024-09-18,affirm,Affirmed,True,True,,Casanueva; Silberman; Rothstein-Youakim,False,,False,,Rex M. Barbas,Hillsborough,,"INSURANCE COMPANY, Appellant, v. ANGEL RESTO, JR., Appellee. No. 2D2023-1197 September 18, 2024 Appeal from the Circuit Court for Hillsborough County; Rex M. Barbas, Judge. Kevin D. Franz and Nicholas R. Consalvo of Boyd & Jenerette, P.A., for Appellant. Brian J. Lee of Morgan & Morgan, Jacksonville",,,,,797,
WA2JXnpa8a4,2D21 47,2D2021-0047,True,IAN DAVID MC CALLA  vs STATE OF FLORIDA,2022-04-01,affirm,Affirmed,True,False,,,False,,False,,Debra Johnes Riva,Sarasota,"DISTRICT COURT OF APPEAL OF FLORIDA SECOND DISTRICT IAN DAVID McCALLA, Appellant, v. STATE OF FLORIDA, Appellee. No. 2D21-47 April 1, 2022 Appeal from the Circuit Court for Sarasota County; Debra Johnes Riva, Judge. Andrea Flynn Mogensen of The Law Office of Andrea Flynn Mogensen PA, Sarasota","Riva, Judge. Andrea Flynn Mogensen of The Law Office of Andrea Flynn Mogensen PA, Sarasota, for Appellant. Ashley Moody, Attorney General, Tallahassee, and Michael S. Roscoe, Assistant Attorney General, Tampa; and Cynthia Richards, Assistant Attorney General, Tampa (substituted as counsel of record)",,,,,920,
WBjdloeyKc4,20 707,2D2020-0707,True,"RICH v. RICH, RICH",2024-04-03,reverse,Reversed - Authored Opinion ~ and remanded for proceedings consistent with this opinion.,False,False,Northcutt,Northcutt; Casanueva; Silberman,False,,False,,Christopher Labruzzo,Pinellas,"SON RICH, Appellant, v. JOHN D. RICH; ARNOLD R. RICH; BANNUM, INC.; KENTUCKY MANAGEMENT GROUP, INC.; and 656 R/E VENTURES, INC., Appellees. No. 2D20-707 April 3, 2024 Appeal from the Circuit Court for Pinellas County; Christopher Labruzzo, Judge. David A. Maney of Maney, Damsker & Jones, P.A., Tampa",,,,,,2714,
WC77ys5mahY,25 0639,2D2025-0639,True,"GISELA MARIA JARAMILLO, as personal representative of the Estate v. KASSEL LAW GROUP, PLLC; THE SACKS LAW GROUP, PLLC;",2025-12-19,affirm,Affirmed.,True,True,,Northcutt; Silberman; Kelly,False,,False,,Cheryl K. Thomas,Hillsborough," and SHIELD LAW GROUP, Appellants, v. KASSEL LAW GROUP, PLLC; THE SACKS LAW GROUP, PLLC; JOHN P. SACKS; and MATTHEW KASSEL, Appellees. No. 2D2025-0639 December 19, 2025 Appeal from the Circuit Court for Hillsborough County; Cheryl K. Thomas, Judge. Jon L. Johnson of Older Lundy Koch & Martino, Tampa","Appellees. No. 2D2025-0639 December 19, 2025 Appeal from the Circuit Court for Hillsborough County; Cheryl K. Thomas, Judge. Jon L. Johnson of Older Lundy Koch & Martino, Tampa, for Appellants. Ilene L. Pabian of Holland & Knight LLP, Miami; and Brian H. Koch of Holland & Knight LLP, Fort Lauderdale",2D2025-0639,https://www.courtlistener.com/opinion/10761611/x/,10761611,11228196,1075,
WEggdLupbG4,24 2173,2D2024-2173,True,"Cisneros v. Havens, Havens",2025-03-05,affirm,Affirmed,True,True,,Northcutt; Silberman; Smith,False,,False,,,,"S, n/k/a Karla Diaz, Appellant, v. MARY B. HAVENS and STEVEN D. HAVENS, Appellee. No. 2D2024-2173 March 5, 2025 Appeal pursuant to Fla. R. App. P. 9.130 from the Circuit Court for Hillsborough County; Anne-Leigh Gaylord Moe, Judge. Joshua E. Burmett and Mackenzie F. Rocha of Burnett Law, P.A., Tampa",,,,,,830,
WIssWK7HxKo,24 1277,2D2024-1277,True,"The Grand Reserve Condominiums Association at Tampa, Inc. v. Commercial Laundries Of West Florida, Inc.",2025-03-05,affirm,Affirmed,True,True,,Northcutt; Villanti; Atkinson,False,,False,,Mark R. Wolfe,Hillsborough," ASSOCIATION AT TAMPA, INC., Appellant, v. COMMERCIAL LAUNDRIES OF WEST FLORIDA, INC., and TRI-STATE TECHNICAL SERVICES, INC., Appellees. No. 2D2024-1277 March 5, 2025 Appeal from the Circuit Court for Hillsborough County; Mark R. Wolfe, Judge. Adam C. Gurley of Rabin Parker Gurley, P.A., Clearwater","TE TECHNICAL SERVICES, INC., Appellees. No. 2D2024-1277 March 5, 2025 Appeal from the Circuit Court for Hillsborough County; Mark R. Wolfe, Judge. Adam C. Gurley of Rabin Parker Gurley, P.A., Clearwater, for Appellant. Walter E. Smith of Meros, Smith, Brennan, Brennan & Gregg, P.A., Saint Petersburg",,,,,1005,
WJugsqIizFc,2D21 653,2D2021-0653,True,"MARIA MARTINEZ  vs DON JOHN PEREZ-ORTIZ, M. D. AND THE PEREZ EYE CENTER, P. L., ET AL",2022-09-23,reverse,Reversed and remanded with instructions.,False,False,Smith,Smith; Casanueva; Silberman,False,,False,,Emily A. Peacock,Hillsborough,"lant, v. DON JOHN PEREZ ORTIZ, M.D. and PEREZ EYE CENTER, P.L., Appellees. No. 2D21-653 September 23, 2022 Appeal from the Circuit Court for Hillsborough County; Emily A. Peacock, Judge. Joel R. Epperson of Epperson & Rich, PLLC, Tampa; and Aida M. Rodriguez of Law Office of Aida M. Rodriguez, Tampa",,,,,,19065,
WSf0Z3PxgFI,23 1242,2D2023-1242,True,"MISHIYEV v. DAVIS, BEASLEY MEDIA GROUP, LLC",2025-01-31,reverse,Reversed and remanded; conflict certified.,False,False,,Khouzam; Rothstein-Youakim,False,,False,,Caroline Tesche Arkin,Hillsborough,"T COURT OF APPEAL OF FLORIDA SECOND DISTRICT ERIK MISHIYEV, Appellant, v. ORLANDO DAVIS and BEASLEY MEDIA GROUP, LLC, Appellees. No. 2D2023-1242 January 31, 2025 Appeal from the Circuit Court for Hillsborough County; Caroline Tesche Arkin, Judge. Keiron Keith Jackman of Jackman Law, P.A., North Port","A GROUP, LLC, Appellees. No. 2D2023-1242 January 31, 2025 Appeal from the Circuit Court for Hillsborough County; Caroline Tesche Arkin, Judge. Keiron Keith Jackman of Jackman Law, P.A., North Port, for Appellant. Allison S. Lovelady, Rachel E. Fugate, and Minch Minchin of Shullman Fugate PLLC, Tampa",,,,,31689,
WTd12jZ9Coc,2D19-4843,2D2019-4843,True,"DEAN WISH, LLC  vs LEE COUNTY, FLORIDA",2021-10-06,affirm,Affirmed ; question certified.,False,False,,,True,,False,,Leigh F. Hayes,Lee,"NZEL CLERK 2 DISTRICT COURT OF APPEAL OF FLORIDA SECOND DISTRICT DEAN WISH, LLC, Appellant, v. LEE COUNTY, FLORIDA, Appellee. No. 2D19-4843 October 6, 2021 Appeal from the Circuit Court for Lee County; Leigh F. Hayes, Judge. Chance Lyman and Hala A. Sandridge of Buchanan Ingersoll & Rooney PC, Tampa","Appeal from the Circuit Court for Lee County; Leigh F. Hayes, Judge. Chance Lyman and Hala A. Sandridge of Buchanan Ingersoll & Rooney PC, Tampa, for Appellant. Jay J. Bartlett and Jeffrey L. Hinds of Bartlett Loeb Hinds & Thompson, P.A., Tampa; and Richard Wm. Wesch, Lee County Attorney, Fort Myers",,,,,63181,
WUcw5VeRxSs,2D20-781,2D2020-0781,True,"ELIZABETH J. JOHNSON  vs MARC D. JOHNSON, ESQ",2020-09-23,denied,Denied,True,False,,Northcutt; Morris; Lucas,False,,False,,,,,,,,,,1062,
WVyEuS7bvQY,24 1642,2D2024-1642,True,"TMTG Sub, Inc., F/K/A Trump Media & Technology Group Corp. v. United Atlantic Ventures, LLC, Moss, et al",2025-02-14,denied,Denied,True,False,,Northcutt; Kelly; Khouzam,False,,False,,,,,,,,,,1252,
WW-NecHOX8s,2D19-300,2D2019-0300,True,"JOELLEN TILSETH, GULF BREEZE PROPERTIES, INC., AND SPORTSBAG, INC.  vs GONDOLIER PROPERTIES, LLC, ET AL.",2021-01-08,affirm,Affirmed,True,False,,Northcutt; Kelly; Atkinson,False,,False,,,,"ia corporation; and ) PREMIERE MANAGEMENT INC., a ) Virginia corporation, ) ) Appellees. ) ________________________________ ) Opinion filed January 8, 2021. Appeal from the Circuit Court for Lee County; Keith R. Kyle, Judge. James A. McKee and Benjamin J. Grossman of Foley & Lardner LLP, Tallahassee",,,,,,2135,
WYCi6MWecnQ,2D21 1427,2D2021-1427,True,"TRUSTBIZ, LLC, UNDER THE 16-560 LAND TRUST  vs U. S. BANK NATIONAL ASSOCIATION, NOT IN IT'S INDIVIDUAL CAPACITY BUT  SOLEY AS TRUSTEE FOR THE RMAC TRUST, SERIES 2016-CTT",2021-11-19,affirm,Affirmed,True,False,,Northcutt; Silberman; Lucas,False,,False,,,,"ION, not in its individual capacity but solely as trustee for the RMAC Trust, Series 2016-CTT. Appellee. No. 2D21-1427 November 19, 2021 Appeal pursuant to Fla. R. App. P. 9.130 from the Circuit Court for Hillsborough County; Emmett Lamar Battles, Judge. Matthew D. Wolf of Ivanov & Wolf, PLLC, Tampa","the RMAC Trust, Series 2016-CTT. Appellee. No. 2D21-1427 November 19, 2021 Appeal pursuant to Fla. R. App. P. 9.130 from the Circuit Court for Hillsborough County; Emmett Lamar Battles, Judge. Matthew D. Wolf of Ivanov & Wolf, PLLC, Tampa, for Appellant. Richard S. McIver of Kass Shuler, P.A., Tampa",,,,,1031,
WYpY73hn-9w,2D21 372,2D2021-0372,True,"MARVEL MARTIN AND JEFFREY MARTIN  vs CITY OF TAMPA, ET AL.",2022-10-19,affirm,Affirmed,False,False,Atkinson,Atkinson; Black; Lucas,False,,False,,Paul L. Huey,Hillsborough,"RTIN, Appellants, v. CITY OF TAMPA; COLUMBIA FOOD SERVICE COMPANY, INC., d/b/a COLUMBIA RESTAURANT; and COLUMBIA OPERATING COMPANY, INC., Appellees. No. 2D21-372 October 19, 2022 Appeal from the Circuit Court for Hillsborough County; Paul L. Huey, Judge. Brian J. Lee of Morgan & Morgan, Jacksonville","COMPANY, INC., d/b/a COLUMBIA RESTAURANT; and COLUMBIA OPERATING COMPANY, INC., Appellees. No. 2D21-372 October 19, 2022 Appeal from the Circuit Court for Hillsborough County; Paul L. Huey, Judge. Brian J. Lee of Morgan & Morgan, Jacksonville, for Appellants. Hinda Klein of Conroy Simberg, Hollywood",,,,,16803,
WkmHa4Ag4Qw,2D20 3556,2D2020-3556,True,"THOMAS AMENDOLA AND DOZA INVESTMENTS, LLC  vs WILLIAM J. LAUNDER",2021-08-18,denied,Denied,True,False,,Morris; Kelly; Labrit,False,,False,,,,,,,,,,953,
Wl_8xbIr-uQ,2D21 258,2D2021-0258,True,"MASTEC, INC.  vs EVANSTON INSURANCE CO.",2022-03-04,affirm,Affirmed,True,False,,,False,,False,,Kimberly Byrd,Pasco,"STEC, INC. and MASTEC NORTH AMERICA, INC., Appellants, v. EVANSTON INSURANCE COMPANY, Appellee. No. 2D21-258 March 4, 2022 Appeal from the Circuit Court for Pasco County; Kimberly Byrd, Judge. Mark A. Boyle, Michael W. Leonard and Molly Chafe Brockmeyer of Boyle, Leonard & Anderson, P.A., Fort Myers",,,,,,886,
WvqcMzWXWUo,25 1336,2D2025-1336,True,"CANNON CONSTRUCTION OF SARASOTA, INC. v. ST. BONIFACE CHURCH, INC., and",2026-05-13,affirm,Affirmed.,True,True,,Khouzam; Rothstein-Youakim; Smith,False,,False,,,,"NC., Appellees. No. 2D2025-1336 May 13, 2026 Appeal pursuant to Fla. R. App. P. 9.130 from the Circuit Court for Sarasota County; Hunter W. Carroll, Judge. Anthony J. Manganiello; and Tyler J. Brown (substituted as counsel of record), of Icard, Merrill, Cullis, Timm, Furen & Ginsburg, P.A., Sarasota","; Hunter W. Carroll, Judge. Anthony J. Manganiello; and Tyler J. Brown (substituted as counsel of record), of Icard, Merrill, Cullis, Timm, Furen & Ginsburg, P.A., Sarasota, for Appellant. John Patterson of Shutts & Bowen, LLP, Sarasota; Eric S. Adams and Alyssa L. Cory of Shutts & Bowen, LLP, Tampa",2D2025-1336,https://www.courtlistener.com/opinion/10858000/x/,10858000,11325401,1199,
WweGKDhie68,2D21 3228,2D2021-3228,True,"ALPINE LIQUOR, INC.  vs PROVANTAGE GROUP, LLC, ET AL.,",2022-04-22,affirm,Affirmed,True,False,,Casanueva; Khouzam; Black,False,,False,,Paul L. Huey,Hillsborough,"Florida limited liability company; DEPARTMENT OF BUSINESS AND PROFESSIONAL REGULATION, Division of Alcoholic Beverages and Tobacco; and DEPARTMENT OF REVENUE, Appellees. No. 2D21-3228 April 22, 2022 Appeal from the Circuit Court for Hillsborough County; Paul L. Huey, Judge. J. Stanford Lifsey, Tampa","he Circuit Court for Hillsborough County; Paul L. Huey, Judge. J. Stanford Lifsey, Tampa, for Appellant. Natalie S. Fenner of Stroud Fenner Law Firm PLLC, Brandon, for Appellee Provantage Group, LLC. Joseph Yauger Whealdon, III, Chief Legal Counsel, and Megan Kachur, Chief Legal Counsel, Tallahassee",,,,,1170,
X3CTrwc4aL8,2D21 1093,2D2021-1093,True,"BRITTANY SMITH STEWART  vs S.  DRESDEN BRUNNER, ESQ., ANCILLARY PERSONAL REPRESENTATIVE, ET AL",2022-02-11,affirm,Affirmed,True,False,,,False,,False,,Charles E. Williams,Sarasota,"R S. TOWNSEND, as domiciliary personal representative of the Estate of William Eugene Smith, deceased; and CYNTHIA McGEE SMITH, Appellees. No. 2D21-1093 February 11, 2022 Appeal from the Circuit Court for Sarasota County; Charles E. Williams, Judge. Barry F. Spivey of Barry F. Spivey, P.A., Sarasota","the Circuit Court for Sarasota County; Charles E. Williams, Judge. Barry F. Spivey of Barry F. Spivey, P.A., Sarasota, for Appellant. Christopher D. Donovan of Roetzel & Andress, LPA, Naples, for Appellee S. Dresden Brunner. David A. Wallace and Jennifer L. Grosso of Bentley Law Firm, P.A., Sarasota",,,,,1372,
X7dYpQo7FuU,24 1348,2D2024-1348,True,Thifault v. State of Florida,2025-06-11,affirm,Affirmed,True,True,,Sleet; Kelly; Atkinson,False,,False,,Lon Arend,Manatee,"DISTRICT COURT OF APPEAL OF FLORIDA SECOND DISTRICT TYLER THIFAULT, Appellant, v. STATE OF FLORIDA, Appellee. No. 2D2024-1348 June 11, 2025 Appeal from the Circuit Court for Manatee County; Lon Arend, Judge. William F. Sansone of Sansone Law, P.A., Tampa","t, v. STATE OF FLORIDA, Appellee. No. 2D2024-1348 June 11, 2025 Appeal from the Circuit Court for Manatee County; Lon Arend, Judge. William F. Sansone of Sansone Law, P.A., Tampa, for Appellant. James Uthmeier, Attorney General, Tallahassee, and James A. Hellickson, Assistant Attorney General, Tampa",,,,,810,
XBADyjYeLVs,2D21 321,2D2021-0321,True,"THE KIDWELL GROUP, LLC D/ B/ A AIR QUALITY ASSESSORS OF FLORIDA, A/ A/ O LUCY COLLIER vs FLORIDA FARM BUREAU CASUALTY INSURANCE COMPANY",2022-10-19,reverse,Reversed and remanded.,False,False,Kelly,Kelly; Lucas; Atkinson,False,,False,,Hope M. Pattey,Polk,"LC d/b/a AIR QUALITY ASSESSORS of FLORIDA a/a/o LUCY COLLIER, Appellant, v. FLORIDA FARM BUREAU CASUALTY INSURANCE COMPANY, Appellee. No. 2D21-321 October 19, 2022 Appeal from the County Court for Polk County; Hope M. Pattey, Judge. Chad A. Barr and Dalton L. Gray of Chad Barr Law, Altamonte Springs","COMPANY, Appellee. No. 2D21-321 October 19, 2022 Appeal from the County Court for Polk County; Hope M. Pattey, Judge. Chad A. Barr and Dalton L. Gray of Chad Barr Law, Altamonte Springs, for Appellant. Robert T. Schulte, Matthew C. Scarborough, and Shiela Burke of Scarborough Attorneys at Law, Tampa",,,,,5612,
XJcU1E1f0es,2D21 176,,False,,,,,,,,,,,,,,,,,,,,,,
XKt3HH-h6Oc,25 1119,2D2025-1119,True,DEMETRIA NICOLE EUNIS v. STATE OF FLORIDA,2026-04-01,affirm,Affirmed.,True,True,,Lucas; Kelly; Smith,False,,False,,G. Gregory Green,Hillsborough,"RICT COURT OF APPEAL OF FLORIDA SECOND DISTRICT DEMETRIA NICOLE EUNIS, Appellant, v. STATE OF FLORIDA, Appellee. No. 2D2025-1119 April 1, 2026 Appeal from the Circuit Court for Hillsborough County; G. Gregory Green, Judge. Nicholas G. Matassini and Trevor Mylin of The Matassini Law Firm, P.A., Tampa"," Green, Judge. Nicholas G. Matassini and Trevor Mylin of The Matassini Law Firm, P.A., Tampa, for Appellant. James Uthmeier, Attorney General, Tallahassee, and Laura Dempsey, Assistant Attorney General, Tampa; and Alea C. Stephens, Assistant Attorney General, Tampa (substituted as counsel of record)",2D2025-1119,https://www.courtlistener.com/opinion/10831169/x/,10831169,11298406,938,
XMVIHqWdu2Q,2D19-2893,2D2019-2893,True,"HAYWARD BAKER, INC.  vs WESTFIELD INSURANCE CO., ET AL",2020-12-30,reverse,Reversed and remanded.,False,False,Black,Black; Villlanti; Atkinson,False,,False,,,,"tz Isabel), a ) Florida corporation, ) ) Appellees. ) ) Opinion filed December 30, 2020. Appeal from the Circuit Court for Hillsborough County; Steven Scott Stephens, Judge. Michael R. Carey, Angela M. Covington, and Mariko Shitama Outman of Carey, O'Malley, Whitaker, Mueller, Roberts & Smith, Tampa","the Circuit Court for Hillsborough County; Steven Scott Stephens, Judge. Michael R. Carey, Angela M. Covington, and Mariko Shitama Outman of Carey, O'Malley, Whitaker, Mueller, Roberts & Smith, Tampa, for Appellant. Steven A. Nisbet, Justin R. Zinzow, and John J. Thresher of Zinzow Law, LLC, Trinity",,,,,11114,
XPV-CeQYZgM,2D19-4352,2D2019-4352,True,WILLIAM  KENNA  vs STATE OF FLORIDA,2021-02-05,affirm,Affirmed,True,False,,Northcutt; Rothstein-Youakim; Labrit,False,,False,,,,"IDA SECOND DISTRICT WILLIAM KENNA, ) ) Appellant, ) ) v. ) Case No. 2D19-4352 ) STATE OF FLORIDA, ) ) Appellee. ) ) Opinion filed February 5, 2021. Appeal from the Circuit Court for Polk County; William D. Sites, Judge. Guillermo E. Gomez, Jr., and April L. Johnson, of Gomez & Touger, P.A., Lakeland",,,,,,1173,
XQE2MajUhu0,2D22 1158,2D2022-1158,True,"FLORIDA HEALTH SCIENCES CENTER, INC. D/B/A TAMPA GENERAL HOSPITAL v. JACKMAN, JACKMAN, et al",2024-03-20,dismissed,Dismissed - Citation,False,False,,Lucas; Smith; Labrit; J.,False,,False,,,,,,,,,,1484,
XSVlpUU5Oms,2D21 2220,2D2021-2220,True,CYRUS T. ANDERSON  vs MARIQUITA ANDERSON,2021-12-15,denied,Denied,True,False,,Silberman; Villanti; Rothstein-Youakim,False,,False,,,,,,,,,,913,
XVQUgGORnrg,2D21 1875,2D2021-1875,True,"SPRINGSTED HOLDINGS, INC.  vs DEL PRADO MALL PROFESSIONAL CONDOMINIUM ASSOCIATION, INC.",2022-10-21,mixed,Affirmed in Part/Reversed in Part ; remanded with instructions.,False,False,Smith,Smith; Silberman; Atkinson,False,,False,,Keith R. Kyle,Lee," SECOND DISTRICT SPRINGSTED HOLDINGS, INC., Appellant, v. DEL PRADO MALL PROFESSIONAL CONDOMINIUM ASSOCIATION, INC., Appellee. No. 2D21-1875 October 21, 2022 Appeal from the Circuit Court for Lee County; Keith R. Kyle, Judge. Kristie P. Mace and Peter J. Cambs of Goede, DeBoest & Cross, PLLC, Naples",,,,,,23924,
X_7FhVnys2I,23 2425,2D2023-2425,True,"West Villagers for Responsible Government, Inc., Meisel v. City of North Port, Florida",2024-12-18,other,"ORDER WITHDRAWING OPINION
The petitioner's motion for a written opinion is granted.  This court's per curiam opinion issued on May 3, 2024, is withdrawn, and a written opinion will follow.  The petitioner's motion for additional oral argument is denied.  The respondent's motion to strike supplemental reply is denied.",False,False,,,False,,False,,,,,,,,,,1018,
Xb8CYFOfo-c,2D20 3378,2D2020-3378,True,"GARY ROBERTS AND ASSOCIATES, P. A.  vs CLARK AND MARTINO, P. A.",2022-04-06,affirm,Affirmed,True,False,,Morris; Sleet; Smith,False,,False,,Gregory Holder,Hillsborough,"ARTINO, P.A., and PETER L. MAYER, M.D., Appellee. No. 2D20-3378 April 6, 2022 Appeal from the Circuit Court for Hillsborough County; Gregory Holder, Judge. Jeffrey V. Mansell of Burlington & Rockenbach, P.A., West Palm Beach; and Gary W. Roberts of Gary W. Roberts & Associates, P.A., West Palm Beach","rcuit Court for Hillsborough County; Gregory Holder, Judge. Jeffrey V. Mansell of Burlington & Rockenbach, P.A., West Palm Beach; and Gary W. Roberts of Gary W. Roberts & Associates, P.A., West Palm Beach, for Appellant. Dimitrios A. Peteves and Bryan S. Gowdy of Creed & Gowdy, P.A., of Jacksonville",,,,,959,
XcMI24tUxWQ,25 0410,2D2025-0410,True,OANH NGUYEN and KIEU NGUYEN v. MARVIN WILLIAMS,2026-02-27,affirm,Affirmed.,False,False,Morris,Morris; Khouzam; Labrit,False,,False,,Melissa Polo,Hillsborough,"DISTRICT COURT OF APPEAL OF FLORIDA SECOND DISTRICT OANH NGUYEN and KIEU NGUYEN, Appellants, v. MARVIN WILLIAMS, Appellee. No. 2D2025-0410 February 27, 2026 Appeal from the Circuit Court for Hillsborough County; Melissa Polo, Judge. Stephanie Meacham, Tampa","ICT OANH NGUYEN and KIEU NGUYEN, Appellants, v. MARVIN WILLIAMS, Appellee. No. 2D2025-0410 February 27, 2026 Appeal from the Circuit Court for Hillsborough County; Melissa Polo, Judge. Stephanie Meacham, Tampa, for Appellants. Mark D. Tinker and Brandon J. Tyler of Cole, Scott & Kissane, P.A., Tampa",2D2025-0410,https://www.courtlistener.com/opinion/10801261/x/,10801261,11267986,22406,
XfNmvXcnJZU,22 3194,2D2022-3194,True,"R. J. REYNOLDS TOBACCO COMPANY v. GIAMBALVO, ESTATE OF SALVATORE GIAMBALVO, JR.",2024-04-26,mixed,"Affirmed in Part/Reversed in Part, and remanded.",False,False,Black,Black,False,,False,,Patricia Muscarella,Pinellas,"ate of Salvatore Giambalvo, Jr., deceased, Appellee. No. 2D2022-3194 April 26, 2024 Appeal from the Circuit Court for Pinellas County; Patricia Muscarella, Judge. Troy A. Furhman and Marie A. Borland of Hill Ward Henderson, Tampa; and Jason T. Burnette and Brian C. Lea of Jones Day, Atlanta, Georgia","e and Brian C. Lea of Jones Day, Atlanta, Georgia, for Appellant. David J. Sales and Daniel R. Hoffman of David J. Sales, P.A., Sarasota; Gary M. Paige and Cassandra Lombard of Gordon & Partners, P.A., Davie; and James W. Gustafson, Jr., of Searcy Denney Scarola Barnhart & Shipley, P.A., Tallahassee",,,,,19647,
Xi2h_HWa330,2D22 929,2D2022-0929,True,JACK JESMER  vs JANA JESMER,2023-01-11,affirm,Affirmed,True,False,,Morris; Sleet; Lucas,False,,False,,Jennifer X. Gabbard,Hillsborough,"DISTRICT COURT OF APPEAL OF FLORIDA SECOND DISTRICT JACK JESMER, Appellant, v. JANA JESMER, Appellee. No. 2D22-929 January 11, 2023 Appeal from the Circuit Court for Hillsborough County; Jennifer X. Gabbard, Judge. J. Stanford Lifsey, Tampa","DISTRICT COURT OF APPEAL OF FLORIDA SECOND DISTRICT JACK JESMER, Appellant, v. JANA JESMER, Appellee. No. 2D22-929 January 11, 2023 Appeal from the Circuit Court for Hillsborough County; Jennifer X. Gabbard, Judge. J. Stanford Lifsey, Tampa, for Appellant. Terence S. Moore, Tampa",,,,,717,
XiaTsvL8Rxc,23 1384,2D2023-1384,True,"KAC 2021-1, LLC, AS ASSIGNEE FOR JOHNNY SMITH v. AMERICAN HOMES 4 RENT PROPERTIES ONE, L L C",2024-10-30,affirm,Affirmed,False,False,Smith,Smith; Silberman; Black,False,,False,,James Salvatore Giardina,Hillsborough," DISTRICT KAC 2021-1, LLC, as assignee for Johnny Smith, Appellant, v. AMERICAN HOMES 4 RENT PROPERTIES ONE, LLC, Appellee. No. 2D2023-1384 October 30, 2024 Appeal from the County Court for Hillsborough County; James Salvatore Giardina, Judge. Brian K. Korte of Korte & Associates, LLC, Singer Island"," v. AMERICAN HOMES 4 RENT PROPERTIES ONE, LLC, Appellee. No. 2D2023-1384 October 30, 2024 Appeal from the County Court for Hillsborough County; James Salvatore Giardina, Judge. Brian K. Korte of Korte & Associates, LLC, Singer Island, for Appellant. Jean M. Henne of Jean M. Henne, P.A., Winter Haven",,,,,16566,
XnXxNkHNoog,2D19-3702,,False,,,,,,,,,,,,,,,,,,,,,,
Xq_CrNS7Cos,2D18-1564,,False,,,,,,,,,,,,,,,,,,,,,,
Xt-xdAa5elU,2D20 3427,2D2020-3427,True,"CHRISTOPHER BADEN, ET AL  vs VIRGINIA BADEN, ET AL",2021-09-15,affirm,Affirmed,True,False,,,False,,False,,Edward Nicholas,Manatee,,"INIA BADEN and JOANNA BADEN, Appellees. No. 2D20-3427 September 15, 2021 Appeal from the Circuit Court for Manatee County; Edward Nicholas, Judge. E. Blake Melhuish of E. Blake Melhuish, P.A., Bradenton, for Appellants. Stuart Jay Levine and Michael A. Gold, of Walters Levine Lozano & DeGrave, Tampa",,,,,895,
XznidGzpv1E,21 2443,2D2021-2443,True,"ERIK SATERBO, STEPHEN SATERBO AND BENJAMIN D. MARKUSON VS STATE FARM MUTUAL AUTOMOBILE INSURANCE COMPANY, ET AL",2024-02-28,mixed,Affirmed in Part/Reversed in Part - Per Curiam Opinion ~ and remanded.,False,True,,Casanueva; Morris; Lucas,False,,False,,Emily A. Peacock,Hillsborough,," Eric D. Nowak of McBreen & Nowak, P.A., Tampa, for Appellant Benjamin D. Markuson. Joshua I. Gornitsky of Searles, Sheppard & Gornitsky, PLLC, Ft. Lauderdale, for Appellants Erik and Stephen Saterbo. Scott E. Damon, John W. Weihmuller, and Mihaela Cabulea of Butler Weihmuller Katz Craig, LLP, Tampa",,,,,17518,
Y0j2nkgEqbs,2D20 3256,2D2020-3256,True,DAVID LURAY STEPHENS  vs STATE OF FLORIDA,2022-12-02,affirm,Affirmed,False,False,Stargel,Stargel; Morris; Rothstein-Youakim,False,,False,,Debra Johnes Riva,Sarasota,"mber 2, 2022 Appeal from the Circuit Court for Sarasota County; Debra Johnes Riva, Judge. Howard L. Dimmig, II, Public Defender, Benedict P. Kuehne, Special Assistant Public Defender, Michael T. Davis, Special Assistant Public Defender, and Susan Dmitrovsky, Special Assistant Public Defender, Bartow","Defender, Benedict P. Kuehne, Special Assistant Public Defender, Michael T. Davis, Special Assistant Public Defender, and Susan Dmitrovsky, Special Assistant Public Defender, Bartow, for Appellant. Ashley Moody, Attorney General, Tallahassee, and Jonathan P. Hurley, Assistant Attorney General, Tampa",,,,,12976,
Y1HibaXRf78,22 2280,2D2022-2280,True,STATE FARM MUTUAL AUTOMOBILE INSURANCE COMPANY v. FINSON,2024-04-17,reverse,Reversed and remanded.,False,False,Atkinson,Atkinson; Kelly; Khouzam,True,,True,,Cynthia Newton,Pinellas,"RT OF APPEAL OF FLORIDA SECOND DISTRICT STATE FARM MUTUAL AUTOMOBILE INSURANCE COMPANY, Appellant, v. CHARLES FINSON, Appellee. No. 2D2022-2280 April 17, 2024 Appeal from the Circuit Court for Pinellas County; Cynthia Newton, Judge. Warren B. Kwavnick of Cooney Trybus Kwavnick Peets, Fort Lauderdale","MOBILE INSURANCE COMPANY, Appellant, v. CHARLES FINSON, Appellee. No. 2D2022-2280 April 17, 2024 Appeal from the Circuit Court for Pinellas County; Cynthia Newton, Judge. Warren B. Kwavnick of Cooney Trybus Kwavnick Peets, Fort Lauderdale, for Appellant. Brian J. Lee of Morgan & Morgan, Jacksonville",,,,,16392,
Y2cr_IfB7no,2D20-1908,,False,,,,,,,,,,,,,,,,,,,,,,
Y30OWUCkIDQ,2D20-1963,,False,,,,,,,,,,,,,,,,,,,,,,
Y5fSAehhKl8,2D20 3345,2D2020-3345,True,STEVEN A. KOCH  vs CHARLENE P. KOCH,2021-08-13,affirm,Affirmed,True,False,,Villanti; Khouzam; Stargel,False,,False,,,,"OF APPEAL OF FLORIDA SECOND DISTRICT STEVEN A. KOCH, Appellant, v. CHARLENE P. KOCH n/k/a CHARLENE MCKAY, Appellee. No. 2D20-3345 August 13, 2021 Appeal from the Circuit Court for Pinellas County; Jack Helinger Judge. Stephen D. Gregg of Meros, Smith, Lazzara, Brennan & Brennan, P.A., St. Petersburg","CH, Appellant, v. CHARLENE P. KOCH n/k/a CHARLENE MCKAY, Appellee. No. 2D20-3345 August 13, 2021 Appeal from the Circuit Court for Pinellas County; Jack Helinger Judge. Stephen D. Gregg of Meros, Smith, Lazzara, Brennan & Brennan, P.A., St. Petersburg, for Appellant. Jane H. Grossman, St. Petersburg",,,,,681,
Y6ZIFu2plTs,24 0010,2D2024-0010,True,,2025-09-24,affirm,Affirmed.,True,True,,Villanti; Black; Rothstein-Youakim,False,,False,,Thomas M. Ramsberger,Pinellas,,"ida corporation, Appellees/Cross-Appellants. No. 2D2024-0010 September 24, 2025 Appeal from the Circuit Court for Pinellas County; Thomas M. Ramsberger, Judge. Samuel J. Heller of Older Lundy Koch & Martino, St. Petersburg, for Appellants/Cross-Appellees. Dineen Pashoukos Wasylik of DPW Legal, Tampa",2D2024-0010,https://www.courtlistener.com/opinion/10751635/x/,10751635,11218220,1077,
YAWpuIi-HX0,24 0675 & 0838,2D2024-0675,True,"SCHOOL BOARD OF MANATEE COUNTY v. KINNAN, KINNAN, et al",2025-02-14,affirm,Affirmed,True,True,,Northcutt; Khouzam; Atkinson,False,,False,,,,"y as investigator for the School Board of Manatee County, Appellees. No. 2D2024-0675 February 14, 2025 Appeal pursuant to Fla. R. App. P. 9.130 from the Circuit Court for Manatee County; Hunter W. Carroll, Judge. Erin G. Jackson, Ashley T. Gallagher, and Eliza N. Horne of Johnson Jackson PLLC, Tampa","es. No. 2D2024-0675 February 14, 2025 Appeal pursuant to Fla. R. App. P. 9.130 from the Circuit Court for Manatee County; Hunter W. Carroll, Judge. Erin G. Jackson, Ashley T. Gallagher, and Eliza N. Horne of Johnson Jackson PLLC, Tampa, for Appellant. Jennifer Seymore of Seymore Justice, Tallahassee",,,,,1276,
YEb8CgxHKno,22 3224,2D2022-3224,True,"MILLER & SONS, LLC  vs CITY OF TAMPA",2023-03-31,denied,Denied,True,False,,Villanti; Lucas; Smith,False,,False,,,,,,,,,,778,
YJlwu95ktwc,2D20-141,2D2020-0141,True,LEAH DOHRMAN  vs UNIVERSAL PROPERTY & CASUALTY INSURANCE CO.,2021-02-03,affirm,Affirmed,True,False,,,False,,False,,,,"TRICT LEAH DOHRMAN, ) ) Appellant, ) ) v. ) Case No. 2D20-141 ) UNIVERSAL PROPERTY & ) CASUALTY INSURANCE CO., ) ) Appellee. ) ) Opinion filed February 3, 2021. Appeal from the Circuit Court for Hillsborough County; Emily A. Peacock, Judge. Kurt J. Rosales and George A. Vaka of Vaka Law Group, Tampa",,,,,,1373,
YMalcGmQGXw,2D20 1504,2D2020-1504,True,"DOUGLAS DECKER PLATTNER, ET AL  vs GLORIA M. STOGSDILL, AS TRUSTEE OF THE WILLIAM J. STOGSDILL TRUST U/A/D AUGUST 13, 2000",2021-06-30,affirm,Affirmed,True,False,,Kelly; Villanti; Atkinson,False,,False,,Stephen M. Walker,Sarasota,,,,,,,833,
YQ5cDMjCu_w,23 1066,2D2023-1066,True,"Daniels v. CSX Transporation, Inc.,",2024-06-28,affirm,Affirmed,True,True,,Sleet; Casanueva; Khouzam,False,,False,,Emily A. Peacock,Hillsborough,"ON, INC., Appellee. No. 2D2023-1066 June 28, 2024 Appeal from the Circuit Court for Hillsborough County; Emily A. Peacock, Judge. Jonathan Sternberg, pro hac vice, Jonathan Sternberg, Attorney, P.C., Kansas City, Missouri; and Carmen A. De Gisi of De Gisi Law Group, LLC, Lafayette Hill, Pennsylvania",,,,,,1053,
YRby6Kkxk7g,23 1530,2D2023-1530,True,BENJAMIN - ANDERSON v. U. S. BANK TRUST NATIONAL ASSOC.,2025-06-04,affirm,Affirmed,True,True,,Morris; Lucas; Smith,False,,False,,George Jirotka,Pinellas,,"EE OF LB-CABANA SERIES IV TRUST, Appellee. No. 2D2023-1530 June 4, 2025 Appeal from the Circuit Court for Pinellas County; George Jirotka, Judge. Calvester Benjamin-Anderson, pro se. Christophal Hellewell, Chase A. Berger, Tara L. Rosenfeld, and Jason Duggar of Ghidotti|Berger LLP, North Miami Beach",,,,,928,
YVaBdZuE_L8,2D21 1518,2D2021-1518,True,"STATE FARM MUTUAL AUTOMOBILE INSURANCE COMPANY  vs ATHANS CHIROPRACTIC, INC., A/A/O MICAELA FALABELLA",2022-10-07,granted,Granted ; orders quashed.,False,False,Kelly,Kelly,False,,False,,,,,,,,,,9930,
YdCbfb2PgFo,2D21 2512,2D2021-2512,True,HOMEWARD REAL ESTATE INC.  vs HUSSIEN SHOUBAKI AND HANI SHOUBAKI,2022-06-24,reverse,Reversed and remanded.,False,False,Lucas,Lucas,False,,False,,"James S. Moody, III",Hillsborough,"OURT OF APPEAL OF FLORIDA SECOND DISTRICT HOMEWARD REAL ESTATE, INC., Appellant, v. HUSSIEN SHOUBAKI and HANI SHOUBAKI, Appellees. No. 2D21-2512 June 24, 2022 Appeal from the County Court for Hillsborough County; James S. Moody, III, Judge. George A. Vaka and Nancy A. Lauten of Vaka Law Group, Tampa",,,,,,13559,
YigczbEEGs8,2D19-3547,2D2019-3547,True,"JAMES B. NUTTER & COMPANY  vs ESTATE OF STAFFORD COSBY, ET AL",2021-03-31,reverse,Reversed and remanded for further proceedings. **CORRECTED**,False,False,,Black; Stargel,False,,False,,,,,"March 31, 2021. Appeal from the Circuit Court for Lee County; Cynthia A. Pivacek, Judge. David Rosenberg and Jarrett Cooper of Robertson, Anshutz & Schneid, P.L., Boca Raton; and Scott W. Anderson of Johnson Daboll Anderson PLLC, Tampa, for Appellant. Roy W. Foxall of Roy W. Foxall, P.A., Fort Myers",,,,,9984,
YlwtKGacBNQ,21 3566,2D2021-3566,True,"GILMAN CIOCIA, INC., ET AL VS SCOTT E. AABEL, ET AL",2023-11-17,affirm,Affirmed - Per Curiam Affirmed,True,True,,Kelly; Khouzam; Atkinson,False,,False,,Hunter W. Carroll,Sarasota,"ration, Appellants, v. SCOTT E. AABEL, GARY DIDONNA, JAMES PROTIGAL, and ANTONIO GOMES, Appellees. No. 2D21-3566 November 17, 2023 Appeal from the Circuit Court for Sarasota County; Hunter W. Carroll, Judge. Maureen B. Soles, Michael R. Levin, and Christa C. Turner of Baker & Hostetler, LLP, Orlando"," 2023 Appeal from the Circuit Court for Sarasota County; Hunter W. Carroll, Judge. Maureen B. Soles, Michael R. Levin, and Christa C. Turner of Baker & Hostetler, LLP, Orlando, for Appellants. Worth S. Graham and W. Andrew Clayton, Jr. of Icard, Merril, Cullis, Timm, Furen & Ginsberg, P.A., Sarasota",,,,,1243,
YpP5WhqzMz8,2D21 384,2D2021-0384,True,"KB HOME FORT MYERS LLC  vs TAISHAN GYPSUM CO., LTD., F/K/A SHANDONG TAIHE DONGXIN CO., LTD., ET AL",2022-04-13,reverse,Reversed and remanded.,False,False,Labrit,Labrit; Sleet; Kelly,False,,True,Kelly,Geoffrey H. Gentile,Charlotte,"D CO., LTD., Appellees. No. 2D21-384 April 13, 2022 Appeal from the Circuit Court for Charlotte County; Geoffrey H. Gentile, Judge. Chris W. Altenbernd of Banker Lopez Gassler P.A., Tampa; Eleanor Sills of Banker Lopez Gassler P.A., Tallahassee; and Joseph H. Lang, Jr. of Carlton Fields, P.A., Tampa"," P.A., Tampa; Eleanor Sills of Banker Lopez Gassler P.A., Tallahassee; and Joseph H. Lang, Jr. of Carlton Fields, P.A., Tampa, for Appellant. Enjoliqué Aytch Lett of Greenberg Traurig, P.A., Miami; and Christina Hull Eikhoff, Matthew D. Lawson, and David Venderbush of Alston & Bird, Atlanta, Georgia",,,,,42150,
YvUVFgat1pU,23 1866,2D2023-1866,True,"Broadmoor Ventures, LLC, Cypress Midway, LLC, et al v. Super Heat and Air, LLC",2026-02-20,reverse,Reversed and remanded for proceedings consistent with this opinion.,False,False,Khouzam,Khouzam,False,,True,,Darren D. Farfante,Hillsborough,," Berman & Seider, Tampa; Jonathan B. Sbar and Andrea K. Holder of Rocke, McLean & Sbar, P.A., Tampa; and V. Stephen Cohen and John V. Agliano of Bajo Cohen Agliano, P.A., Tampa, for Appellants/Cross-Appellees. Marie A. Borland, Gregory P. Brown, and Sean P. Mullen of Hill Ward Henderson, P.A., Tampa",,,,,15873,
Yw7OqPxg0hA,22 1257,2D2022-1257,True,"EMILY A. HARRINGTON, VS JOHN KEMP",2023-08-25,reverse,Reversed - Authored Opinion ~ and remanded.,False,False,Casanueva,Casanueva,False,,False,,Denise A. Pomponio,Hillsborough,"DISTRICT COURT OF APPEAL OF FLORIDA SECOND DISTRICT EMILY A. HARRINGTON, f/n/a EMILY A. KEMP, Appellant, v. JOHN KEMP, Appellee. No. 2D22-1257 August 25, 2023 Appeal from the Circuit Court for Hillsborough County; Denise A. Pomponio, Judge. George A. Vaka of Vaka Law Group, Tampa","ON, f/n/a EMILY A. KEMP, Appellant, v. JOHN KEMP, Appellee. No. 2D22-1257 August 25, 2023 Appeal from the Circuit Court for Hillsborough County; Denise A. Pomponio, Judge. George A. Vaka of Vaka Law Group, Tampa, for Appellant. Kim A. Maxwell and Michael L. Lundy of Older Lundy Koch & Martino, Tampa",,,,,9776,
YwwdJ4VTzuI,2D20 3500,2D2020-3500,True,LESA MARTINO  vs TRACI SAMUEL,2022-02-04,affirm,Affirmed,True,False,,,False,,False,,Emily A. Peacock,Hillsborough,,"DISTRICT COURT OF APPEAL OF FLORIDA SECOND DISTRICT LESA MARTINO, Appellant, v. TRACI SAMUEL, Appellee. No. 2D20-3500 February 4, 2022 Appeal from the Circuit Court for Hillsborough County; Emily A. Peacock, Judge. Lesa Martino, pro se. Marynelle Hardee of Hardee Legal, PLLC, Gainesville",,,,,694,
Ywz76XUXmf4,2D19-1239,2D2019-1239,True,"BOARD OF REGENTS OF THE STATE OF FLORIDA, UNIVERSITY OF SOUTH FLORIDA BOARD OF TRUSTEES vs J.  JAMES ROWSEY, M. D.",2021-05-26,reverse,Reversed and remanded.,False,False,Atkinson,Atkinson; Villanti; Black,False,,False,,,," J. JAMES ROWSEY, M.D., ) ) Appellee. ) ) Opinion filed May 26, 2021. Appeal from the Circuit Court for Hillsborough County; Elizabeth G. Rice, Judge. Peter W. Zinober and Vanessa A. Patel of Ogletree, Deakins, Nash, Smoak & Stewart, P.C., Tampa; Tristan J. Reiniers of Greenberg Traurig, P.A., Tampa","llsborough County; Elizabeth G. Rice, Judge. Peter W. Zinober and Vanessa A. Patel of Ogletree, Deakins, Nash, Smoak & Stewart, P.C., Tampa; Tristan J. Reiniers of Greenberg Traurig, P.A., Tampa, for Appellant. Mark S. Howard of Mark S. Howard, P.A., Tampa; Kevin C. Ambler of Ambler Law Group, Tampa",,,,,32382,
Yz82VNO30og,2D20 2575,2D2020-2575,True,CARLOS GUZMAN  vs SOUTHERN FIDELITY INSURANCE COMPANY,2021-12-10,reverse,Reversed and remanded for further proceedings.,False,False,Rothstein-Youakim,Rothstein-Youakim; Casanueva; Atkinson,False,,False,,Martha J. Cook,Hillsborough,," FIDELITY INSURANCE COMPANY, Appellee. No. 2D20-2575 December 10, 2021 Appeal from the Circuit Court for Hillsborough County; Martha J. Cook, Judge. Erin M. Berger and Melissa A. Giasi of Giasi Law, P.A., Tampa, for Appellant. Matthew B. Bernstein of Vernis & Bowling of Central Florida, P.A., DeLand",,,,,13608,
YzndV1-2oRM,2D21 2354,2D2021-2354,True,EDWARD MASSENGILL  vs STATE OF FLORIDA,2022-02-04,denied,Denied,True,False,,,False,,False,,,,,,,,,,946,
YzyiMKc00yA,23 2353,2D2023-2353,True,"AMERICAN PRODUCTS PRODUCTION COMPANY OF PINELLAS COUNTY, INC., FENWALL, LLC, et al v. ARMSTRONG, TUCKER ARENSBERG, P. C., et al",2024-10-02,affirm,Affirmed  **CORRECTED**,True,True,,Sleet; Villanti; Atkinson,False,,False,,,,"ELLI; TUCKER ARENSBERG, P.C.; and THE INTERNATIONAL PAINTERS & ALLIED TRADES INDUSTRY PENSION FUND, Appellees. No. 2D2023-2353 October 2, 2024 Appeal pursuant to Fla. R. App. P. 9.130 from the Circuit Court for Hillsborough County; Helene L. Daniel, Judge. John D. Goldsmith of Trenam Law Firm, Tampa","irm, Tampa, for Appellants. Frank E. Brown of Bush Graziano Rice & Hearing, P.A., Tampa, for Appellees Brian Pepicelli and Tucker Arensberg, P.C. Ramya Ravindran of Bredhoff & Kaiser, P.L.L.C., pro hac vice, Washington, DC; and Leonard K. Samuels and Nikki Branch of Berger Singerman, Fort Lauderdale",,,,,1616,
Z-NJutWrHb0,24 0937,2D2024-0937,True,"BENCHMARK CONSULTING INC., d/b/a Castle v. SAFEPOINT INSURANCE COMPANY",2025-09-26,affirm,Affirmed.,True,True,,Villanti; Black; Rothstein-Youakim,False,,False,,John Carassas,Pinellas,"MPANY, Appellee. No. 2D2024-0937 September 26, 2025 Appeal from the County Court for Pinellas County; John Carassas, Judge. Richard N. Asfar of Almazan Law, Tampa; Richard N. Asfar of Adams & Reese, LLP, Tampa (substituted as counsel of record); and Brandon L. Fizer of Fix It Or Else, St. Petersburg","County; John Carassas, Judge. Richard N. Asfar of Almazan Law, Tampa; Richard N. Asfar of Adams & Reese, LLP, Tampa (substituted as counsel of record); and Brandon L. Fizer of Fix It Or Else, St. Petersburg, for Appellant. Patrick M. Chidnese and Frieda C. Lindroth of Bickford & Chidnese, LLP, Tampa",2D2024-0937,https://www.courtlistener.com/opinion/10751669/x/,10751669,11218254,1017,
Z-OKAUHcF_E,2D20 1824,2D2020-1824,True,"BAYVIEW LOAN SERVING,  L LC  vs ADAM BROWN, ET AL",2021-10-21,reverse,Reversed and remanded,False,False,Atkinson,Atkinson; Morris; Lucas,False,,False,,Hunter W. Carroll,Sarasota," GRANTEES, OR OTHER CLAIMANTS, Appellees. No. 2D20-1824 October 21, 2021 Appeal from the Circuit Court for Sarasota County; Hunter W. Carroll, Judge. Shawn Taylor of DeLuca Law Group, PLLC, Fort Lauderdale; and Brandi Wilson, DeLuca Law Group, PLLC, Fort Lauderdale (substituted as counsel of record)",", 2021 Appeal from the Circuit Court for Sarasota County; Hunter W. Carroll, Judge. Shawn Taylor of DeLuca Law Group, PLLC, Fort Lauderdale; and Brandi Wilson, DeLuca Law Group, PLLC, Fort Lauderdale (substituted as counsel of record), for Appellant. Scott D. McKay of McKay Law Firm, P.A., Bradenton",,,,,15554,
Z0QfqOSsslM,2D19-3726,2D2019-3726,True,CARLOS ZAMORA  vs CITIZENS PROPERTY INSURANCE CO.,2021-01-06,affirm,Affirmed,True,False,,Villanti; Black; Atkinson,False,,False,,,," SECOND DISTRICT CARLOS ZAMORA, ) ) Appellant, ) ) v. ) Case No. 2D19-3726 ) CITIZENS PROPERTY INSURANCE ) COMPANY, ) ) Appellee. ) ) Opinion filed January 6, 2021. Appeal from the Circuit Court for Hillsborough County; Rex Barbas, Judge. Erin M. Berger and Melissa A. Giasi of Giasi Law, P.A., Tampa",,,,,,1206,
Z6TOBQP1pPA,24 2167,2D2024-2167,True,Farrell v. The Bank of New York Mellon,2026-01-16,mixed,"Affirmed in part, reversed in part, and remanded.",False,True,,Kelly; Rothstein-Youakim; Smith,False,,False,,Thomas M. Ramsberger,Pinellas,"ustee for the holders of CWALT, Inc. Alternative Loan Trust 2005-24, Mortgage Pass-Through Certificates, Series 2005-24, Appellee. No. 2D2024-2167 January 16, 2026 Appeal from the Circuit Court for Pinellas County; Thomas M. Ramsberger, Judge. Michael Alex Wasylik of Ricardo & Wasylik, PL, Dade City","tgage Pass-Through Certificates, Series 2005-24, Appellee. No. 2D2024-2167 January 16, 2026 Appeal from the Circuit Court for Pinellas County; Thomas M. Ramsberger, Judge. Michael Alex Wasylik of Ricardo & Wasylik, PL, Dade City, for Appellant. Danielle Spradley of Kelley Kronenberg, Fort Lauderdale",,,,,1968,
Z7engvW0bs0,2D21 260,2D2021-0260,True,"KRISTOPHER HUSTON AND BTL INDUSTRIES, INC.  vs CYNOSURE, LLC AND LOTUS PARENT, INC.",2021-08-18,affirm,Affirmed,True,False,,Silberman; Black; Lucas,False,,False,,,," to Fla. R. App. P. 9.130 from the Circuit Court for Hillsborough County; Steven Scott Stephens, Judge. Beverly A. Pohl, Scott D. Knapp, and Danna Khawam of Nelson Mullins Broad and Cassel, Fort Lauderdale; and Bret A. Cohen and Jillian Hart of Nelson Mullins Riley Scarborough, Boston, Massachusetts","ty; Steven Scott Stephens, Judge. Beverly A. Pohl, Scott D. Knapp, and Danna Khawam of Nelson Mullins Broad and Cassel, Fort Lauderdale; and Bret A. Cohen and Jillian Hart of Nelson Mullins Riley Scarborough, Boston, Massachusetts, for Appellants. Courtney B. Wilson of Littler Mendelson, P.C., Miami",,,,,976,
ZC5gUccNG0g,23 855,2D2023-0855,True,"KURT W. LANG VS KRIS LANG, ET AL.",2024-04-12,affirm,Affirmed - Per Curiam Affirmed,True,True,,Silberman; Morris; Smith,False,,False,,Amy C. Williams,Pinellas,,"KRIS LANG; KYLE LANG; and KARY LANG, Appellees. No. 2D23-855 April 12, 2024 Appeal from the Circuit Court for Pinellas County; Amy C. Williams, Judge. Robert E. Heyman of Heyman Law Firm, P.A., St. Petersburg, for Appellant. Raleigh W. Greene, IV, Megan Greene, and James F. Butler of Greene & Greene",,,,,859,
ZCmd68sAYIo,22 1689,2D2022-1689,True,"ARLINE, JR., THE HANOVER INSURANCE GROUP, INC. v. FRAZIER",2024-04-03,reverse,Reversed - Authored Opinion ~ and remanded. **CORRECTED**,False,False,Kelly,Kelly; Silberman; Smith,False,,False,,Emmett L. Battles,Hillsborough,"STRICT COURT OF APPEAL OF FLORIDA SECOND DISTRICT THE HANOVER INSURANCE GROUP, INC; and MICHAEL ARLINE, JR., Appellants, v. LUKE FRAZIER, Appellee. No. 2D22-1689 April 3, 2024 Appeal from the Circuit Court for Hillsborough County; Emmett L. Battles, Judge. Sharon C. Degnan of Kubicki Draper, Orlando","s, Judge. Sharon C. Degnan of Kubicki Draper, Orlando, for Appellants. Brigid F. Cech and Bethany J.M. Pandher of Greenberg Traurig, P.A., Miami, for Amicus Curiae, The Coalition Against Insurance Fraud. Kerry C. McGuinn, Jr., and Carla M. Sabbagh of Rywant, Alvarez, Jones, Russo & Guyton, PA, Tampa",,,,,14364,
ZG7kQOvOs-k,2D21 1911,2D2021-1911,True,ANTHONY M. SCARIATI  vs THE ESTATE OF JOAN M. SCARIATI,2022-01-26,dismissed,Dismissed,True,False,,Northcutt; Rothstein-Youakim; Stargel,False,,False,,,,,,,,,,922,
ZGP_OvAc8Jo,2D21 2188,2D2021-2188,True,"TIMOTHY GOSLIN  vs CF NAPOLI, LLC",2022-11-04,affirm,Affirmed,True,False,,,False,,False,,Elizabeth V. Krier,Collier,,,,,,,829,
ZJf4SNdDZ1Q,2D20-1417,2D2020-1417,True,"JAMES  A. FRIEDBERG, ESQ AND SAMUEL ISRAL, ESQ. AS CO-TRUSTEES OF THE  ERVIN AND SUSANNE BARD FAMILY TRUST vs O'DOYLE RULES, LLC",2021-04-14,reverse,Reversed and remanded.,False,False,Atkinson,Atkinson; Northcutt; Stargel,False,,False,,,,"Trustees of the ERVIN and ) SUSANNE BARD FAMILY TRUST, ) ) Appellants, ) ) v. ) Case No. 2D20-1417 ) O'DOYLE RULES, LLC., ) ) Appellee. ) ) Opinion filed April 14, 2021. Appeal from the Circuit Court for Hillsborough County; Gregory P. Holder, Judge. Todd M. Hoepker of Todd M. Hoepker, P.A., Orlando","lee. ) ) Opinion filed April 14, 2021. Appeal from the Circuit Court for Hillsborough County; Gregory P. Holder, Judge. Todd M. Hoepker of Todd M. Hoepker, P.A., Orlando, for Appellant. Eric S. Koenig and Bradley A. Muhs of Trenam, Kemker, Scharf, Barkin, Frye, O'Neil & Mullis, P.A. Saint Petersburg",,,,,9634,
ZJv3GrU0wBk,23 645,2D2023-0645,True,BARTOLOTTA v. BARTOLOTTA,2024-02-28,reverse,Reversed - Authored Opinion ~ and remanded.,False,False,Casanueva,Casanueva; Silberman; Smith,False,,False,,Steve D. Berlin,Pinellas,"DISTRICT COURT OF APPEAL OF FLORIDA SECOND DISTRICT JONI BARTOLOTTA, Appellant, v. ALAN BARTOLOTTA, Appellee. No. 2D23-645 February 28, 2024 Appeal from the Circuit Court for Pinellas County; Steve D. Berlin, Judge. Paul E. Parrish of Parrish Law, P.A., Satellite Beach","N BARTOLOTTA, Appellee. No. 2D23-645 February 28, 2024 Appeal from the Circuit Court for Pinellas County; Steve D. Berlin, Judge. Paul E. Parrish of Parrish Law, P.A., Satellite Beach, for Appellant. Raleigh W. Greene, IV, and Alexander M. Bottone of Greene & Greene, Attorneys at Law, St. Petersburg",,,,,13825,
ZMFZZDoGGUo,24 1170,2D2024-1170,True,"Kirkpatrick Price, Inc. v. Clone Systems, Inc.",2025-08-22,affirm,Affirmed,False,True,,Moe,False,,True,Moe,Jennifer Gabbard,Hillsborough,,"SYSTEMS, INC., Appellee. No. 2D2024-1170 August 22, 2025 Appeal from the Circuit Court for Hillsborough County; Jennifer Gabbard, Judge. G. Donovan Conwell, Jr. of Conwell Business Law, P.A., Tampa, for Appellant. Amy L. Christiansen and Nancy Abrams of Spector Gadon Rosen Vinci, LLP, St. Petersburg",,,,,1520,
ZOE3sdGhKIk,22 259,2D2022-0259,True,CITY OF TAMPA  vs BARRICK BRUNSON,2023-03-22,affirm,Affirmed,True,False,,Silberman; Black; Rothstein-Youakim,False,,False,,Emily A. Peacock,Hillsborough,"URT OF APPEAL OF FLORIDA SECOND DISTRICT CITY OF TAMPA, Appellant, v. BARRICK BRUNSON, Appellee. No. 2D22-259 March 22, 2023 Appeal from the Circuit Court for Hillsborough County; Emily A. Peacock, Judge. Andrea Zelman, City Attorney, and Toyin K. Aina-Hargrett, Senior Assistant City Attorney, Tampa","March 22, 2023 Appeal from the Circuit Court for Hillsborough County; Emily A. Peacock, Judge. Andrea Zelman, City Attorney, and Toyin K. Aina-Hargrett, Senior Assistant City Attorney, Tampa, for Appellant. Thomas A. Burns of Burns, P.A., Tampa; and Kenneth W. Mastrilli of Pawlowski/Mastrilli, Tampa",,,,,861,
ZORHKq8fKnU,22 3154,2D2022-3154,True,"CASTELLANO, M. D. v. WEST FLORIDA-MHT, LLC, D/ B/ A HCA FLORIDA SOUTH TAMPA HOSPITAL, et al",2023-12-29,granted,Granted - Authored Opinion ~ ; orders quashed.,False,False,Kelly,Kelly,False,,False,,,,,,,,,,19265,
ZPs2pN9xAkQ,2D20-1418,2D2020-1418,True,RANDI KATTELL  vs BAYVIEW LOAN SERVICING. L L C,2021-03-24,affirm,Affirmed,True,False,,,False,,False,,,,"N SERVICING, LLC; ) UNKNOWN SPOUSE OF RANDI ) KATTELL; and REGIONS BANK, ) successor in interest to Amsouth Bank, ) ) Appellees. ) ) Opinion filed March 24, 2021. Appeal from the Circuit Court for Hillsborough County; Richard A. Nielsen, Judge. Blake J. Fredrickson of Cremeens Law Group, PLLC, Tampa","cessor in interest to Amsouth Bank, ) ) Appellees. ) ) Opinion filed March 24, 2021. Appeal from the Circuit Court for Hillsborough County; Richard A. Nielsen, Judge. Blake J. Fredrickson of Cremeens Law Group, PLLC, Tampa, for Appellant. Morgan L. Weinstein of the Van Ness Law Firm, Fort Lauderdale",,,,,1349,
ZTdcgFEw8aU,22 2736,2D2022-2736,True,STACEY PARKER VS JUSTIN PARKER,2024-01-17,reverse,Reversed - Authored Opinion ~ and remanded with instructions.,False,False,Iii,Iii; Northcutt; Labrit,False,,False,,"James S. Moody, III",Hillsborough,,,,,,,5033,
ZTfdmrvwDho,24 0011,2D2024-0011,True,"Blackshear, Jr., M. D., P. A., Blackshear, M. D. v. Haynes",2025-12-31,reverse,Reversed and remanded.,False,False,Smith,Smith; Silberman; Villanti,False,,False,,William Douglas Baird,Pinellas,"A SECOND DISTRICT WILLIAM BLACKSHEAR, M.D., and WILLIAM M. BLACKSHEAR, JR., M.D., P.A., Appellants, v. BETTY JEAN HAYNES, Appellee. No. 2D2024-0011 December 31, 2025 Appeal from the Circuit Court for Pinellas County; William Douglas Baird, Senior Judge. Garrett A. Tozier of Shutts & Bowen LLP, Tampa",". No. 2D2024-0011 December 31, 2025 Appeal from the Circuit Court for Pinellas County; William Douglas Baird, Senior Judge. Garrett A. Tozier of Shutts & Bowen LLP, Tampa, for Appellants. Brandon K. Breslow, Kristin A. Norse, and Stuart C. Markman, of Counsel, of Kynes, Markman & Felman, P.A., Tampa",,,,,22624,
ZYRTantcv4I,2D19 1532,2D2019-1532,True,"MOHAMED ABDEL-AZIZ,  M.D. AND MOHAMED I. ABDELAZIZ, P.A. d/b/a A to Z CARE FOR WOMEN  vs CHELSEA T. STEWART AND CODY WASDEN, AS NATURAL PARENTS AND GUARDIANS OF STETSON WASDEN, A MINOR",2021-12-17,affirm,Affirmed,True,False,,Silberman; Villanti; Rothstein-Youakim,False,,False,,Richard A. Nielsen,Hillsborough,,"Mohamed I. Abdel-Aziz, P.A.; Alexandra Valdes and Scott A. Cole of Cole, Scott & Kissane, P.A., Miami, for Appellant The Doctors Company. Kristin A. Norse, Robert W. Ritsch, and Stuart C. Markman of Kynes, Markman & Felman, P.A., Tampa; and Michael J. Trentalange of Trentalange & Kelley, P.A., Tampa",,,,,1532,
Zb1XY7axJAE,2D21 2166,2D2021-2166,True,"ROYAL WOODS ASSOCIATION, INC.  vs AMERICAN COASTAL INSURANCE COMPANY",2021-12-15,affirm,Affirmed,True,False,,Casanueva; Khouzam; Stargel,False,,False,,,,"ION, INC., Appellant, v. AMERICAN COASTAL INSURANCE COMPANY, Appellee. No. 2D21-2166 December 15, 2021 Appeal pursuant to Fla. R. App. P. 9.130 from the Circuit Court for Lee County; Leigh Frizzell-Hayes, Judge. Cary J. Goggin and Amanda C. Broadwell of Goede, Adamczyk, DeBoest & Cross, PLLC, Naples","ant to Fla. R. App. P. 9.130 from the Circuit Court for Lee County; Leigh Frizzell-Hayes, Judge. Cary J. Goggin and Amanda C. Broadwell of Goede, Adamczyk, DeBoest & Cross, PLLC, Naples, for Appellant. Patrick E. Betar, William S. Berk and Andrew S. Genden of Berk, Merchant & Sims, PLC, Coral Gables",,,,,898,
ZbIQ_nq1Gqs,25 1760,2D2025-1760,True,PROGRESSIVE AMERICAN INSURANCE COMPANY v. ANTHONY PRIETO,2026-06-19,dismissed,Dismissed.,False,True,,Silberman; Kelly; Rothstein-Youakim,False,,False,,,,,,2D2025-1760,https://www.courtlistener.com/opinion/10877591/x/,10877591,11345095,993,
Zd3XZV14i2w,24 1355,2D2024-1355,True,"Bariana v. Florida Health Sciences Center, Inc., D/B/A Tampa General Hospital, et al",2025-05-16,reverse,Reversed and remanded.,False,False,Morris,Morris,False,,False,,,," GENERAL MEDICAL GROUP, INC., a Florida corporation, Appellees. No. 2D2024-1355 May 16, 2025 Appeal pursuant to Fla. R. App. P. 9.130 from the Circuit Court for Hillsborough County; Darren D. Farfante, Judge. Kendra D. Presswood, Kiren Choudhry, and Gabriel T. Roberts of Scott Law Team, LLC, Jupiter"," Fla. R. App. P. 9.130 from the Circuit Court for Hillsborough County; Darren D. Farfante, Judge. Kendra D. Presswood, Kiren Choudhry, and Gabriel T. Roberts of Scott Law Team, LLC, Jupiter, for Appellant. Joseph H. Lang, Jr., Allison O. Kahn, and Alana Zorrilla-Gaston of Carlton Fields, P.A., Tampa",,,,,32908,
ZdcTdXj4WLA,23 2648,2D2023-2648,True,"RAINONE v. ORGAN, ORGAN",2025-06-11,affirm,Affirmed,True,True,,Northcutt; Rothstein-Youakim; Atkinson,False,,False,,Michelle D. Sisco,Hillsborough,"DISTRICT COURT OF APPEAL OF FLORIDA SECOND DISTRICT MARILYN RAINONE, Appellant, v. JOSHUA ORGAN and RICHARD ORGAN, Appellees. No. 2D2023-2648 June 11, 2025 Appeal from the Circuit Court for Hillsborough County; Michelle D. Sisco, Judge. Brian J. Lee of Morgan & Morgan, Jacksonville","Appellant, v. JOSHUA ORGAN and RICHARD ORGAN, Appellees. No. 2D2023-2648 June 11, 2025 Appeal from the Circuit Court for Hillsborough County; Michelle D. Sisco, Judge. Brian J. Lee of Morgan & Morgan, Jacksonville, for Appellant. Samuel B. Spinner and Paul L. Nettleton of Carlton Fields, P.A., Miami",,,,,832,
Zkbh18vd7yE,2D19-4159,,False,,,,,,,,,,,,,,,,,,,,,,
ZlzsTM26zsk,24 0649,2D2024-0649,True,State of Florida v. Kilburn,2025-08-15,denied,Denied,False,False,Black,Black,True,,False,,,,,,,,,,12764,
ZnHYgPSzels,2D17 504,2D2017-0504,True,DEANDRICK KEYON BACON  vs STATE OF FLORIDA,2018-11-07,affirm,Affirmed,True,False,,Khouzam; Sleet; Lucas,False,,False,,,," OF FLORIDA SECOND DISTRICT DEANDRICK KEYON BACON, ) ) Appellant, ) ) v. ) Case No. 2D17-504 ) STATE OF FLORIDA, ) ) Appellee. ) ) Opinion filed November 7, 2018. Appeal from the Circuit Court for Manatee County; Hunter Carroll, Judge. J. Andrew Crawford of J. Andrew Crawford, P.A., Saint Petersburg","ppellee. ) ) Opinion filed November 7, 2018. Appeal from the Circuit Court for Manatee County; Hunter Carroll, Judge. J. Andrew Crawford of J. Andrew Crawford, P.A., Saint Petersburg, for Appellant. Pamela Jo Bondi, Attorney General, Tallahassee, and Michael Schaub, Assistant Attorney General, Tampa",,,,,1184,
Zz1YRrqIObs,2D19-3505,,False,,,,,,,,,,,,,,,,,,,,,,
_--8ipQy7n8,23 1558,2D2023-1558,True,Manyak v. State of Florida,2025-01-31,mixed,"Affirmed in part; vacated in part, and remanded with instructions.",False,False,Smith,Smith; Morris; Atkinson,False,,False,,Dana Moss,Sarasota,,"pellee. No. 2D2023-1558 January 31, 2025 Appeal from the Circuit Court for Sarasota County; Dana Moss, Judge. J. Andrew Crawford of J. Andrew Crawford, P.A., St. Petersburg, for Appellant. John M. Guard, Acting Attorney General, Tallahassee, and James A. Hellickson, Assistant Attorney General, Tampa",,,,,5005,
_1RPdunRS2U,24 1445,2D2024-1445,True,Palm Garden v. Pavis,2025-07-16,dismissed,Dismissed,False,True,,Silberman; Kelly; Labrit,False,,False,,Melissa M. Polo,Hillsborough,"personal representative of the Estate of Julia D. Pavis, deceased, Appellee. No. 2D2024-1445 July 16, 2025 Appeal from the Circuit Court for Hillsborough County; Melissa M. Polo, Judge. Scot E. Samis, C. Ryan Jones, and Brandon R. Christian of Traub Lieberman Straus & Shrewsberry LLP, St. Petersburg","ee. No. 2D2024-1445 July 16, 2025 Appeal from the Circuit Court for Hillsborough County; Melissa M. Polo, Judge. Scot E. Samis, C. Ryan Jones, and Brandon R. Christian of Traub Lieberman Straus & Shrewsberry LLP, St. Petersburg, for Appellants. Dara A. Cooley of Dara Cooley Law, P.A., St. Petersburg",,,,,2609,
_9lWgeE22IU,2D20-887,2D2020-0887,True,AMANDA JEAN WILKINSON  vs JAMES  M. BELL,2021-04-14,affirm,Affirmed,False,False,,Northcutt; Silberman; Lucas,False,,False,,,,"COURT OF APPEAL OF FLORIDA SECOND DISTRICT AMANDA JEAN WILKINSON, ) ) Appellant, ) v. ) Case No. 2D20-887 ) JAMES M. BELL, ) ) Appellee. ) ) Opinion filed April 14, 2021. Appeal from the Circuit Court for Lee County; John S. Carlin, Judge. Stacy L. Haverfield of Stacy L. Haverfield, P.A., Cape Coral","BELL, ) ) Appellee. ) ) Opinion filed April 14, 2021. Appeal from the Circuit Court for Lee County; John S. Carlin, Judge. Stacy L. Haverfield of Stacy L. Haverfield, P.A., Cape Coral, for Appellant. Kayla Richmond of Henderson, Franklin, Starnes and Holt, P.A., Fort Meyers (withdrew after briefing)",,,,,2280,
_Bkhn9EIjJM,2D20-3152,2D2020-3152,True,"WILLIAM NELSON  vs JASON MILLER INVESTMENTS, INC., D/ B/ A JAYMAR TRAVEL PARK",2021-07-02,reverse,Reversed ; remanded with instructions.,False,False,Rothstein-Youakim,Rothstein-Youakim; Lucas; Atkinson,False,,False,,,,,"ore than a ""placeholder"" for an entity or entities that may or may not exist; Nelson has not served ""XYZ Co. 1-3"" with the underlying complaint, and ""XYZ Co. 1-3"" has made no appearance in this appeal. Dyana L. Sisti and Katherine V. Shadwick of Reynolds Parrino Spano & Shadwick P.A., St. Petersburg",,,,,3123,
_Bm0zoYMVCo,25 0701,2D2025-0701,False,,,,,,,,,,,,,,,,,,,,,,
_CC4LRpjZpw,2D20-1979,2D2020-1979,True,AMJAD ALQAWASMEH  vs STATE OF FLORIDA,2021-05-14,reverse,Reversed and remanded.,False,False,Northcutt,Northcutt; Atkinson; Stargel,False,,False,,,,,,,,,,4968,
_OCtX-zZ-w4,2D22 49,2D2022-0049,True,"GREENSPIRE GLOBAL, INC. AND STEVEN M. KNAUSS  vs SARASOTA GREEN GROUP, L L C",2022-06-17,denied,Denied,True,False,,,False,,False,,,,,,,,,,862,
_OK_gN7SSCI,24 0536,2D2024-0536,True,"O'FLAHERTY AND FIER v. PINELLAS COUNTY BOARD OF COUNTY COMMISSIONERS, GONZALES, et al",2024-12-20,affirm,Affirmed,True,True,,Sleet; Lucas; Rothstein-Youakim,False,,False,,,,,,,,,,881,
_OQ4RV7SCDs,2D20 2440,2D2020-2440,True,HATTIE WILSON  vs CITIZENS PROPERTY INS. CORP.,2021-12-22,affirm,Affirmed,True,False,,Morris; Kelly; Labrit,False,,False,,Richard A. Nielsen,Hillsborough,,"ION, Appellee No. 2D20-2440 December 22, 2021 Appeal from the Circuit Court for Hillsborough County; Richard A. Nielsen, Judge. Melissa A. Giasi and Erin M. Berger of Giasi Law, P.A., Tampa, for Appellant. Carri S. Leininger and Maureen Martinez of Williams, Leininger & Cosby, P.A., North Palm Beach",,,,,838,
__hlfHs_pRk,23 117,2D2023-0117,True,SAXON v. SAXON,2024-08-07,mixed,Affirmed in part; reversed in part; remanded.,False,False,,Kelly; Villanti,False,,False,,Steve D. Berlin,Pinellas," OF APPEAL OF FLORIDA SECOND DISTRICT THOMAS JASON SAXON, Appellant, v. HOLLY HOLLEMAN SAXON, Appellee. No. 2D2023-0117 August 7, 2024 Appeal from the Circuit Court for Pinellas County; Steve D. Berlin, Judge. Brandon S. Vesely and Shannon Troutman of The Florida Appellate Firm, P.A., St. Petersburg",", v. HOLLY HOLLEMAN SAXON, Appellee. No. 2D2023-0117 August 7, 2024 Appeal from the Circuit Court for Pinellas County; Steve D. Berlin, Judge. Brandon S. Vesely and Shannon Troutman of The Florida Appellate Firm, P.A., St. Petersburg, for Appellant. Amber Patwell of Amber Patwell Law, St. Petersburg",,,,,2798,
_kUja_7sKQg,2D19-3519,2D2019-3519,True,"WISE PROPERTY MANAGEMENT, INC.  vs HAMPTON PARK TOWNHOME ASSOCIATION, INC. AND TIMOTHY ROSS MURPHY",2021-03-31,affirm,Affirmed,True,False,,Northcutt; Silberman; Lucas,False,,False,,,,"NT, INC., ) ) Appellant, ) v. ) Case No. 2D19-3519 ) HAMPTON PARK TOWNHOME ) ASSOCIATION, INC. and TIMOTHY ROSS ) MURPHY, ) ) Appellees. ) ) Opinion filed March 31, 2021. Appeal from the Circuit Court for Hillsborough County; Rex Barbas, Judge. Robert E. Biasotti of Biasotti Law, of Saint Petersburg","SOCIATION, INC. and TIMOTHY ROSS ) MURPHY, ) ) Appellees. ) ) Opinion filed March 31, 2021. Appeal from the Circuit Court for Hillsborough County; Rex Barbas, Judge. Robert E. Biasotti of Biasotti Law, of Saint Petersburg, for Appellant. Bryan D. Hull, H. Web Melton, III of Buss Ross, P.A., of Tampa",,,,,1110,
_l95ewRIbgg,22 4094,2D2022-4094,True,"NCWPCS MPL 19-YEAR SITES TOWER HOLDINGS, LLC, CCATT, LLC, et al v. L3HARRIS TECHNOLOGIES, INC., CELL TOWER LEASE ACQUISITION, LLC, et al",2024-03-20,affirm,Affirmed - Per Curiam Affirmed,True,True,,Northcutt; Casanueva; Lucas,False,,False,,Rex Martin Barbas,Hillsborough,"dividual, D&B LANDSCAPING, LLC, and MBD TOWER ENTERPRISES, LLC, Appellees. No. 2D22-4094 March 20, 2024 Appeal from the Circuit Court for Hillsborough County; Rex Martin Barbas, Judge. Jack J. Aiello, Christopher P. Benvenuto, and John A. Schifino of Gunster, Yoakley & Stewart, P.A., West Palm Beach"," 20, 2024 Appeal from the Circuit Court for Hillsborough County; Rex Martin Barbas, Judge. Jack J. Aiello, Christopher P. Benvenuto, and John A. Schifino of Gunster, Yoakley & Stewart, P.A., West Palm Beach, for Appellants. Raymond T. Elligett, Jr. and Amy S. Farrior of Buell & Elligett, P.A., Tampa",,,,,1219,
_pCYPn5PRhQ,23 966,2D2023-0966,True,"GANSNER, CARTER, et al v. TAMPA ELECTRIC COMPANY",2024-04-12,affirm,Affirmed - Per Curiam Affirmed,True,True,,Sleet; Lucas; Labrit,False,,False,,Mark Wolfe,Hillsborough,"S CARTER and CHELSEA CARTER, Appellants, v. TAMPA ELECTRIC COMPANY, Appellee. No. 2D23-966 April 12, 2024 Appeal from the Circuit Court for Hillsborough County; Mark Wolfe, Judge. Michael C. Bird and Gabriel K. Silveira of Morgan and Morgan, Tampa; and Richard Perlini of Richard Perlini, P.A., Ocala","eal from the Circuit Court for Hillsborough County; Mark Wolfe, Judge. Michael C. Bird and Gabriel K. Silveira of Morgan and Morgan, Tampa; and Richard Perlini of Richard Perlini, P.A., Ocala, for Appellants. Adam D. Griffin and Timothy C. Conley of Lau, Lane, Pieper, Conley & McCreadie, P.A., Tampa",,,,,927,
_r0Caq-r-0s,23 251,2D2023-0251,True,"DIRTY DUCK 16004, LLC, DIRTY DUCK 16008, LLC, ET AL. VS TOWN OF REDINGTON BEACH",2023-11-08,affirm,Affirmed - Authored Opinion ~ and remanded.,False,False,Silberman,Silberman; Kelly; Morris,False,,False,,,,"unicipal corporation, Appellee. No. 2D23-251 November 8, 2023 Appeal pursuant to Fla. R. App. P. 9.130 from the Circuit Court for Pinellas County; Thomas M. Ramsberger, Judge. Kyle B. Teal, Hala Sandridge, Chance Lyman, Christian C. Kohlsaat, and Jesse Stolow of Buchanan Ingersoll & Rooney PC, Tampa",,,,,,20554,
_wWXOBLHi7w,24 0902,2D2024-0902,True,"Tulsi v. Ramlagan, Ramlagan",2025-05-21,other,Reverse and remand for vacatur of the final judgement and for further proceedings.,False,False,Rothstein-Youakim,Rothstein-Youakim; Khouzam; Moe,False,,False,,Nancy L. Jacobs,Hillsborough,,"ndranauth Ramlagan, deceased, Appellee. Nos. 2D2024-0902, 2D2024-1592 CONSOLIDATED May 21, 2025 Appeal from the Circuit Court for Hillsborough County; Nancy L. Jacobs, Judge. Nicole Deese Newlon of Johnson, Newlon & DeCort, P.A., Tampa, for Appellant. Allison M. Perry of Florida Appeals, P.A., Tampa",,,,,1888,
_yNY7tz7k7w,2D19-3881,2D2019-3881,True,ANNEMARIE CORNINE  vs KEVIN CORNINE,2021-03-05,affirm,Affirmed,True,False,,Kelly; Sleet; Lucas,False,,False,,,,"DISTRICT COURT OF APPEAL OF FLORIDA SECOND DISTRICT ANNEMARIE CORNINE, ) ) Appellant, ) ) v. ) Case No. 2D19-3881 ) KEVIN CORNINE, ) ) Appellee. ) ) Opinion filed March 5, 2021. Appeal from the Circuit Court for Highlands County; David V. Ward, Judge. Robert M. Brush of Brush & Coyle, P.A., Lakeland","NE, ) ) Appellant, ) ) v. ) Case No. 2D19-3881 ) KEVIN CORNINE, ) ) Appellee. ) ) Opinion filed March 5, 2021. Appeal from the Circuit Court for Highlands County; David V. Ward, Judge. Robert M. Brush of Brush & Coyle, P.A., Lakeland, for Appellant. Jean M. Henne of Jean M. Henne, P.A., Winter Haven",,,,,1139,
_yRmr__dLqA,23 1977,2D2023-1977,True,"OSMAN v. WHITBURN, LLC, NEWPORT PROPERTIES, INC.",2024-02-16,affirm,Affirmed - Per Curiam Affirmed,True,True,,Silberman; Morris; Smith,False,,False,,,,"TRICT SAMEH MOHAMMED S. OSMAN a/k/a SAMEH OSMAN, Appellant, v. WHITBURN LLC and NEWPORT PROPERTIES, INC., Appellees. No. 2D23-1977 February 16, 2024 Appeal pursuant to Fla. R. App. P. 9.130 from the County Court for Pasco County; Kent Compton, Judge. Jan T. Govan of Govan Law Group, P.A., Clearwater","N LLC and NEWPORT PROPERTIES, INC., Appellees. No. 2D23-1977 February 16, 2024 Appeal pursuant to Fla. R. App. P. 9.130 from the County Court for Pasco County; Kent Compton, Judge. Jan T. Govan of Govan Law Group, P.A., Clearwater, for Appellant. Erik De L'Etoile of De L'Etoile Law Firm, P.A., Tampa",,,,,1001,
_ywLzgPKC1g,2D21 1993,,False,,,,,,,,,,,,,,,,,,,,,,
a06vV3tukBI,23 2657,2D2023-2657,True,BECKFORD v. IN RE: GUARDIANSHIP OF WAYNE ASTOR BECKFORD,2025-06-06,affirm,Affirmed,False,False,,Black; Smith,False,,False,,Pamela A.M. Campbell,Pinellas,,"ip of Wayne Astor Beckford, an incapacitated person. CHARLES BECKFORD, Appellant, v. HAMDEN BASKIN, Appellee. No. 2D2023-2657 June 6, 2025 Appeal from the Circuit Court for Pinellas County; Pamela A.M. Campbell, Judge. Charles Beckford, pro se. Hamden H. Baskin, III, and Jeffrey A. Eisel, Clearwater",,,,,5435,
a35eXUqYzEQ,23 0088,2D2023-0088,True,"EL-ALAMI v. DEUTSCHE BANK NATIONAL TRUST COMPANY AS TRUSTEE, SECURITIZED ASSET BACKED RECEIVABLES, LLC TRUST 7007-BR3, et al",2024-12-13,affirm,Affirmed,True,True,,Morris; Atkinson; Labrit,False,,False,,Cynthia Newton,Pinellas,"D RECEIVABLES LLC TRUST 7007-BR3, MORTGAGE PASS-THROUGH CERTIFICATES, SERIES 2007-BR3, Appellee. No. 2D2023-0088 December 13, 2024 Appeal from the Circuit Court for Pinellas County; Cynthia Newton, Judge. Shannon L. Troutman and Brandon S. Vesely of The Florida Appellate Firm, P.A., Saint Petersburg","SERIES 2007-BR3, Appellee. No. 2D2023-0088 December 13, 2024 Appeal from the Circuit Court for Pinellas County; Cynthia Newton, Judge. Shannon L. Troutman and Brandon S. Vesely of The Florida Appellate Firm, P.A., Saint Petersburg, for Appellant. Kimberly S. Mello of Greenberg Traurig, P.A., Orlando",,,,,931,
a417eDn45dU,2D19-3972,,False,,,,,,,,,,,,,,,,,,,,,,
a5XpmoezTXk,2D20-1421,2D2020-1421,True,WESTON INSURANCE COMPANY  vs RIVERSIDE CLUB CONDOMINIUM ASSOC. INC.,2021-03-17,affirm,Affirmed ; conflict certified.,False,False,,Morris; Sleet; Lucas,False,,False,,,,,", Evelyn M. Merchant, Alan H. Swindoll, and Judith B. Goldstein of Berk, Merchant & Sims, PLLC, Coral Gables, for Appellant. Mark A. Boyle, Alicia M. Lopez, and Molly Chafe Brockmeyer of Boyle, Leonard & Anderson, P.A., Fort Myers; and Cary J. Goggin of Goede, Adamczyk, DeBoest & Cross, PLLC, Naples",,,,,2291,
a6q_-8iump8,2D20 518,2D2020-0518,True,"HOP-HEDZ, INC., ET AL  vs ALLSTATE FUNDING CORPORATION, ET AL",2021-09-29,affirm,Affirmed,True,False,,Villanti; Lucas; Smith,False,,False,,Cheryl K. Thomas,Hillsborough,"CAFE PROPERTIES, LLC, Appellant, v. ALLSTATE FUNDING CORPORATION, Appellee. No. 2D20-518 September 29, 2021 Appeal from the Circuit Court for Hillsborough County; Cheryl K. Thomas, Judge. Heather A. DeGrave and Stuart Jay Levine of Walters Levine Lozano & DeGrave, Tampa; and W. Bart Meacham of Tampa","29, 2021 Appeal from the Circuit Court for Hillsborough County; Cheryl K. Thomas, Judge. Heather A. DeGrave and Stuart Jay Levine of Walters Levine Lozano & DeGrave, Tampa; and W. Bart Meacham of Tampa for Appellants. Farha Ahmed and Damian G. Waldman of Law Offices of Damian G. Waldman, P.A., Largo",,,,,930,
a8opkQtUWyU,2D20 840,2D2020-0840,True,"MILES CHRISTIAN - HART AND BARBARA CHRISTIAN - HART  vs WELLS FARGO BANK, N. A.",2021-05-19,affirm,Affirmed,True,False,,Black; Rothstein-Youakim; Stargel,False,,False,,,,,,,,,,1326,
a9jKcMcm438,2D19-4473,2D2019-4473,True,"MICHAEL ANTHONY MORTELLARO, AS PERSONAL REPRESENTATIVE  vs CARIBE HEALTH CENTER, INC., ET AL",2021-05-26,reverse,Reversed and remanded.,False,False,Rothstein-Youakim,Rothstein-Youakim; Villanti; Atkinson,False,,False,,,,,"TH CENTER, INC., ) and ANA DOMINGUEZ, ) ) Appellees. ) ) Opinion filed May 26, 2021. Appeal from the Circuit Court for Hillsborough County; Richard A. Nielsen, Judge. Raymond N. Seaford of Law Office of Raymond N. Seaford, P.A., Tampa, for Appellant. Mark E. Pena of Law Office of Mark E. Pena, Tampa",,,,,19634,
aBN7lC-TUTI,23 744,2D2023-0744,True,"MICHAEL  J. MOSES, I I VS PATRICIA T. MOSES",2024-02-07,affirm,Affirmed - Per Curiam Affirmed,True,True,,Silberman; Villanti; Labrit,False,,False,,Evan G. Frayman,Pinellas,"DISTRICT COURT OF APPEAL OF FLORIDA SECOND DISTRICT MICHAEL J. MOSES, II, Appellant, v. PATRICIA T. MOSES, Appellee. No. 2D23-744 February 7, 2024 Appeal from the Circuit Court for Pinellas County; Evan G. Frayman, Judge. Michael J. Park of Park, Ossian, Barnaky & Park, P.A.","MOSES, II, Appellant, v. PATRICIA T. MOSES, Appellee. No. 2D23-744 February 7, 2024 Appeal from the Circuit Court for Pinellas County; Evan G. Frayman, Judge. Michael J. Park of Park, Ossian, Barnaky & Park, P.A., for Appellant. Kevin D. Brennan of Meros, Smith, Brennan & Gregg, P.A., St. Petersburg",,,,,787,
aEXPFpwIyP8,22 3632,2D2022-3632,True,"STATE OF FLORIDA v. DOWNS, ESQ.",2023-09-15,reverse,Reversed - Authored Opinion ~ and remanded.,False,False,,,False,,False,,,,,,,,,,28404,
aO-sNR973G4,24 1605,2D2024-1605,True,"TROY MARKEITH GRIFFIN, JR. v. STATE OF FLORIDA",2026-04-22,affirm,Affirmed.,True,True,,Northcutt; Atkinson; Labrit,False,,False,,Philip J. Federico,Pinellas,"F FLORIDA SECOND DISTRICT TROY MARKEITH GRIFFIN, JR., Appellant, v. STATE OF FLORIDA, Appellee. No. 2D2024-1605 April 22, 2026 Appeal from the Circuit Court for Pinellas County; Philip J. Federico, Judge. Blair Allen, Public Defender, and Benedict P. Kuehne, Special Assistant Public Defender, Bartow","2, 2026 Appeal from the Circuit Court for Pinellas County; Philip J. Federico, Judge. Blair Allen, Public Defender, and Benedict P. Kuehne, Special Assistant Public Defender, Bartow, for Appellant. James Uthmeier, Attorney General, Tallahassee, and Taylor A. Schell, Assistant Attorney General, Tampa",2D2024-1605,https://www.courtlistener.com/opinion/10846585/x/,10846585,11313952,863,
aSgnRTLt4NI,2D20-692,2D2020-0692,True,"RANDY R. FOSTER  vs KEVIN R. FOSTER, INDIVIDUALLY AND AS SUCCESSOR PERSONAL REPRESENTATIVE OF ESTATE OF DORTHY A. FOSTER",2020-12-04,affirm,Affirmed,True,False,,Khouzam; Sleet; Labrit,False,,False,,,," personal representative of ) the Estate of Dorthy A. Foster, ) ) Appellees. ) ___________________________________) Opinion filed December 4, 2020. Appeal from the Circuit Court for Pasco County; Philippe Matthey, Judge. G. Wrede Kirkpatrick and Suzanne R. Eschrich of Hines Norman Hines, P.L., Tampa","_______________) Opinion filed December 4, 2020. Appeal from the Circuit Court for Pasco County; Philippe Matthey, Judge. G. Wrede Kirkpatrick and Suzanne R. Eschrich of Hines Norman Hines, P.L., Tampa, for Appellant. Christina C. Hebert and J. Ronald Denman of Bleakley, Bavol, Denman & Grace, Tampa",,,,,1200,
aUaQyR2T8os,2D20 3313,2D2020-3313,True,"LEE TE KIM  vs COURTNEY GALASSO, ET AL",2022-08-03,mixed,Affirmed in Part/Reversed in Part ; remanded.,False,False,,Sleet; Smith,False,,False,,Cheryl K. Thomas,Hillsborough,"e. and ROBERT PITTMAN, JR., Appellee, and AGP RUSKIN, LLC, Appellee/Cross-Appellant. No. 2D20-3313 August 3, 2022 Appeal from the Circuit Court for Hillsborough County; Cheryl K. Thomas, Judge. Alec D. Russell of GrayRobinson, P.A, Melbourne; and Paul E. Parrish of Parrish Law, P.A., Satellite Beach","-3313 August 3, 2022 Appeal from the Circuit Court for Hillsborough County; Cheryl K. Thomas, Judge. Alec D. Russell of GrayRobinson, P.A, Melbourne; and Paul E. Parrish of Parrish Law, P.A., Satellite Beach, for Appellant. Chance Lyman and Joshua S. M. Smith of Buchanan Ingersoll & Rooney PC, Tampa",,,,,21409,
ajSpfluvYko,2D19-1594,,False,,,,,,,,,,,,,,,,,,,,,,
amx4OMkAyxc,24 0168,2D2024-0168,True,"LASSEN v. DOLPHIN TOWER CONDOMINIUM ASSOCIATION, INC.",2025-07-11,reverse,Reversed and remanded.,False,False,Villanti,Villanti,False,,False,,Stephen M. Walker,Sarasota,,,,,,,22685,
ap6Du9lsOGk,2D20-2202,2D2020-2202,True,"AMERICAN HOME ASSURANCE COMPANY  vs JOHN  ROBERT SEBO, INDIVIDUALLY & TRUSTEE",2021-06-30,denied,Denied,False,False,Casanueva,Casanueva; Villanti; Black,False,,False,,,,,,,,,,12493,
apHb6qZ8MHk,2D21 265,2D2021-0265,True,"APEX ROOFING & RESTORATION, LLC (A/A/O MARK SHAPIRO)  vs UNITED PROPERTY & CASUALTY INSURANCE COMPANY",2022-04-06,affirm,Affirmed,True,False,,Morris; Sleet; Smith,False,,False,,Lauren L. Brodie,Collier,"COND DISTRICT APEX ROOFING & RESTORATION, LLC a/a/o MARK SHAPIRO, Appellant, v. UNITED PROPERTY & CASUALTY INSURANCE COMPANY, Appellee. No. 2D21-265 April 6, 2022 Appeal from the Circuit Court for Collier County; Lauren L. Brodie, Judge. Robert C. Hubbard and George A. Vaca of Vaca Law Group, Tampa;",,,,,,814,
aqyURqQdfw8,24 0788,2D2024-0788,True,"CAIR Florida, Inc. v. Nocco, Sheriff of Pasco County",2025-05-21,reverse,Reversed and remanded.,False,False,Northcutt,Northcutt,False,,False,,Susan Gardner Barthle,Pasco,,"788 May 21, 2025 Appeal from the Circuit Court for Pasco County; Susan Gardner Barthle, Judge. Daniel Lucas Marshall of Southern Legal Counsel, Gainesville, and Amia Trigg of NAACP Legal Defense & Educational Fund, Washington, DC, for Appellant. Matthew D. Stefany of Allen Norton & Blue, P.A., Tampa",,,,,20570,
as3a_-d9vtI,25 1483,2D2025-1483,True,UNIVERSAL PROPERTY & CASUALTY INSURANCE v. WILLIAM BELL and DENISE BELL,2026-08-14,affirm,Affirmed; conflict certified.,False,True,,Silberman; Atkinson; Guard,False,,False,,Susan Barthle,Pasco,"COND DISTRICT UNIVERSAL PROPERTY & CASUALTY INSURANCE COMPANY, Appellant, v. WILLIAM BELL and DENISE BELL, Appellees. No. 2D2025-1483 August 14, 2026 Appeal from the Circuit Court for Pasco County; Susan Barthle, Judge. David A. Noel and Kara Rockenbach Link of Link & Rockenbach, PA, West Palm Beach","he Circuit Court for Pasco County; Susan Barthle, Judge. David A. Noel and Kara Rockenbach Link of Link & Rockenbach, PA, West Palm Beach, for Appellant. Raymond T. Elligett, Jr., and Amy S. Farrior of Buell Elligett Farrior & Faircloth, P.A., Tampa; and Dean Makris of Makris & Mullinax, P.A., Tampa",2D2025-1483,https://www.courtlistener.com/opinion/10948410/x/,10948410,11415997,3090,
av0Jah7clqM,22 4048,2D2022-4048,True,JONATHAN KIERNAN GODWIN VS STEPHEN MICHELINI,2023-09-06,granted,Granted - Authored Opinion ~ ; order quashed.,False,False,Black,Black; Morris; Smith,False,,False,,,,,,,,,,5800,
avf5U_ykL80,2D19-1563,2D2019-1563,True,DAVID EVERETT AND PATRICIA EVERETT  vs AVATAR PROPERTY & CASUALTY INSURANCE COMPANY,2021-01-29,reverse,Reversed and remanded.,False,False,Silberman,Silberman; Northcutt; Sleet,False,,False,,,,") INSURANCE COMPANY, ) ) Appellee. ) ___________________________________) Opinion filed January 29, 2021. Appeal from the Circuit Court for Hillsborough County; Emmett Lamar Battles, Judge. Michael E. Lanier, Jacksonville (withdrawn); Grant H. Gibson, St. Augustine (substituted as counsel of record)","2021. Appeal from the Circuit Court for Hillsborough County; Emmett Lamar Battles, Judge. Michael E. Lanier, Jacksonville (withdrawn); Grant H. Gibson, St. Augustine (substituted as counsel of record), for Appellants. Carol M. Rooney and Abraham M. Shakfeh of Butler Weihmuller Katz Craig, LLP, Tampa",,,,,21208,
awOktwd61u0,22 1457,2D2022-1457,True,MELANIE  CHADWELL NORRIS VS ALAN RODRIGUEZ AND FLORA RODRIGUEZ,2023-12-29,affirm,Affirmed - Authored Opinion ~ **CORRECTED**,False,False,Smith,Smith,False,,False,,Anne-Leigh Gaylord Moe,Hillsborough,"L OF FLORIDA SECOND DISTRICT MELANIE CHADWELL NORRIS, Appellant, v. ALAN RODRIGUEZ and FLORA RODRIGUEZ, Appellees. No. 2D22-1457 December 29, 2023 Appeal from the Circuit Court for Hillsborough County; Anne-Leigh Gaylord Moe, Judge. Raymond N. Seaford of Law Office of Raymond N. Seaford, P.A., Tampa","for Hillsborough County; Anne-Leigh Gaylord Moe, Judge. Raymond N. Seaford of Law Office of Raymond N. Seaford, P.A., Tampa, for Appellant. Kansas R. Gooden of Boyd & Jenerette, P.A., Miami; Lara J. Edelstein of Boyd & Jenerette, P.A., Boca Raton; and Amy Prevatt of Segundo Law Group, St. Petersburg",,,,,13466,
azldBrrAkKo,23 1588,2D2023-1588,True,"TAILORED INTERIORS, LLC v. FEUERSTEIN",2024-10-16,affirm,Affirmed,True,True,,,False,,False,,Maryann Olson Boehm,Sarasota,,"D J. FEUERSTEIN, Appellee/Cross-Appellant. No. 2D2023-1588 October 16, 2024 Appeal from the County Court for Sarasota County; Maryann Olson Boehm, Judge. Kevin D. Micale of Ulrich, Scarlett, Watts & Dean, P.A., Sarasota, for Appellant/Cross-Appellee. Scott H. Carter of Dunlap & Moran, P.A., Sarasota",,,,,860,
b0aVBHJuA_0,2D20 611,2D2020-0611,True,PAUL PINKSTON  vs STATE OF FLORIDA,2021-11-24,mixed,Affirmed in Part/Reversed in Part ; and remanded,False,False,Villanti,Villanti; Lucas; Smith,False,,False,,Michael F. Andrews,Pinellas,"DISTRICT COURT OF APPEAL OF FLORIDA SECOND DISTRICT PAUL PINKSTON, Appellant, v. STATE OF FLORIDA, Appellee. No. 2D20-611 November 24, 2021 Appeal from the Circuit Court for Pinellas County; Michael F. Andrews, Judge. Jason T. Forman of Law Offices of Jason T. Forman, P.A., Fort Lauderdale",", 2021 Appeal from the Circuit Court for Pinellas County; Michael F. Andrews, Judge. Jason T. Forman of Law Offices of Jason T. Forman, P.A., Fort Lauderdale, for Appellant. Ashley Moody, Attorney General, Tallahassee, and James A. Hellickson and Michael S. Roscoe, Assistant Attorneys General, Tampa",,,,,17633,
b0c4Felv7eI,2D19-2343,,False,,,,,,,,,,,,,,,,,,,,,,
b25IL_NGZgo,25 0787,2D2025-0787,True,JOSHUA P. MILLER v. HOLLY BENTLEY,2026-07-01,affirm,Affirmed.,True,True,,,False,,False,,Michael Williams,Hillsborough,,"llant, v. HOLLY BENTLEY, Appellee. No. 2D2025-0787 July 1, 2026 Appeal from the Circuit Court for Hillsborough County; Michael Williams, Judge. Nicole Deese Newlon of Johnson, Newlon & Decort, P.A., Tampa, for Appellant. Charles A. Carlson and Courtney L. Fernald of Older Lundy Koch & Martino, Tampa",2D2025-0787,https://www.courtlistener.com/opinion/10883342/x/,10883342,11350870,802,
b6uerpTEUys,2D21 3412,2D2021-3412,True,"JAMES L. LEIGHTON, JR., AND JANET S. LEIGHTON NOTA  vs NANCY E. LEIGHTON, INDIVIDUALLY, ET AL.",2022-12-28,affirm,Affirmed,True,False,,,False,,False,,Hunter W. Carroll,Sarasota,"ed trustee of Shirley E. Leighton Revocable Living Trust, as purportedly amended and restated February 27, 2019, Appellee. No. 2D21-3412 December 28, 2022 Appeal from the Circuit Court for Sarasota County; Hunter W. Carroll, Judge. Matthew A. Linda and Douglas T. Gould of Linde Law Group, Fort Myers"," purportedly amended and restated February 27, 2019, Appellee. No. 2D21-3412 December 28, 2022 Appeal from the Circuit Court for Sarasota County; Hunter W. Carroll, Judge. Matthew A. Linda and Douglas T. Gould of Linde Law Group, Fort Myers, for Appellants. Bryan S. Kessler of Berg & Kessler, Venice",,,,,926,
bAHolOwo0ro,2D19-4413,2D2019-4413,True,"GEORGE ANDERSON TRAINING AND CONSULTING, INC., ET AL  vs MILLER BEY PARALEGAL AND FINANCING, L L C",2021-03-12,reverse,Reversed and remanded for further proceedings consistent with this opinion.,False,False,Villanti,Villanti; Northcutt; Labrit,False,,False,,,,") ) Appellants, ) ) v. ) Case No. 2D19-4413 ) MILLER BEY PARALEGAL & FINANCING, ) LLC, a Florida limited liability company, ) ) Appellee. ) ) Opinion filed March 12, 2021. Appeal from the Circuit Court for Pinellas County; Patricia Muscarella, Judge. Paul H. Bowen of Paul H. Bowen, P.A., Palm Harbor","NCING, ) LLC, a Florida limited liability company, ) ) Appellee. ) ) Opinion filed March 12, 2021. Appeal from the Circuit Court for Pinellas County; Patricia Muscarella, Judge. Paul H. Bowen of Paul H. Bowen, P.A., Palm Harbor, for Appellants. Matthew D. Weidner of Weidner Law, P.A., St. Petersburg",,,,,20265,
bAQ7-bhdaSk,2D21 1573,2D2021-1573,True,KEN SANDY POSNER  vs CYNTHIA JOAN POSNER,2022-03-09,affirm,Affirmed,True,False,,,False,,False,,Helene L. Daniel,Hillsborough,,"ISTRICT KEN SANDY POSNER, Appellant, v. CYNTHIA JOAN POSNER, Appellee. No. 2D21-1573 March 9, 2022 Appeal from the Circuit Court for Hillsborough County; Helene L. Daniel, Judge. David A. Maney of Maney, Damsker & Jones, P.A., Tampa, for Appellant. Steven Glaros of Steve Glaros and Associates, Tampa",,,,,744,
bAeZ34rO_a8,2D20 1339,2D2020-1339,True,"MARIO L. PILOTO  vs M S INDUSTRIAL, LLC, ET AL.",2021-12-22,affirm,Affirmed,True,False,,Morris; Kelly; Labrit,False,,False,,Steven L. Selph,Polk,,"lbrough of Billbrough & Marks, P.A., Coral Gables and Robert N. Pelier of Law Office of Robert N. Pelier, Coral Gables, for Appellant. Kathryn L. Ender and Todd R. Ehrenreich of Lewis Brisbois Bisgaard & Smith LLP, Coral Gables; Esteban F. Scornik and Gary D. Vazquez of Vasquez & Tosko, LLP, Orlando",,,,,1028,
bFRyrxbKh0w,22 3466,2D2022-3466,True,PROGRESSIVE SELECT INSURANCE COMPANY v. HILCHEY,2024-08-21,reverse,Reversed and remanded.,False,False,Atkinson,Atkinson; Lucas; Smith,False,,False,,Michael C. Baggé-Hernández,Hillsborough,"APPEAL OF FLORIDA SECOND DISTRICT PROGRESSIVE SELECT INSURANCE COMPANY, Appellant, v. TYLER HILCHEY, Appellee. No. 2D2022-3466 August 21, 2024 Appeal from the County Court for Hillsborough County; Michael C. Baggé-Hernández, Judge. Joye B. Walford and Michael C. Clarke of Kubicki Draper, P.A., Tampa",". TYLER HILCHEY, Appellee. No. 2D2022-3466 August 21, 2024 Appeal from the County Court for Hillsborough County; Michael C. Baggé-Hernández, Judge. Joye B. Walford and Michael C. Clarke of Kubicki Draper, P.A., Tampa, for Appellant. Chad A. Barr and Dalton L. Gray of Chad Barr Law, Altamonte Springs",,,,,27818,
bHp3AMDAZtU,25 0063,2D2025-0063,True,"JOSEPH R. D. BURNS, a/k/a David Burns, and MARCIA v. KOONTZ & ASSOCIATES, P.L., and JO ANN M. KOONTZ",2025-10-29,affirm,Affirmed.,True,True,,Northcutt; Black; Atkinson,False,,False,,Hunter W. Carroll,Sarasota,"CT JOSEPH R. D. BURNS, a/k/a David Burns, and MARCIA COLTER-BURNS, Appellants, v. KOONTZ & ASSOCIATES, P.L., and JO ANN M. KOONTZ, Appellees. No. 2D2025-0063 October 29, 2025 Appeal from the Circuit Court for Sarasota County; Hunter W. Carroll, Judge. Daniel Joy, Osprey, and Gregg Horowitz, Sarasota","ts, v. KOONTZ & ASSOCIATES, P.L., and JO ANN M. KOONTZ, Appellees. No. 2D2025-0063 October 29, 2025 Appeal from the Circuit Court for Sarasota County; Hunter W. Carroll, Judge. Daniel Joy, Osprey, and Gregg Horowitz, Sarasota, for Appellants. David A. Wallace of Bentley Goodrich Kison P.A., Sarasota",2D2025-0063,https://www.courtlistener.com/opinion/10751854/x/,10751854,11218439,815,
bHpcRCX-75Q,22 1962,2D2022-1962,True,STEWART MEDEROS VS JILL MEDEROS,2023-05-03,affirm,Affirmed - Per Curiam Affirmed,True,True,,Morris; Kelly; Labrit,False,,False,,Steve D. Berlin,Pinellas,"DISTRICT COURT OF APPEAL OF FLORIDA SECOND DISTRICT STEWART MEDEROS, Appellant, v. JILL MEDEROS, Appellee. No. 2D22-1962 May 3, 2023 Appeal from the Circuit Court for Pinellas County; Steve D. Berlin, Judge. Jill W. Warren, Pensacola",,,,,,751,
bQExJZwqFEM,2D20-1491,2D2020-1491,True,"HARSHADRAI V. MISTRY  vs PHYLLIS MINTON, INDIVIDUALLY AND AS TRUSTEE OF THE PHYLLIS MINTON REVOCABLE TRUST AGREEMENT DATED JULY 28, 2014, ET AL.",2021-05-07,affirm,Affirmed,True,False,,Silberman; Kelly; Sleet,False,,False,,,,,"RUST AGREEMENT DATED JULY ) 28, 2014; and DAVID ORLOFF, ) ) Appellees. ) ) Opinion filed May 7, 2021. Appeal from the Circuit Court for Pinellas County; Amy Williams, Judge. Alicia R. Whiting-Bozich of Sivyer Barlow & Watson, P.A., Tampa, for Appellant. Ha Thu Dao of Christie D. Arkovich P.A., Tampa",,,,,1382,
bXj0pWLxZtI,2D20 995,2D2020-0995,True,"ESTATE OF JACK V. SHEESLEY, ET AL  vs WOODBRIDGE REHABILITATION HEALTH CENTER, L L C, ET AL",2022-01-05,affirm,Affirmed,True,False,,,False,,False,,Emily A. Peacock,Hillsborough,"LC; TAMPA JACKSON SPRINGS SNF, LLC; TZVI BOGOMILSKY; SOUTHERN SNF MANAGEMENT, INC.; and APEX HEALTHCARE PARTNERS, LLC, Appellees. No. 2D20-995 January 5, 2022 Appeal from the Circuit Court for Hillsborough County; Emily A. Peacock, Judge. Linda Bellomio Commons of Linda Bellomio Commons, P.A., Tampa","THCARE PARTNERS, LLC, Appellees. No. 2D20-995 January 5, 2022 Appeal from the Circuit Court for Hillsborough County; Emily A. Peacock, Judge. Linda Bellomio Commons of Linda Bellomio Commons, P.A., Tampa, for Appellants. Christopher T. Hill and Yaima Holzman of Hill Rugh Keller & Main, P.L., Orlando",,,,,1425,
bZYoVaQN_NQ,24 0234,2D2024-0234,True,"Kapila v. EFO Laser Spine Institute, Ltd.",2025-08-06,other,Citation- Affirmed,True,False,,,False,,False,,Darren D. Farfante,Hillsborough,"d each of its affiliated entities, Appellant, v. EFO LASER SPINE INSTITUTE, LTD., Appellee. No. 2D2024-0234 August 6, 2025 Appeal from the Circuit Court for Hillsborough County; Darren D. Farfante, Judge. Steven L. Brannock, Joseph T. Eagleton, and Sarah B. Roberge of Brannock Berman & Seider, Tampa","ck, Joseph T. Eagleton, and Sarah B. Roberge of Brannock Berman & Seider, Tampa, for Appellant. Paul J. Battista, Gregory M. Garno, and Patrick T. Kalbac of Venable, LLP, Miami, for Appellant. Jordi Guso, Kenneth W. Waterway, Samuel J. Capuano, and Jessica Z. Greenburg of Berger Singerman LLP, Miami",,,,,1167,
bZuKLsrMY2Y,22 80,2D2022-0080,True,"PULTE HOME CORPORATION D/B/A PULTE HOMES VS WESTPARK PRESERVE HOMEOWNERS ASSOCIATION, INC., ET AL.",2023-05-12,affirm,Affirmed - Per Curiam Affirmed,True,True,,,False,,False,,Darren D. Farfante,Hillsborough,,"nty; Darren D. Farfante, Judge. Garrett A. Tozier and James P. Terpening, III, of Shutts & Bowen LLP, Tampa, and John A Dannecker of Shutts & Bowen LLP, Orlando, for Appellants. Kellie A. Caggiano, Lauren M. Eliopoulos, Alexander R. Allred, and Randell H. Rowe, IV, of Moyer Law Group, St. Petersburg",,,,,1943,
b_Mnwrjhrew,2D21 511,2D2021-0511,True,"RICHARD THELWELL AND CONSTANCE THELWELL  vs PARKCREST HARBOUR ISLAND CONDOMINIUM ASSOC., INC., ET AL",2022-02-04,affirm,Affirmed,True,False,,,False,,False,,Joelle Ann Ober,Hillsborough,,"tello and Frances M. Perrone, Judges. Owei Z. Belleh of The Belleh Law Group, P.L.L.C., Plantation, for Appellant. Adam C. Gurley of Rabin Parker Gurley, P.A., Clearwater, for Appellee Parkcrest Harbour Island Condominium Association, Inc. Heather A. DeGrave of Walters Levine Lozano & DeGrave, Tampa",,,,,1129,
bcjv7FkFIHA,2D20-541,2D2020-0541,True,"PDK UNLIMITED, INC.  vs WILMINGTON SAVINGS FUND SOCIETY, FSB AS TRUSTEE FOR UPLAND MORTGAGE LOAN TRUST, ET AL",2021-01-29,affirm,Affirmed,True,False,,,False,,False,,,," TENANT ) #1 NKA JACQUELINE BARRETT; AND ) DEFENDANT, UNKNOWN TENANT #2 ) NKA JOE HALEY, ) ) Appellees. ) ___________________________________) Opinion filed January 29, 2021. Appeal from the Circuit Court for Hillsborough County; Emily A. Peacock, Judge. Matthew D. Wolf of Ivanov & Wolf, PLLC, Tampa"," NKA JOE HALEY, ) ) Appellees. ) ___________________________________) Opinion filed January 29, 2021. Appeal from the Circuit Court for Hillsborough County; Emily A. Peacock, Judge. Matthew D. Wolf of Ivanov & Wolf, PLLC, Tampa, for Appellant. Christian J. Gendreau of Storey Law Group, P.A., Orlando",,,,,2183,
bjAIAwarpdM,2D19-1106,2D2019-1106,True,CARLOS RUBEN RODRIGUEZ  vs STATE OF FLORIDA,2021-07-16,reverse,Reversed and remanded with directions.,False,False,,Kelly; Rothstein-Youakim,False,,False,,Joseph G. Foster,Collier,"OF FLORIDA SECOND DISTRICT CARLOS RUBEN RODRIGUEZ, Appellant, v. STATE OF FLORIDA, Appellee. No. 2D19-1106 July 16, 2021 Appeal from the Circuit Court for Collier County; Joseph G. Foster, Judge. Howard L. Dimmig, II, Public Defender, and Benedict P. Kuehne, Special Assistant Public Defender, Bartow","1 Appeal from the Circuit Court for Collier County; Joseph G. Foster, Judge. Howard L. Dimmig, II, Public Defender, and Benedict P. Kuehne, Special Assistant Public Defender, Bartow, for Appellant. Ashley Moody, Attorney General, Tallahassee, and Jonathan P. Hurley, Assistant Attorney General, Tampa",,,,,20254,
bmVjFcjCe6U,23 2630,2D2023-2630,True,JAMES v. ST. PETERSBURG HOUSING AUTHORITY,2024-12-06,affirm,Affirmed,True,True,,Villanti; Black; Labrit,False,,False,,George M. Jirotka,Pinellas,"F APPEAL OF FLORIDA SECOND DISTRICT BRITTANI JAMES, Appellant, v. ST. PETERSBURG HOUSING AUTHORITY, Appellee. No. 2D2023-2630 December 6, 2024 Appeal from the Circuit Court for Pinellas County; George M. Jirotka, Judge. Ryan D. Barack and Michelle Erin Nadeau of Kwall Barack Nadeau, PLLC, Clearwater","llee. No. 2D2023-2630 December 6, 2024 Appeal from the Circuit Court for Pinellas County; George M. Jirotka, Judge. Ryan D. Barack and Michelle Erin Nadeau of Kwall Barack Nadeau, PLLC, Clearwater, for Appellant. Eric R. Thompson and Robert K. Tucker, II, of Gordon Rees Scully Mansukhani, LLP, Miami",,,,,831,
bszlOVN7S3E,22 1660,2D2022-1660,True,"DAWN CARAPELLA, BANKRUPTCY TRUSTEE OF THE ESTATE OF: VS STATE FARM MUTUAL AUTOMOBILE INSURANCE COMPANY , ET AL.,",2023-10-27,affirm,Affirmed - Per Curiam Opinion ~ Cross-appeal is dimissed as moot.,False,True,,Silberman; Villanti; Rothstein-Youakim,False,,False,,Jennifer X. Gabbard and Richard A. Nielsen,Hillsborough,,"h County; Jennifer X. Gabbard and Richard A. Nielsen, Judges. Tracy Raffles Gunn of Gunn Appellate Practice P.A., Tampa; Lee D. Gunn, IV, and Ryan Hedstrom, of Gunn Law Group, P.A., Tampa, for Appellant/Cross-Appellee. Matthew J. Lavisky and Mihaela Cabulea of Butler Weihmuller Katz Craig LLP, Tampa",,,,,1531,
buaZyJArNvw,23 676,2D2023-0676,True,A. A. v. M. A.,2024-11-01,unknown,,False,False,Northcutt,Northcutt; Khouzam; Atkinson,False,,False,,Linda H. Babb,Pasco,"DISTRICT COURT OF APPEAL OF FLORIDA SECOND DISTRICT A.A. Appellant, v. M.A. Appellee. No. 2D2023-0676 November 1, 2024 Appeal from the Circuit Court for Pasco County; Linda H. Babb, Judge. Megan Powell and Kristin M. Rhodus of Rhodus Law Firm, PLLC, St. Petersburg (withdrew after briefing)",,,,,,10434,
bv12c1xu2Ic,2D19-3837,2D2019-3837,True,"J.  JAMES ROWSEY, M. D.  vs BOARD OF REGENTS OF THE STATE OF FLORIDA, THROUGH ITS SUCCESSOR IN INTEREST,  UNIVERSITY OF SOUTH FLORIDA BOARD OF TRUSTEES",2021-07-16,dismissed,Dismissed,False,False,,Villanti; Rothstein-Youakim; Smith,False,,False,,Elizabeth G. Rice,Hillsborough,"RIDA, through its successor in interest, UNIVERSITY OF SOUTH FLORIDA BOARD OF TRUSTEES, Appellee. No. 2D19-3837 July 16, 2021 Appeal from the Circuit Court for Hillsborough County; Elizabeth G. Rice, Judge. Kevin C. Ambler of Ambler Law Group, Tampa; and Mark S. Howard of Mark S. Howard, P.A., Tampa"," July 16, 2021 Appeal from the Circuit Court for Hillsborough County; Elizabeth G. Rice, Judge. Kevin C. Ambler of Ambler Law Group, Tampa; and Mark S. Howard of Mark S. Howard, P.A., Tampa, for Appellant. Peter W. Zinober and Vanessa A. Patel of Ogletree, Deakins, Nash, Smoak & Stewart, P.C., Tampa",,,,,1584,
c0h-wd89m-A,22 3978,,False,,,,,,,,,,,,,,,,,,,,,,
c7GDHMjiyUU,2D20 1367,2D2020-1367,True,AARON DELAUNE  vs STATE OF FLORIDA,2021-05-26,affirm,Affirmed,True,False,,,False,,False,,,,"STRICT AARON DELAUNE, ) ) Appellant, ) ) v. ) Case No. 2D20-1367 ) STATE OF FLORIDA, ) ) Appellee. ) ) Opinion filed May 26, 2021. Appeal from the Circuit Court for Polk County; Keith Spoto, Judge. Howard L. Dimmig, II, Public Defender, and David B. Falstad, Special Assistant Public Defender, Bartow",", 2021. Appeal from the Circuit Court for Polk County; Keith Spoto, Judge. Howard L. Dimmig, II, Public Defender, and David B. Falstad, Special Assistant Public Defender, Bartow, for Appellant. Ashley Moody, Attorney General, Tallahassee, and Cerese Crawford Taylor, Assistant Attorney General, Tampa",,,,,1188,
c7txvklcf9o,23 534,2D2023-0534,True,"JANET ROWLAND-BURKE VS WEST SHORE DISTRICT, LLC , ET AL.",2024-03-01,affirm,Affirmed - Per Curiam Affirmed,True,True,,Sleet; Kelly; Villanti,False,,False,,Patricia A. Muscarella,Pinellas,"ign limited liability company d/b/a The District at Clearwater, and ATB CARPET & RESTORATION SERVICES, INC., a Florida profit corporation, Appellees. No. 2D23-534 March 1, 2024 Appeal from the Circuit Court for Pinellas County; Patricia A. Muscarella, Judge. Tyler Vaughn of Clark Law, St. Petersburg","SERVICES, INC., a Florida profit corporation, Appellees. No. 2D23-534 March 1, 2024 Appeal from the Circuit Court for Pinellas County; Patricia A. Muscarella, Judge. Tyler Vaughn of Clark Law, St. Petersburg, for Appellant. Jason M. Azzarone and Tia J. Jones of La Cava Jacobson & Goodis, P.A., Tampa",,,,,1167,
cBXEdHt8-24,23 2394,,False,,,,,,,,,,,,,,,,,,,,,,
cHhSW0c2JZo,2D21 20,2D2021-0020,True,"ALEXIS MACK  vs HYUNDAI MOTOR AMERICA, CORP.",2022-07-29,reverse,Reversed and remanded.,False,False,Northcutt,Northcutt; Rothstein-Youakim; Stargel,False,,False,,Emily A. Peacock,Hillsborough,"STRICT COURT OF APPEAL OF FLORIDA SECOND DISTRICT ALEXIS MACK, Appellant, v. HYUNDAI MOTOR AMERICA CORPORATION, Appellee. No. 2D21-20 July 29, 2022 Appeal from the Circuit Court for Hillsborough County; Emily A. Peacock, Judge. Theodore F. Greene III of Law Offices of Theodore F. Greene, LC, Orlando","PORATION, Appellee. No. 2D21-20 July 29, 2022 Appeal from the Circuit Court for Hillsborough County; Emily A. Peacock, Judge. Theodore F. Greene III of Law Offices of Theodore F. Greene, LC, Orlando, for Appellant. David B. Shelton and Charles P. Mitchell of Rumberger, Kirk & Caldwell, P.A., Orlando",,,,,16228,
cJovlIfgTnU,2D20-883,2D2020-0883,True,"DEBRA K. DREAS, AS PERSONAL REPRESENTATIVE OF THE ESTATE OF GEORGE D. KOPER, SR.  vs SUZANNE S. KOPER",2020-11-13,affirm,Affirmed,True,False,,,False,,False,,,," Case No. 2D20-883 ) SUZANNE S. KOPER, ) ) Appellee. ) _____________________ ) Opinion filed November 13, 2020. Appeal from the Circuit Court for Lee County; Alane C. Laboda, Judge. John J. Waskom, Mark C. Dungan, and Bradley J. Ellis of Icard, Merrill, Cullis, Timm, Furen & Ginsburg, P.A., Sarasota","___ ) Opinion filed November 13, 2020. Appeal from the Circuit Court for Lee County; Alane C. Laboda, Judge. John J. Waskom, Mark C. Dungan, and Bradley J. Ellis of Icard, Merrill, Cullis, Timm, Furen & Ginsburg, P.A., Sarasota, for Appellant. Richard J. Inglis of Freidin & Inglils, P.A., Fort Myers",,,,,1293,
cK4N2MhwFnI,2D20 2668,2D2020-2668,True,"JUAN RUBIO - BENAVIDES  vs GENERAL R. V. CENTER, INC.",2021-10-01,affirm,Affirmed,False,False,,Northcutt; Casanueva; Stargel,False,,False,,Paul L. Huey,Hillsborough,"DISTRICT COURT OF APPEAL OF FLORIDA SECOND DISTRICT JUAN RUBIO-BENAVIDES, Appellant, v. GENERAL R.V. CENTER, INC., Appellee. No. 2D20-2668 October 1, 2021 Appeal from the Circuit Court for Hillsborough County; Paul L. Huey, Judge. Aldo Bolliger of Bolliger Law Group, PLLC, Tampa","21 Appeal from the Circuit Court for Hillsborough County; Paul L. Huey, Judge. Aldo Bolliger of Bolliger Law Group, PLLC, Tampa, for Appellant. John A. Schifino and Justin P. Bennett of Gunster, Yoakley & Stewart, P.A., Tampa, and Nicholas J. Schwartz of Dolenga & Dolenga, PLLC, Farmington, Michigan",,,,,1178,
cOk9GQL0Kkk,2D20 2486,2D2020-2486,True,"MAGER PARUAS, L L C (SUCCESSOR TO MICHAEL DOLCE AND DOLCE LAW, P. A.)  vs DEANNA WILLIAMS, ET AL",2021-06-09,affirm,Affirmed,True,False,,Morris; Lucas; Atkinson,False,,False,,James Shenko,Lee,"A. HELLER, P.A., A PROFESSIONAL CORPORATION, NATHAN GOLDBERG, AND ALLRED, MAROKO & GOLDBERG, A PARTNERSHIP , Appellee. No. 2D20-2486 June 9, 2021 Appeal from the Circuit Court for Lee County; James Shenko, Judge. Shannon McLin Carlyle, William D. Palmer, Erin Pogue Newell of Florida Appeals, Orlando","DBERG, A PARTNERSHIP , Appellee. No. 2D20-2486 June 9, 2021 Appeal from the Circuit Court for Lee County; James Shenko, Judge. Shannon McLin Carlyle, William D. Palmer, Erin Pogue Newell of Florida Appeals, Orlando, for Appellant. Glenn J. Waldman of Gunster, Yoakley & Stewart, P.A., Fort Lauderdale",,,,,1336,
cR2ug9DA51c,2D19 1686,2D2019-1686,True,NICKY JOE PASQUALE  vs STATE OF FLORIDA,2021-08-20,affirm,Affirmed,True,False,,Northcutt; Atkinson; Smith,False,,False,,Charles E. Roberts,Sarasota,,"IDA, Appellee Case No. 2D19-1686 August 20, 2021 Appeal from the Circuit Court for Sarasota County; Charles E. Roberts, Judge. Jason T. Forman of Jason T. Forman, P.A. Fort Lauderdale, for Appellant. Ashley Moody, Attorney General, Tallahassee, and Cynthia Richards, Assistant Attorney General, Tampa",,,,,820,
cYIkBfzQMpo,24 2665,2D2024-2665,False,,,,,,,,,,,,,,,,,,,,,,
cZIzjFor-4o,24 0691,2D2024-0691,True,STATE OF FLORIDA v. RIGGLEMAN,2024-11-22,granted,Petition granted.,False,False,Silberman,Silberman; Casanueva; Rothstein-Youakim,False,,False,,,,,,,,,,10278,
cZiRzDGnPow,2D20 1841,2D2020-1841,True,"ALL INSURANCE RESTORATION SERVICES, INC. A/ A/ O EVELIO N. GARCIA AND EMERALDA F. GIRALDO vs CITIZENS PROPERTY INSURANCE CORPORATION",2021-12-22,affirm,Affirmed,True,False,,Lucas; Atkinson; Labrit,False,,False,,Rex M. Barbas,Hillsborough,,,,,,,1121,
cbLb2W7gyCQ,2D22 640,2D2022-0640,True,JON GILBY  vs KIMBERLEI ZANIOL,2022-09-30,affirm,Affirmed,True,False,,Kelly; Khouzam; Sleet,False,,False,,,,"LORIDA SECOND DISTRICT JON GILBY, Appellant, v. KIMBERLEI ZANIOL, Appellee. No. 2D22-640 September 30, 2022 Appeal pursuant to Fla. R. App. P. 9.130 from the Circuit Court for Hillsborough County; Caroline Tesche Arkin, Judge. Ezequiel Lugo and Lauren L. Haynes of Banker, Lopez, Gassler, P.A., Tampa","rkin, Judge. Ezequiel Lugo and Lauren L. Haynes of Banker, Lopez, Gassler, P.A., Tampa, for Appellant. E. Aaron Sprague, Bryan S. Gowdy, and Dimitrios A. Peteves of Creed & Gowdy, P.A., Jacksonville; and Anthony D. Martino (withdrew after briefing) and J. Daniel Clark of Clark & Martino, P.A., Tampa",,,,,1027,
cdE71aRq-Zg,24 0658,2D2024-0658,True,Knowlton v. State of Florida,2025-06-20,affirm,Affirmed,True,True,,Northcutt; Morris; Moe,False,,False,,Dana M. Moss,Sarasota,"DISTRICT COURT OF APPEAL OF FLORIDA SECOND DISTRICT ROBERT DAVIS KNOWLTON, Appellant, v. STATE OF FLORIDA, Appellee. No. 2D2024-0658 June 20, 2025 Appeal from the Circuit Court for Sarasota County; Dana M. Moss, Judge. Michael P. Beltran of Beltran Litigation, P.A., Tampa"," OF FLORIDA, Appellee. No. 2D2024-0658 June 20, 2025 Appeal from the Circuit Court for Sarasota County; Dana M. Moss, Judge. Michael P. Beltran of Beltran Litigation, P.A., Tampa, for Appellant. James Uthmeier, Attorney General, Tallahassee, and William C. Shelhart, Assistant Attorney General, Tampa",,,,,810,
ceZJHbhvXxI,24 1920,2D2024-1920,True,Chan v. State of Florida,2025-08-20,affirm,Affirmed,True,True,,Kelly; Rothstein-Youakim; Smith,False,,False,,Robin F. Fuson,Hillsborough,"DISTRICT COURT OF APPEAL OF FLORIDA SECOND DISTRICT ESWIN ROLANDO CHAN, Appellant, v. STATE OF FLORIDA, Appellee. No. 2D2024-1920 August 20, 2025 Appeal from the Circuit Court for Hillsborough County; Robin F. Fuson, Judge. William F. Sansone of Sansone Law, P.A., Tampa","TATE OF FLORIDA, Appellee. No. 2D2024-1920 August 20, 2025 Appeal from the Circuit Court for Hillsborough County; Robin F. Fuson, Judge. William F. Sansone of Sansone Law, P.A., Tampa, for Appellant. James Uthmeier, Attorney General, Tallahassee, and Clara V. Murga, Assistant Attorney General, Tampa",,,,,812,
cgkrsELyvxQ,2D20 2840,2D2020-2840,True,"RONNIE AARON RONDELL  vs DANIEL RAMANO, CUONG VI DIEP AND TAI CHI DIEP",2022-01-05,affirm,Affirmed,False,False,Casanueva,Casanueva; Khouzam; Lucas,False,,False,,Paul L. Huey,Hillsborough,,"EP, Appellees. No. 2D20-2840 January 5, 2022 Appeal from the Circuit Court for Hillsborough County; Paul L. Huey, Judge. Robin P. Keener of Stoler Russell Keener Verona P.A., Tampa, for Appellant. Kenneth E. Amos, Jr., and Brandt A. Carlson of Vernis & Bowling of St. Petersburg, P.A., St. Petersburg",,,,,10058,
cl-77isON_c,2D20 2457,2D2020-2457,True,"FETZER B R S, L L C  vs FLORIDA DEPT OF ENVIROMENTAL PROTECTION",2021-08-20,affirm,Affirmed,True,False,,Silberman; Black; Sleet,False,,False,,,,"DISTRICT COURT OF APPEAL OF FLORIDA SECOND DISTRICT FETZER BRS, LLC, Appellant, v. DEPARTMENT OF ENVIROMENTAL PROTECTION, Appellee. No. 2D20-2457 August 20, 2021 Appeal from the Department of Environmental Protection. Michael P. Haymans of Michael P. Haymans Attorney at Law, P.A., Punta Gorda",", Appellee. No. 2D20-2457 August 20, 2021 Appeal from the Department of Environmental Protection. Michael P. Haymans of Michael P. Haymans Attorney at Law, P.A., Punta Gorda, for Appellant. Jeffrey Brown, Office of General Counsel, State of Florida Department of Environmental Protection, Tallahassee",,,,,835,
clsj90eTgw4,2D21 1356,2D2021-1356,True,"LYNN ZIRKEL, INDIVIDUALLY AND AS PERSONAL RESPRESENTATIVE OF THE ESTATE OF HUGH FRANCIS POPE, DECEASED vs CATHOLIC RELIEF SERVICE USCCB, ET AL",2023-01-04,affirm,Affirmed,True,False,,Black; Smith; Labrit,False,,False,,Sherwood Coleman,Pinellas,"MICHAL TATE; GEORGE BRADFORD; and MARY HILBORN, Appellees. No. 2D21-1356 January 4, 2023 Appeal from the Circuit Court for Pinellas County; Sherwood Coleman, Judge. Ceci C. Berman and Joseph T. Eagleton of Brannock Humphries & Berman, Tampa; and Joseph A. Richert of Richert Quarles, P.A., Clearwater"," Appeal from the Circuit Court for Pinellas County; Sherwood Coleman, Judge. Ceci C. Berman and Joseph T. Eagleton of Brannock Humphries & Berman, Tampa; and Joseph A. Richert of Richert Quarles, P.A., Clearwater, for Appellant. Joseph W. Fleece, III of Legacy Protection Lawyers, LLP, St. Petersburg",,,,,1517,
cqQgZs0d1yw,2D20 2605,2D2020-2605,True,"TAMPA PORT AUTHORITY VS BOB HENRIQUEZ, AS PROPERTY APPRAISER, ET AL",2023-12-29,affirm,Affirmed - Authored Opinion,False,False,Northcutt,Northcutt,False,,False,,Martha J. Cook,Hillsborough,"BELDEN, as Hillsborough County Tax Collector; and JIM ZINGALE, as Executive Director of the State of Florida Department of Revenue, Appellees. No. 2D20-2605 December 29, 2023 Appeal from the Circuit Court for Hillsborough County; Martha J. Cook, Judge. David Smolker of SmolkerLaw, P.A., Apollo Beach","ate of Florida Department of Revenue, Appellees. No. 2D20-2605 December 29, 2023 Appeal from the Circuit Court for Hillsborough County; Martha J. Cook, Judge. David Smolker of SmolkerLaw, P.A., Apollo Beach, for Appellant. William D. Shepherd of Hillsborough County Property Appraiser's Office, Tampa",,,,,35593,
cwJGy8wHoyw,2D21 103,,False,,,,,,,,,,,,,,,,,,,,,,
cwPVWKqwg4A,25 1111,2D2025-1111,True,"JESSICA STOUT v. LORETTA CASSITY, trustee for the Loretta Cassity Revocable",2026-08-28,reverse,Reversed and remanded for further proceedings.,False,False,Khouzam,Khouzam; Morris; Labrit,False,,False,,Amy M. Williams,Pinellas," JESSICA STOUT, Appellant, v. LORETTA CASSITY, trustee for the Loretta Cassity Revocable Trust, and LORETTA CASSITY, individually, Appellees. No. 2D2025-1111 August 28, 2026 Appeal from the Circuit Court for Pinellas County; Amy M. Williams, Judge. Jessie L. Harrell of The Harrell Firm, Jacksonville","Loretta Cassity Revocable Trust, and LORETTA CASSITY, individually, Appellees. No. 2D2025-1111 August 28, 2026 Appeal from the Circuit Court for Pinellas County; Amy M. Williams, Judge. Jessie L. Harrell of The Harrell Firm, Jacksonville, for Appellant. Caryn L. Bellus of Kubicki Draper, P.A., Miami",2D2025-1111,https://www.courtlistener.com/opinion/10960846/x/,10960846,11428451,34660,
cwW4F9vS6YY,24 2401,2D2024-2401,True,"LISA McWHORTER v. EVENT SERVICES AMERICA, INC. d/b/a",2026-01-14,mixed,Affirmed in part; reversed in part; remanded.,False,False,,,False,,False,,Amy M. Williams,Pinellas,"d/b/a CONTEMPORARY SERVICES COMPANY, Appellee. No. 2D2024-2401 January 14, 2026 Appeal from the Circuit Court for Pinellas County; Amy M. Williams, Judge. Thomas J. Seider of Brannock Berman & Seider, Tampa; and William H. Winters, Marc E. Yonker, and Patrick Brannon of Winters & Yonker, P.A., Tampa","the Circuit Court for Pinellas County; Amy M. Williams, Judge. Thomas J. Seider of Brannock Berman & Seider, Tampa; and William H. Winters, Marc E. Yonker, and Patrick Brannon of Winters & Yonker, P.A., Tampa, for Appellant. Allysa M. Reiter of Wicker Smith O’Hara McCoy & Ford, P.A., Fort Lauderdale",2D2024-2401,https://www.courtlistener.com/opinion/10774276/x/,10774276,11240861,26349,
d4KTuLko-DM,2D21 2988,2D2021-2988,True,KELLY RENEA HESTERS  vs CLADDIE LEE SAVAGE,2022-09-30,affirm,Affirmed,True,False,,Kelly; Khouzam; Sleet,False,,False,,Don T. Hall,DeSoto,,"ECOND DISTRICT KELLY RENEA HESTERS, Appellant, v. CLADDIE LEE SAVAGE, Appellee. No. 2D21-2988 September 30, 2022 Appeal from the Circuit Court for DeSoto County; Don T. Hall, Judge. Richard McKinley of McKinley Law Firm, P.A., Bartow, for Appellant. Louise Hanaoka of Louise Hanaoka, LLC, Punta Gorda",,,,,803,
d5N2dnndNGw,23 0853,2D2023-0853,True,"HARTMAN, HARTMAN v. TOWER HILL SELECT INSURANCE COMPANY",2024-07-03,affirm,Affirmed,True,True,,Kelly; Villanti; Lucas,False,,False,,Emily A. Peacock,Hillsborough,"IDA SECOND DISTRICT BRUCE A. HARTMAN and BLANCE M. HARTMAN, Appellants, v. TOWER HILL SELECT INSURANCE COMPANY, Appellee. No. 2D2023-0853 July 3, 2024 Appeal from the Circuit Court for Hillsborough County; Emily A. Peacock, Judge. Mark A. Nation and Paul W. Pritchard of The Nation Law Firm, Longwood","53 July 3, 2024 Appeal from the Circuit Court for Hillsborough County; Emily A. Peacock, Judge. Mark A. Nation and Paul W. Pritchard of The Nation Law Firm, Longwood, for Appellants. C. Ryan Jones, Scot E. Samis, and Brandon R. Christian of Traub Lieberman Straus & Shrewsberry, LLP, Saint Petersburg",,,,,861,
d6PDyjcuA2o,24 2464,2D2024-2464,True,"LARRY JOE SILLAWAY, as personal v. BRANDON CROSSROADS BOWL, INC.",2026-08-12,affirm,Affirmed.,False,False,Rothstein-Youakim,Rothstein-Youakim; Black; Labrit,False,,False,,Cheryl K. Thomas,Hillsborough,,,2D2024-2464,https://www.courtlistener.com/opinion/10945784/x/,10945784,11413369,17849,
d8iSTJML1hE,23 610,2D2023-0610,True,"COGENT HEALTHCARE OF JACKSONVILLE, LLC, AND EL-RAFADI, M. D. v. CROHAN, JR., ET AL.",2024-03-27,affirm,Affirmed - Per Curiam Affirmed,True,True,,,False,,False,,Paul L. Huey,Hillsborough,"AN, as guardian of Miranda Jean Crohan, an incapacitated person; and DARSHAN PATEL, M.D., Appellees. No. 2D23-610 March 27, 2024 Appeal from the Circuit Court for Hillsborough County; Paul L. Huey, Judge. Chance Lyman, Hala Sandridge, and S. Carey Villeneuve of Buchanan Ingersoll & Rooney, PC, Tampa",,,,,,1387,
d9gK4hnoCtg,25 1819,2D2025-1819,False,,,,,,,,,,,,,,,,,,,,,,
dCMMsPM_MlY,25 1396,2D2025-1396,True,"DE SOTO FL HOLDINGS, LLC v. HOPE DOWLING and THE MONEY SOURCE, INC.",2026-02-11,affirm,Affirmed.,True,True,,Lucas; Northcutt; Villanti,False,,False,,Michael F. Andrews,Pinellas,"ISTRICT COURT OF APPEAL OF FLORIDA SECOND DISTRICT DE SOTO FL HOLDINGS, LLC, Appellant, v. HOPE DOWLING and THE MONEY SOURCE, INC., Appellees. No. 2D2025-1396 February 11, 2026 Appeal from the Circuit Court for Pinellas County; Michael F. Andrews, Judge. Matthew D. Wolf of Ivanov & Wolf, PLLC, Tampa",", LLC, Appellant, v. HOPE DOWLING and THE MONEY SOURCE, INC., Appellees. No. 2D2025-1396 February 11, 2026 Appeal from the Circuit Court for Pinellas County; Michael F. Andrews, Judge. Matthew D. Wolf of Ivanov & Wolf, PLLC, Tampa, for Appellant. Jason M. Ellison of Ellison | Lazenby, St. Petersburg",2D2025-1396,https://www.courtlistener.com/opinion/10787130/x/,10787130,11253771,780,
dHdpI2QQ9V4,24 0833,2D2024-0833,True,"CITY OF TAMPA v. FOOTTIT, FOOTTIT",2024-10-16,affirm,Affirmed,False,False,Lucas,Lucas; Sleet; Kelly,False,,False,,,,"ober 16, 2024 Appeal pursuant to Fla. R. App. P. 9.130 from the Circuit Court for Hillsborough County; Melissa M. Polo, Judge. Andrea Zelman, City Attorney, and Robert T. Mosakowski, Assistant City Attorney; and Natalia Silver, Senior Assistant City Attorney, Tampa (substituted as counsel of record)",,,,,,16125,
dHl7klossAA,23 933,2D2023-0933,True,"JOHN DOBROWSKI VS ABBA'S HAVEN, LLC AND",2024-01-31,affirm,Affirmed - Per Curiam Affirmed,True,True,,Casanueva; Khouzam; Black,False,,False,,,,,"F FLORIDA, INC., Appellees. No. 2D23-933 January 31, 2024 Appeal pursuant to Fla. R. App. P. 9.130 from the Circuit Court for Manatee County; Edward Nicholas, Judge. Christopher Kubacki of Kubacki Law, PLLC, Treasure Island, for Appellant. Kurt T. Koehler of Cole, Scott & Kissane, P.A., Jacksonville",,,,,1001,
dIS8mDxRusQ,23 2490,2D2023-2490,True,"FRIEDMAN v. 919 OLD WINTER HAVEN ROAD, SPE, LLC",2024-04-03,denied,Denied - PC Denied,True,False,,,False,,False,,,,,,,,,,1630,
dMCWu8cGwXE,2D20 2488,,False,,,,,,,,,,,,,,,,,,,,,,
dRTuGpgSd_Y,2D20 1544 & 1554,2D2020-1544,True,ROBERT JAY KAPLAN  vs STATE OF FLORIDA,2022-03-30,affirm,Affirmed,True,False,,Kelly; Villanti; Stargel,False,,False,,Joseph Foster,Collier,,"E OF FLORIDA, Appellee. Case No. 2D20-1544 March 30, 2022 Appeal from the Circuit Court for Collier County; Joseph Foster, Judge. Keith W. Upson of The Upson Law Group, P.L., Naples, for Appellant. Ashley Moody, Attorney General, Tallahassee and Laurie Benoit- Knox, Assistant Attorney General, Tampa",,,,,814,
dUe9qqylSoE,22 2454,2D2022-2454,True,"BRIC MCMANN INDUSTRIES INCORPORATED VS REGATTA BEACH CLUB CONDOMINIUM ASSOCIATION, INC.",2023-09-15,reverse,Reversed - Authored Opinion ~ and remanded.,False,False,Kelly,Kelly; Atkinson,False,,True,Atkinson,,,"RATED, Appellant, v. REGATTA BEACH CLUB CONDOMINIUM ASSOCIATION, INC., Appellee. No. 2D22-2454 September 15, 2023 Appeal pursuant to Fla. R. App. P. 9.130 from the Circuit Court for Pinellas County; George M. Jirotka, Judge. Megan Powell and Kristin M. Rhodus of Rhodus Law Firm, PLLC, St. Petersburg"," September 15, 2023 Appeal pursuant to Fla. R. App. P. 9.130 from the Circuit Court for Pinellas County; George M. Jirotka, Judge. Megan Powell and Kristin M. Rhodus of Rhodus Law Firm, PLLC, St. Petersburg, for Appellant. Elaine D. Walter and Yvette Lavelle of Boyd Richards Parker Colonnelli, Miami",,,,,9532,
dUizVii3YIA,2D19-2062,,False,,,,,,,,,,,,,,,,,,,,,,
dWcCuttna1E,24 1292,2D2024-1292,True,State of Florida v. St. Fleur,2025-06-20,affirm,Affirmed,True,True,,,False,,False,,Barbara Twine Thomas,Hillsborough,"DA SECOND DISTRICT STATE OF FLORIDA, Appellant, v. YVESNERE ST. FLEUR, Appellee. No. 2D2024-1292 June 20, 2025 Appeal from the Circuit Court for Hillsborough County; Barbara Twine Thomas, Judge. James Uthmeier, Attorney General, Tallahassee, and William C. Shelhart, Assistant Attorney General, Tampa",". FLEUR, Appellee. No. 2D2024-1292 June 20, 2025 Appeal from the Circuit Court for Hillsborough County; Barbara Twine Thomas, Judge. James Uthmeier, Attorney General, Tallahassee, and William C. Shelhart, Assistant Attorney General, Tampa, for Appellant. Marc A. Joseph of Marc A. Joseph, P.A., Tampa",,,,,817,
dYK4bs3MdNc,2D20-1406,2D2020-1406,True,"JAMES CORDIER AND MICHAEL FREDERICK GROSS  vs WILLIAM MARK MOTLEY AND CYNTHIA ELIZABETH MOTLEY, ET AL",2021-01-29,affirm,Affirmed,True,False,,Casanueva; Villanti; Black,False,,False,,,,"s, ) ) v. ) Case No. 2D20-1406 ) WILLIAM MARK MOTLEY and ) CYNTHIA ELIZABETH MOTLEY, ) ) Appellees. ) ) Opinion filed January 29, 2021 Appeal pursuant to Fla. R. App. P. 9.130 from the Circuit Court for Hillsborough County; Steven Scott Stephens, Judge. Stanley T. Padgett of Padgett Law, P.A., Tampa",,,,,,1398,
dfEc3f-LpRk,2D22 1563,2D2022-1563,True,"GLOBE LEND, INC.  vs NATALIA PARRIS",2022-10-21,dismissed,Dismissed,True,False,,,False,,False,,,,,,,,,,830,
dffzaV8v_hs,2D19-3998,2D2019-3998,True,"U. S. BANK TRUST, N. A., AS TRUSTEE FOR LSF9 MASTER PARTICIPATION TRUST  vs ALEXANDRINA H. DICK, ET AL.",2021-02-05,reverse,Reversed ; remanded for further proceedings.,False,False,Rothstein-Youakim,Rothstein-Youakim; Lucas; Smith,False,,False,,,,"H. DICK; WELLS ) FARGO BANK, N.A., successor by ) merger with Wachovia Bank, N.A.; ) UNKNOWN TENANT #1; and ) UNKNOWN TENANT #2, ) ) Appellees. ) ) Opinion filed February 5, 2021. Appeal from the Circuit Court for Pasco County; Declan P. Mansfield, Judge. Shannon L. Troutman of Albertelli Law, Tampa","nk, N.A.; ) UNKNOWN TENANT #1; and ) UNKNOWN TENANT #2, ) ) Appellees. ) ) Opinion filed February 5, 2021. Appeal from the Circuit Court for Pasco County; Declan P. Mansfield, Judge. Shannon L. Troutman of Albertelli Law, Tampa, for Appellant. Gabriel R. Strine of Strine Legal Services, PLLC, Odessa",,,,,9037,
dkxQuWKYXtY,24 1772,2D2024-1772,True,CLERK OF THE COURT AND COMPTROLLER FOR THE v. ANGIE RANGEL; EFRAIN RUIZ-DIAZ; and STATE OF FLORIDA,2026-03-06,affirm,Affirmed.,False,False,Silberman,Silberman; Lucas; Villanti,False,,False,,,,"llees. No. 2D2024-1772 March 6, 2026 Appeal pursuant to Fla. R. App. P. 9.130 from the Circuit Court for Hillsborough County; G. Gregory Green, Judge. Kristen M. Fiore and Nancy Mason Wallace of Akerman LLP, Tallahassee; and Shelby K. Russ of Hillsborough County Clerk of Court and Comptroller, Tampa","Fla. R. App. P. 9.130 from the Circuit Court for Hillsborough County; G. Gregory Green, Judge. Kristen M. Fiore and Nancy Mason Wallace of Akerman LLP, Tallahassee; and Shelby K. Russ of Hillsborough County Clerk of Court and Comptroller, Tampa, for Appellant. J. Tony Lopez of Taino Law Group, Tampa",2D2024-1772,https://www.courtlistener.com/opinion/10804770/x/,10804770,11271505,9583,
dqfnLEeiy-c,2D18-4339,2D2018-4339,True,"ELAINE DIAL, ET AL  vs CALUSA PALMS MASTER ASSOCIATION, INC.",2020-12-11,affirm,Affirmed,False,False,Lucas,Lucas; Silberman; Rothstein-Youakim,False,,False,Rothstein-Youakim,,,,"lexander Brockmeyer of Boyle, Leonard & Anderson, P.A., Fort Myers for Appellants/Cross-Appellees. Michael Noone, Scot Goldberg, Elizete Velado and Sheba Abraham of Goldberg Noone, LLC, Fort Myers for Appellants/Cross-Appellees. Michael R. D'Lugo of Wicker, Smith, O'Hara, McCoy & Ford, P.A., Orlando",,,,,9043,
ds9Z5IMzms4,22 3539,2D2022-3539,True,"UNIVERSAL PROPERTY & CASUALTY INSURANCE COMPANY v. TSIRNIKAS, TSIRNIKAS",2024-02-23,reverse,Reversed - Authored Opinion ~ and remanded.,False,False,Casanueva,Casanueva; Northcutt; Silberman,False,,False,,Keith Meyer,Pinellas,"DISTRICT COURT OF APPEAL OF FLORIDA SECOND DISTRICT UNIVERSAL PROPERTY & CASUALTY INSURANCE COMPANY, Appellant, v. PARIS TSIRNIKAS, Appellee. No. 2D22-3539 February 23, 2024 Appeal from the Circuit Court for Pinellas County; Keith Meyer, Judge. Andrew A. Labbe of Groelle & Salmon, P.A., Tampa",,,,,,11597,
dx3fCQk-clM,2D20-2550,2D2020-2550,True,"JOSEPH M. BAIRD  vs MASON CLASSICAL ACADEMY, INC.",2021-04-09,denied,Denied,False,False,,,False,,False,,,,,,,,,,16185,
e0_PoNFBBAg,2D20 1800,2D2020-1800,True,"FLORIDA GAS TRANSMISSION CO., L L C  vs TERRY PETRASH",2021-05-28,affirm,Affirmed,True,False,,Silberman; Black; Sleet,False,,False,,,,"ASH, ) ) Appellee. ) ) Opinion filed May 28, 2021. Appeal from the Circuit Court for Hillsborough County; Martha J. Cook, Judge. Chris W. Altenbernd of Banker Lopez Gassler P.A., Tampa; and Ethan J. Loeb, Jon P. Tasso, and Allison C. Doucette of Smolker, Bartlett, Loeb, Hinds & Thompson, P.A., Tampa",,,,,,1558,
e0bFP6GH1KQ,23 0968 & 2049,2D2023-0968,True,"DANDAR, ESQ. v. WURR",2024-09-25,affirm,Affirmed,True,True,,Sleet; Villanti; Atkinson,False,,False,,Sherwood Coleman,Pinellas,"S, as personal representative of the Estate of Peggy J. Hawkins, deceased, Appellees. No. 2D2023-0968 & 2D2023-2049 CONSOLIDATED September 25, 2024 Appeal from the Circuit Court for Pinellas County; Sherwood Coleman, Judge. Kennan G. Dandar, pro se. Luke Lirot of Luke Charles Lirot, P.A., Clearwater","No. 2D2023-0968 & 2D2023-2049 CONSOLIDATED September 25, 2024 Appeal from the Circuit Court for Pinellas County; Sherwood Coleman, Judge. Kennan G. Dandar, pro se. Luke Lirot of Luke Charles Lirot, P.A., Clearwater, for Appellant. Steven L. Hearn and Frederick L. Hearn of Steven L. Hearn, P.A. Tampa",,,,,1552,
e8kr3Er28RE,25 0602,2D2025-0602,True,"JANE HORTON v. TAMPA BAY DOWNS, INC.",2026-06-03,affirm,Affirmed.,True,True,,Lucas; Kelly; Guard,False,,False,,Mark Wolfe,Hillsborough,"DISTRICT COURT OF APPEAL OF FLORIDA SECOND DISTRICT JANE HORTON, Appellant, v. TAMPA BAY DOWNS, INC., Appellee. No. 2D2025-0602 June 3, 2026 Appeal from the Circuit Court for Hillsborough County; Mark Wolfe, Judge. Brian J. Lee of Morgan & Morgan, Jacksonville","TON, Appellant, v. TAMPA BAY DOWNS, INC., Appellee. No. 2D2025-0602 June 3, 2026 Appeal from the Circuit Court for Hillsborough County; Mark Wolfe, Judge. Brian J. Lee of Morgan & Morgan, Jacksonville, for Appellant. Kathryn L. Ender, Seth V. Alhadeff and Janice Lopez of Dinsmore & Shohl, LLP, Miami",2D2025-0602,https://www.courtlistener.com/opinion/10869431/x/,10869431,11336888,788,
eAIlaYPugPc,2D22 310,2D2022-0310,True,"JAMES C. DAY  vs JOHN  P. FLECK, JR., ESQ.",2022-11-04,affirm,Affirmed,True,False,,,False,,False,,Charles Sniffen,Manatee,"DISTRICT COURT OF APPEAL OF FLORIDA SECOND DISTRICT JAMES C. DAY, Appellant, v. JOHN P. FLECK, JR., Appellee. No. 2D22-310 November 4, 2022 Appeal from the Circuit Court for Manatee County; Charles Sniffen, Judge. Anthony J. Fantauzzi III, of The Fantauzzi Law Firm, P.A., Tampa",,,,,,759,
eLU5je2C12I,25 1145,2D2025-1145,True,"Nimbus Apollo, LLC v. U. S. Bank National Association",2026-08-12,affirm,Affirmed,True,True,,Khouzam; Morris; Labrit,False,,False,,Amy M. Williams,Pinellas,"OWN TENANTS, ETC. IN POSSESSION UNIT 2; UNKNOWN TENANTS, ETC. IN POSSESSION UNIT 3; UNKNOWN TENANTS, ETC. IN POSSESSION UNIT 4, Appellees. No. 2D2025-1145 August 12, 2026 Appeal from the Circuit Court for Pinellas County; Amy M. Williams, Judge. Jawdet I. Rubaii of Jawdet I. Rubaii, P.A., Clearwater",,2D2025-1145,https://www.courtlistener.com/opinion/10945788/nimbus-apollo-llc-v-u-s-bank-national-association/,10945788,11413373,1565,
eMzGYagjv7E,2D19-520,2D2019-0520,True,IMARI GRAY  vs STATE OF FLORIDA,2021-03-19,affirm,Affirmed,True,False,,,False,,False,,,,"N THE DISTRICT COURT OF APPEAL OF FLORIDA SECOND DISTRICT IMARI GRAY, ) ) Appellant, ) ) v. ) Case No. 2D19-520 ) STATE OF FLORIDA, ) ) Appellee. ) ) Opinion filed March 19, 2021. Appeal from the Circuit Court for Lee County; Bruce E. Kyle, Judge. Thomas J. Butler of Thomas Butler, P.A., Miami Beach",,,,,,1140,
eYqlEKlBNKk,24 2495,2D2024-2495,True,"RENAISSANCE HOTEL MANAGEMENT COMPANY, LLC v. JOHN VANN",2025-12-19,affirm,Affirmed.,True,True,,Northcutt; Silberman; Kelly,False,,False,,Lyann Goudie,Hillsborough,,"PA INTERNATIONAL PLAZA HOTEL, Appellant, v. JOHN VANN, Appellee. No. 2D2024-2495 December 19, 2025 Appeal from the Circuit Court for Hillsborough County; Lyann Goudie, Judge. P. Brandon Perkins of Campbell Conroy & O'Neil, Fort Lauderdale, for Appellant. Brian J. Lee of Morgan & Morgan, Jacksonville",2D2024-2495,https://www.courtlistener.com/opinion/10761606/x/,10761606,11228191,831,
ea1e2e09zEg,2D19-3833,2D2019-3833,True,"SIESTA KEY ASSOCIATION OF SARASOTA, INC. AND DAVID N. PATTON  vs CITY OF SARASOTA AND LIDO KEY RESIDENT ASSOCIATION",2021-04-14,affirm,Affirmed,False,False,,Black; Stargel,False,,False,,,,"ts, ) ) v. ) Case No. 2D19-3833 ) CITY OF SARASOTA and LIDO KEY ) RESIDENTS ASSOCIATION, INC., ) ) Appellees. ) ) Opinion filed April 14, 2021. Appeal from the Circuit Court for Sarasota County; Andrea W. McHugh, Judge. D. Kent Safriet and Kristen C. Diot of Hopping Green and Sams, P.A., Tallahassee","lees. ) ) Opinion filed April 14, 2021. Appeal from the Circuit Court for Sarasota County; Andrea W. McHugh, Judge. D. Kent Safriet and Kristen C. Diot of Hopping Green and Sams, P.A., Tallahassee, for Appellants. Kevin S. Hennessy and Nicole J. Poot of Lewis, Longman, & Walker, P.A., St. Petersburg",,,,,12183,
ekjRmofGi5Y,2D21 2580,2D2021-2580,True,"NASMIN ENTERPRISE, INC.  vs CARLISLE/WILSON PLAZA, LLC AND NAPLES SUPERMARKET CORP.",2022-04-20,affirm,Affirmed in part; dismissed in part.,False,False,,,False,,False,,Elizabeth V. Krier,Collier,"ISTRICT NASMIN ENTERPRISE, INC., Appellant, v. CARLISLE/WILSON PLAZA, LLC; and NAPLES SUPERMARKET CORPORATION, Appellees. No. 2D21-2580 April 20, 2022 Appeal from the Circuit Court for Collier County; Elizabeth V. Krier, Judge. John A. Anthony and John W. Landkammer of Anthony & Partners, LLC, Tampa","PLAZA, LLC; and NAPLES SUPERMARKET CORPORATION, Appellees. No. 2D21-2580 April 20, 2022 Appeal from the Circuit Court for Collier County; Elizabeth V. Krier, Judge. John A. Anthony and John W. Landkammer of Anthony & Partners, LLC, Tampa, for Appellant. David P. Fraser of Holmes Fraser, P.A., Naples",,,,,4511,
enRqqNFCxEQ,22 3642,2D2022-3642,True,"DOSS v. TUCKER, TUCKER",2023-12-20,affirm,Affirmed - Per Curiam Affirmed,True,True,,Sleet; Black; Rothstein-Youakim,False,,False,,Emily A. Peacock,Hillsborough,,"NIA DOSS, Appellant, v. CHANDRA DENISE TUCKER AND LINDA TUCKER, Appellees. No. 2D22-3642 December 20, 2023 Appeal from the Circuit Court for Hillsborough County; Emily A. Peacock, Judge. Surgent Urania Doss, pro se. DeeAnn J. McLemore and Charles W. Hall of Banker Lopez Gassler, P.A., St. Petersburg",,,,,785,
eoMBrn-keQs,22 4066,2D2022-4066,True,"Rivera, Brita v. Salas",2024-07-19,affirm,Affirmed; conflict certified.,False,False,Villanti,Villanti; Casanueva; Morris,True,,False,,Lindsay M. Alvarez,Hillsborough,,"l from the Circuit Court for Hillsborough County; Lindsay M. Alvarez, Judge. Mark A. Neumaier, Tampa, for Appellant Angel Giovanni Rivera. Eric R. Maier and Frances E. Martinez of Older Lundy Koch & Martino, Tampa, for Appellant Ashley Nichole Isabel Brito. J. Robert Angstadt of Tampa Divorce, Tampa",,,,,18316,
epJM24zvULo,2D20 3268,,False,,,,,,,,,,,,,,,,,,,,,,
epq87KDYjW0,2D19 3886,2D2019-3886,True,"CHRIS PATTON  vs THE TOWN OF FORT MYERS BEACH, FLORIDA, ET AL",2020-07-08,denied,Denied,True,False,,Northcutt; Kelly; Atkinson,False,,False,,,,,,,,,,1708,
esNAKWfuNOw,2D20-2079,,False,,,,,,,,,,,,,,,,,,,,,,
eso1Q1Bd6Ps,2D20 2798,2D2020-2798,True,"MCBETH AND JENNY COLLINS  vs AVATAR PROPERTY & CASUALTY INSURANCE COMPANY, ET AL",2021-11-12,reverse,Reversed and remanded.,False,False,Kelly,Kelly; Morris; Labrit,False,,False,,Elizabeth Krier,Collier,"ERTY & CASUALTY INSURANCE COMPANY D/B/A ELEMENTS PROPERTY INSURANCE COMPANY, Appellee. No. 2D20-2798 November 12, 2021 Appeal from the Circuit Court for Collier County; Elizabeth Krier, Judge. George A. Vaka and Nancy A. Lauten of Vaka Law Group, Tampa; and Kelly L. Kubiak of Merlin Law Group, Tampa","zabeth Krier, Judge. George A. Vaka and Nancy A. Lauten of Vaka Law Group, Tampa; and Kelly L. Kubiak of Merlin Law Group, Tampa, for Appellants. Brian A. Hohman and Curtis Allen of Butler Weihmuller Katz Craig LLP, Tampa; and Elizabeth K. Russo and Paulo R. Lima of Russo Appellate Firm, P.A., Miami",,,,,2207,
etSvihscpSw,2D20 3232,,False,,,,,,,,,,,,,,,,,,,,,,
exKJUwsyzs0,2D22 411,2D2022-0411,True,"SEAN PITCHER  vs GILLEY'S CUSTOM CONCRETE AND FLOORING SYSTEMS, LLC, AND GILLEY'S CUSTOM HOMES, INC., F/K/A GILLEY'S CUSTOM HOMES L.L.C.",2022-12-14,affirm,Affirmed,True,False,,Casanueva; Khouzam; Labrit,False,,False,,Charles Sniffen,Manatee,"CT COURT OF APPEAL OF FLORIDA SECOND DISTRICT SEAN PITCHER, Appellant, v. GILLEY'S CUSTOM HOMES, INC. f/k/a GILLEY'S CUSTOM HOMES, L.L.C., Appellee. No. 2D22-411 December 14, 2022 Appeal from the Circuit Court for Manatee County; Charles Sniffen, Judge. Brad E. Kelsky of Kelsky Law, P.A., Plantation","ES, L.L.C., Appellee. No. 2D22-411 December 14, 2022 Appeal from the Circuit Court for Manatee County; Charles Sniffen, Judge. Brad E. Kelsky of Kelsky Law, P.A., Plantation, for Appellant. Bradley A. Muhs and Eric Koenig of Trenam, Kemker, Scharf, Barkin, Frye, O'Neil & Mullis, P.A., St. Petersburg",,,,,871,
f-gWj1U2RWM,2D20-1229,2D2020-1229,True,"JOSEPH E. ABDO  vs KHALIL ABDO, INDIVIDUALLY AND AS A SHAREHOLDER OF SOCIAL MEDIA, INC., ET AL.",2021-03-19,reverse,Reversed,False,False,,Rothstein-Youakim; Stargel,False,,False,,,,"ILVA; SOCIAL MEDIA INC.; SOCIAL ) MEDIA LTD. LLC; and SOCIAL MEDIA, ) INC. LTD., ) ) Appellees. ) ___________________________________) Opinion filed March 19, 2021. Appeal from the Circuit Court for Hillsborough County; Steven Scott Stephens, Judge. Robert E. Biasotti of Biasotti Law, St. Petersburg",". LTD., ) ) Appellees. ) ___________________________________) Opinion filed March 19, 2021. Appeal from the Circuit Court for Hillsborough County; Steven Scott Stephens, Judge. Robert E. Biasotti of Biasotti Law, St. Petersburg, for Appellant. Craig L. Berman of Berman Law Firm, P.A., St. Petersburg",,,,,12927,
f01Qmtcerj4,2D19-794,2D2019-0794,True,CHRISTOPHER SERNA  vs STATE OF FLORIDA,2021-02-19,affirm,Affirmed,True,False,,Silberman; Atkinson; Smith,False,,False,,,,"MINED IN THE DISTRICT COURT OF APPEAL OF FLORIDA SECOND DISTRICT CHRISTOPHER MATTHEW SERNA, ) ) Appellant, ) ) v. ) Case No. 2D19-794 ) STATE OF FLORIDA, ) ) Appellee. ) ) Opinion filed February 19, 2021. Appeal from the Circuit Court for Collier County; Joseph G. Foster, Judge. Ana M. Davide, Miami",,,,,,1175,
f07t3awSzYM,2D21 271,2D2021-0271,True,"HEATSINK U S A, L L C  vs STATE AUTO PROPERTY & CASUALTY INSURANCE CO., INC.",2022-02-09,affirm,Affirmed,True,False,,Villanti; Black; Atkinson,False,,False,,Thane B. Covert,Pinellas,,"OPERTY & CASUALTY INSURANCE COMPANY, Appellee. No. 2D21-271 February 9, 2022 Appeal from the Circuit Court for Pinellas County; Thane B. Covert, Judge. Charles M. Schropp of Schropp Law Firm, P.A., Tampa, for Appellant. Dustin C. Blumenthal and Samantha S. Rhayem of Goldberg Segalla, West Palm Beach",,,,,806,
f4GsdRjF9zY,2D19 3920,2D2019-3920,True,IRENE SAMANIEGO  vs LOUIS SAMANIEGO,2021-08-11,mixed,Affirmed in Part/Reversed in Part ; remanded.,False,False,Smith,Smith,False,,False,,Alicia Polk,Pasco,,,,,,,6066,
f9xJ2Cv5MCc,2D21 1299,2D2021-1299,True,RONALD G. CLETCHER  vs SHERRI A. CLETCHER,2022-10-07,mixed,Affirmed in Part/Reversed in Part,False,False,Casanueva,Casanueva; Northcutt; Khouzam,False,,False,,Joshua Riba,Pasco,"DISTRICT COURT OF APPEAL OF FLORIDA SECOND DISTRICT RONALD G. CLETCHER, Appellant, v. SHERRI A. CLETCHER, Appellee. No. 2D21-1299 October 7, 2022 Appeal from the Circuit Court for Pasco County; Joshua Riba, Judge. Paul H. Bowen of Paul H. Bowen, P.A., Palm Harbor","FLORIDA SECOND DISTRICT RONALD G. CLETCHER, Appellant, v. SHERRI A. CLETCHER, Appellee. No. 2D21-1299 October 7, 2022 Appeal from the Circuit Court for Pasco County; Joshua Riba, Judge. Paul H. Bowen of Paul H. Bowen, P.A., Palm Harbor, for Appellant. Mark F. Baseman of Felix, Felix & Baseman, Tampa",,,,,12080,
fB_CS8V8llQ,24 2895,2D2024-2895,True,"3447 WEST KENNEDY BOULEVARD, LLC v. TAMPA BAY BAR BUSINESS, LLC",2025-09-26,denied,Denied.,False,True,,Lucas; Black; Atkinson,False,,False,,,,,,2D2024-2895,https://www.courtlistener.com/opinion/10751672/x/,10751672,11218257,968,
fE-k2QXCm1I,23 2236,2D2023-2236,True,"WOODBRIDGE FACILITY, INC., D/B/A WOODBRIDGE CARE CENTER v. HAMILTON, ALLEN, et al",2024-11-01,affirm,Affirmed,True,True,,Morris; Black; Smith,False,,False,,Mark Wolfe,Hillsborough,"v. PAULETTE HAMILTON, by and through her Daughter and Durable Power of Attorney, TEQUESTA ALLEN, Appellee. No. 2D2023-2236 November 1, 2024 Appeal from the Circuit Court for Hillsborough County; Mark Wolfe, Judge. Kelli B. Hasting, Mark A. Humphrey, and Colin P. Riley of Humphrey Law Group, Longwood","le Power of Attorney, TEQUESTA ALLEN, Appellee. No. 2D2023-2236 November 1, 2024 Appeal from the Circuit Court for Hillsborough County; Mark Wolfe, Judge. Kelli B. Hasting, Mark A. Humphrey, and Colin P. Riley of Humphrey Law Group, Longwood, for Appellant. Kathryn E. Lee of Kathryn Lee, PLLC, Tampa",,,,,959,
fFRI4kq8GDc,23 2088,,False,,,,,,,,,,,,,,,,,,,,,,
fG5sEFt7hfg,22 2812,2D2022-2812,True,"BANK OF AMERICA, N. A., BANC OF AMERICA COMMUNITY DEVELOPMENT COMPANY, LLC v. BERKLEY INSURANCE COMPANY, et al",2024-05-17,reverse,Reversed and remand.,False,True,,Black; Lucas; Labrit,False,,False,,Darren D. Farfante,Hillsborough,,"n of Brannock Berman & Seider, Tampa; E.A. Seth Mills, Jr., of Mills Law Group, Tampa; and Ty G. Thompson and Robert C. Graham, Jr., of Paskert Divers Thompson, Tampa, for Appellant Berkley Insurance Company. Stacy D. Blank, Joseph H. Varner, III, and Avery A. Holloman of Holland & Knight LLP, Tampa",,,,,8801,
fH2TbmNHc8M,24 1447,2D2024-1447,True,McGee v. McGee,2025-08-15,reverse,Reversed and remanded with directions.,False,False,Atkinson,Atkinson; Lucas; Labrit,False,,False,,James R. Stearns,Pasco,"ded and sole trustee of the Robert Charles McGee Revocable Trust dated October 19, 2021, Appellee. No. 2D2024-1447 August 15, 2025 Appeal from the Circuit Court for Pasco County; James R. Stearns, Judge. Caitlein J. Jammo and Brandon D. Bellew of Johnson, Pope, Bokor, Ruppel & Burns, LLP, Clearwater","al from the Circuit Court for Pasco County; James R. Stearns, Judge. Caitlein J. Jammo and Brandon D. Bellew of Johnson, Pope, Bokor, Ruppel & Burns, LLP, Clearwater, for Appellant. Raymond T. Elligett, Jr., and Amy S. Farrior of Buell, Elligett, Farrior & Faircloth, Tampa; and Paul E. Riffel, Tampa",,,,,16567,
fHMfcePOT2M,2D19-4612,2D2019-4612,True,"K. E. HADLEY, ROSS HADLEY AND  ELIZABETH LEONARD HADLEY vs TIMOTHY  RAY DOWLING",2021-02-10,affirm,Affirmed,True,False,,Morris; Atkinson; Smith,False,,False,,,,", ) and ELIZABETH LEONARD ) HADLEY, ) ) Appellants, ) ) v. ) Case No. 2D19-4612 ) TIMOTHY RAY DOWLING, ) ) Appellee. ) ) Opinion filed February 10, 2021. Appeal from the Circuit Court for Sarasota County; Stephen Walker, Judge. Joseph H. Lang, Jr. and Paul L. Nettleton of Carlton Fields, P.A., Tampa"," DOWLING, ) ) Appellee. ) ) Opinion filed February 10, 2021. Appeal from the Circuit Court for Sarasota County; Stephen Walker, Judge. Joseph H. Lang, Jr. and Paul L. Nettleton of Carlton Fields, P.A., Tampa, for Appellant. Stephen A. Barnes of Barnes Trial Group, Tampa; Riccardo D. Arcaro, Sarasota",,,,,1165,
fJcfnz7aBek,25 2627,2D2025-2627,True,"NASRIN GHALYAIE, M.D. v. RONALD SCOTT CHAMBERLAIN, M.D.",2026-05-20,affirm,Affirmed.,True,True,,Kelly; Morris; Sleet,False,,False,,Dustin Anderson,Pasco," FLORIDA SECOND DISTRICT NASRIN GHALYAIE, M.D., individually and on behalf of C.C. and A.C., minor children, Appellant, v. RONALD SCOTT CHAMBERLAIN, M.D., Appellee. No. 2D2025-2627 May 20, 2026 Appeal from the Circuit Court for Pasco County; Dustin Anderson, Judge. Thomas Burns of Burns, P.A., Tampa","ly and on behalf of C.C. and A.C., minor children, Appellant, v. RONALD SCOTT CHAMBERLAIN, M.D., Appellee. No. 2D2025-2627 May 20, 2026 Appeal from the Circuit Court for Pasco County; Dustin Anderson, Judge. Thomas Burns of Burns, P.A., Tampa, for Appellant. Mark F. Baseman of Felix & Baseman, Tampa",2D2025-2627,https://www.courtlistener.com/opinion/10861730/x/,10861730,11329159,838,
fK3BCuLeuXk,2D18-1116,2D2018-1116,True,"GENET ARIZONE, ET AL  vs HOMEOWNERS CHOICE PROPERTY & CASUALTY INSURANCE CO., INC.",2021-03-17,mixed,Affirmed in Part/Reversed in Part ; remanded.,False,False,Black,Black; Casanueva; Atkinson,False,,False,,,,"NA SIMON, ) ) Appellants, ) ) v. ) Case No. 2D18-1116 ) HOMEOWNERS CHOICE PROPERTY & ) CASUALTY INSURANCE COMPANY, ) INC., ) ) Appellee. ) ) Opinion filed March 17, 2021. Appeal from the Circuit Court for Lee County; Keith R. Kyle, Judge. Erin M. Berger and Melissa A. Giasi of Giasi Law, P.A., Tampa"," CHOICE PROPERTY & ) CASUALTY INSURANCE COMPANY, ) INC., ) ) Appellee. ) ) Opinion filed March 17, 2021. Appeal from the Circuit Court for Lee County; Keith R. Kyle, Judge. Erin M. Berger and Melissa A. Giasi of Giasi Law, P.A., Tampa, for Appellants. Andrew A. Labbe of Groelle & Salmon, P.A., Tampa",,,,,11813,
fXiOmoFS_hI,2D19-2778,,False,,,,,,,,,,,,,,,,,,,,,,
fYTCMzkK5p4,22 3908,2D2022-3908,True,"LOUMPOS v. RAYMOND JAMES & ASSOCIATES, INC., BANK ONE, et al",2024-08-02,affirm,Affirmed,False,False,Kelly,Kelly,False,,False,,Lorraine Kelly,Pinellas,"L SYSTEMS, INC.; RAYMOND JAMES & ASSOCIATES, INC.; and DOVE INVESTMENT CORP., Judgment Assignee, Appellees. No. 2D2022-3908 August 2, 2024 Appeal from the County Court for Pinellas County; Lorraine Kelly, Judge. John D. Goldsmith of Trenam, Kemker, Scharf, Barkin, Frye, O'Neill & Mullis, P.A., Tampa","o. 2D2022-3908 August 2, 2024 Appeal from the County Court for Pinellas County; Lorraine Kelly, Judge. John D. Goldsmith of Trenam, Kemker, Scharf, Barkin, Frye, O'Neill & Mullis, P.A., Tampa, for Appellant. Hugh Shafritz, Aaron F. Miller, and Maxine Noel of Shafritz and Associates, PA, Delray Beach",,,,,24403,
f_uPi219478,23 297,2D2023-0297,True,"GALENCARE, INC., D/ B/ A BRANDON REGIONAL HOSPITAL VS STEVEN CARL SCHMIDT, ET AL.,",2023-09-15,denied,Denied - Citation ~ **DISMISSED**,False,False,,,False,,False,,,,,,,,,,1349,
faH__q0eeig,2D21 274 1,2D2021-0274,True,"PROGRESSIVE SELECT INSURANCE COMPANY  vs KAGAN JUGAN & ASSOCIATES, P. A.",2022-03-02,reverse,Reversed and remanded.,False,False,,Sleet; Atkinson,False,,False,,Devin S. George,Lee,"A SECOND DISTRICT PROGRESSIVE SELECT INSURANCE COMPANY, Appellant, v. KAGAN JUGAN & ASSOCIATES, P.A., a/a/o MOSES RAYNER, Appellee. No. 2D21-274 March 2, 2022 Appeal from the County Court for Lee County; Devin S. George, Judge. Michael C. Clarke and Jennifer L. Emerson of Kubicki Draper, P.A., Tampa","IATES, P.A., a/a/o MOSES RAYNER, Appellee. No. 2D21-274 March 2, 2022 Appeal from the County Court for Lee County; Devin S. George, Judge. Michael C. Clarke and Jennifer L. Emerson of Kubicki Draper, P.A., Tampa, for Appellant. Michael C. McQuagge and Thomas DeMinico of McQuagge Law Firm, Fort Myers",,,,,16560,
fbDJJoXoVvo,22 3005,2D2022-3005,True,STATE OF FLORIDA v. DOMENECH,2024-05-08,reverse,Reversed and remanded.,False,False,Atkinson,Atkinson; Labrit,False,,True,Labrit,,,"ORIDA, Appellant, v. JASON LUIS DOMENECH, Appellee. No. 2D2022-3005 May 8, 2024 Appeal pursuant to Fla. R. App. P. 9.140(c)(1)(b) from the Circuit Court for Pinellas County; Chris Helinger, Judge. Ashley Moody, Attorney General, Tallahassee, and William C. Shelhart, Assistant Attorney General, Tampa"," Appellee. No. 2D2022-3005 May 8, 2024 Appeal pursuant to Fla. R. App. P. 9.140(c)(1)(b) from the Circuit Court for Pinellas County; Chris Helinger, Judge. Ashley Moody, Attorney General, Tallahassee, and William C. Shelhart, Assistant Attorney General, Tampa, for Appellant. David T. Weisbrod, Tampa",,,,,44380,
fbNji7561FM,2D21 2759,2D2021-2759,True,"J D DEVELOPMENT I, LLC  vs ICS CONTRACTORS, LLC",2022-09-30,reverse,Reversed and remanded.,False,False,Black,Black; Northcutt; Khouzam,False,,False,,Lauren L. Brodie,Collier,"DISTRICT COURT OF APPEAL OF FLORIDA SECOND DISTRICT JD DEVELOPMENT I, LLC, Appellant, v. ICS CONTRACTORS, LLC, Appellee. No. 2D21-2759 September 30, 2022 Appeal from the Circuit Court for Collier County; Lauren L. Brodie, Judge. David P. Fraser of Holmes Fraser, P.A., Naples",", LLC, Appellant, v. ICS CONTRACTORS, LLC, Appellee. No. 2D21-2759 September 30, 2022 Appeal from the Circuit Court for Collier County; Lauren L. Brodie, Judge. David P. Fraser of Holmes Fraser, P.A., Naples, for Appellant. Joseph A. Davidow and Krithika S. Venugopal of Willis & Davidow, LLC, Naples",,,,,16296,
fbeJuoxsCM4,2D19-3960,2D2019-3960,True,"JONATHAN BAILEY AND REBECCA BAILEY  vs LENNAR CORPORATION, ET AL",2020-06-19,affirm,Affirmed,True,False,,Northcutt; Kelly; Atkinson,False,,False,,,,"Florida ) profit corporation, LENNAR HOMES, ) LLC, a Florida limited liability company; ) Appellees. ) ) Opinion filed June 19, 2020. Appeal pursuant to Fla. R. App. P. 9.130 from the Circuit Court for Polk County; Steven L. Selph, Judge. Christopher R. Turner of Christopher R. Turner, PLLC, Orlando","ellees. ) ) Opinion filed June 19, 2020. Appeal pursuant to Fla. R. App. P. 9.130 from the Circuit Court for Polk County; Steven L. Selph, Judge. Christopher R. Turner of Christopher R. Turner, PLLC, Orlando, for Appellants. Christine L. Welstead and Stephanie M. Simm of Bowman and Brooke LLP, Miami",,,,,1287,
fbfoyhpTXSw,2D19-2312,,False,,,,,,,,,,,,,,,,,,,,,,
fbg4Vq0mqj0,2D19-4916,2D2019-4916,True,"BRADENTON PC INVESTORS, LLC, PALM COVE OF BRADENTON CONDOMINIUM ASSOC., INC., ET AL vs BARBARA SUE JONES",2021-01-20,affirm,Affirmed,True,False,,Khouzam; Rothstein-Youakim; Stargel,False,,False,,,," LLC, ) ) Appellants, ) ) v. ) Case No. 2D19-4916 ) BARBARA SUE JONES; MARVIN ) ORTIZ, and SINAI PAINTING & ) LANDSCAPING, INC., ) ) Appellees. ) ) Opinion filed January 20, 2021. Appeal from the Circuit Court for Manatee County; Lon Arend, Judge. Mark D. Tinker of Cole, Scott & Kissane, P.A., Tampa","RTIZ, and SINAI PAINTING & ) LANDSCAPING, INC., ) ) Appellees. ) ) Opinion filed January 20, 2021. Appeal from the Circuit Court for Manatee County; Lon Arend, Judge. Mark D. Tinker of Cole, Scott & Kissane, P.A., Tampa, for Appellants. Kathryn E. Lee and Kevin Britt Woods, of Woods Trial Law, Tampa",,,,,1237,
feELWtA6Y50,2D22 812,2D2022-0812,True,GILBANE BUILDING COMPANY D/B/A MILLS GILBANE  vs SARASOTA COUNTY,2022-11-16,affirm,Affirmed,True,False,,,False,,False,,Stephen M. Walker,Sarasota,"cal subdivision of the State of Florida, Appellee. No. 2D22-812 November 16, 2022 Appeal from the Circuit Court for Sarasota County; Stephen M. Walker, Judge. Thomas H. Dart and Donald A. Mihokovich of Adams and Reese, LLP, Sarasota; and William A. DeVan of ConstructionLex, PLC, Alexandria, Virginia","dge. Thomas H. Dart and Donald A. Mihokovich of Adams and Reese, LLP, Sarasota; and William A. DeVan of ConstructionLex, PLC, Alexandria, Virginia, for Appellant. Frederick J. Elbrecht, County Attorney, Scott T. Boassard, Assistant County Attorney, and Bora S. Kayan, Deputy County Attorney, Sarasota",,,,,1028,
fg5kATNkUxY,2D21 1839,2D2021-1839,True,AMINA AHN  vs MEAGAN ARAUJO,2022-11-04,affirm,Affirmed,True,False,,,False,,False,,,,,"ICT AMINA AHN, Appellant, v. MEAGAN ARAUJO, Appellee. No. 2D21-1839 November 4, 2022 Appeal from the Circuit Court for Hillsborough County; Lisa A. Allen, Acting Circuit Judge. Melissa A. Giasi and Erin M. Berger, of Giasi Law, P.A., Tampa, for Appellant. Jesse A. Haskins of J Haskins Law, PA, Tampa",,,,,761,
fkAt8IuoiKs,2D18-4635,2D2018-4635,True,DAVID E. MURPHY  vs JENNIFER H. MURPHY,2021-03-12,mixed,Affirmed in Part/Reversed in Part ; remanded.,False,False,Black,Black,False,,False,,,,,"ellee/Cross-Appellant. ) ) Opinion filed March 12, 2021. Appeal from the Circuit Court for Hillsborough County; Carl C. Hinson, Judge. Matthew Thatcher of The Solomon Law Group, P.A., Tampa, for Appellant/Cross- Appellee. Jennifer J. Kennedy of Abbey, Adams, Byelick & Mueller, L.L.P., St. Petersburg",,,,,10202,
fkLdyNENrWw,2D21 1207,2D2021-1207,True,"JONATHAN JAYSON, ET AL.  vs HODGSON RUSS, LLP",2022-02-25,affirm,Affirmed,True,False,,,False,,False,,Andrea McHugh,Sarasota,,"ebruary 25, 2022 Appeal from the Circuit Court for Sarasota County; Andrea McHugh, Judge. Steven M. Katzman, Charles J. Bennardini, and Helaina Bardunias of Katzman Wasserman Bennardini & Rubinstein, P.A., for Appellants. Dennis P. Waggoner and Marie A. Borland of Hill, Ward & Henderson, P.A., Tampa",,,,,1008,
fnOVyfLjNLU,2D19 4274,2D2019-4274,True,QUINTON MONTGOMERY  vs STATE OF FLORIDA,2021-09-08,affirm,Affirmed,True,False,,Casanueva; Rothstein-Youakim; Atkinson,False,,False,,Michelle D. Sisco,Hillsborough,"DISTRICT COURT OF APPEAL OF FLORIDA SECOND DISTRICT QUINTON MONTGOMERY, Appellant, v. STATE OF FLORIDA, Appellee. No. 2D19-4274 September 8, 2021 Appeal from the Circuit Court for Hillsborough County; Michelle D. Sisco, Judge. J. Jervis Wise of Brunvand Wise, P.A., Clearwater","A, Appellee. No. 2D19-4274 September 8, 2021 Appeal from the Circuit Court for Hillsborough County; Michelle D. Sisco, Judge. J. Jervis Wise of Brunvand Wise, P.A., Clearwater, for Appellant. Carolyn Snurkowski, Associate Deputy Attorney General, and David Campbell, Assistant Attorney General, Tampa",,,,,810,
fq0Cbn4ht6I,2D20 1742,2D2020-1742,True,"STEPHEN  F. CAMPBELL A/K/A STEPHEN CAMPBELL, ET AL  vs WELLS FARGO BANK N. A.",2021-11-24,affirm,Affirmed,True,False,,Casanueva; Kelly; Stargel,False,,False,,David V. Ward,Highlands,"DISTRICT COURT OF APPEAL OF FLORIDA SECOND DISTRICT STEPHEN F. CAMPBELL A/K/A STEPHEN CAMPBELL, Appellant, v. WELLS FARGO BANK, N.A., Appellee. Case No. 2D20-1742 November 24, 2021 Appeal from the Circuit Court for Highlands County; David V. Ward, Judge. Scott A. Rosin of Scott A. Rosin, P.A., Tampa",,,,,,749,
frvJU3zy5XE,2D18-4798,,False,,,,,,,,,,,,,,,,,,,,,,
fuSK5OcJ3Yw,2D20-2722,,False,,,,,,,,,,,,,,,,,,,,,,
fxUskYAI3cU,2D21 436,2D2021-0436,True," IVY CHASE APARTMENT PROPERTY, L L C  vs IVY CHASE APARTMENTS, L T D AND GAIL CURTIS, INDIVIDUALLY  AND AS OF THE ESTATE OF JOHN CURTIS",2022-06-29,reverse,Reversed and remanded.,False,False,Atkinson,Atkinson; Villanti; Black,False,,False,,Declan P. Mansfield,Pasco,," Appeal from the Circuit Court for Pasco County; Declan P. Mansfield, Judge. Alan R. Poppe of Saul Ewing Arnstein & Lehr LLP, Fort Lauderdale; and Steven Appelbaum of Saul Ewing Arnstein & Lehr LLP, Miami, for Appellant/Cross-Appellee. Ian C. White and Jonathan Hayes, of Ausley McMullen, Tallahassee",,,,,39644,
fxsAv9piZq4,2D21 1410,2D2021-1410,True,"MICHAEL KARAVAS  vs BOARD OF TRUSTEES, ST. PETERSBURG COLLEGE",2022-04-06,affirm,Affirmed,True,False,,Black; Lucas; Atkinson,False,,False,,George M. Jirotka,Pinellas,"PPEAL OF FLORIDA SECOND DISTRICT MICHAEL KARAVAS, Appellant, v. BOARD OF TRUSTEES, ST. PETERSBURG COLLEGE, Appellee. No. 2D21-1410 April 6, 2022 Appeal from the Circuit Court for Pinellas County; George M. Jirotka, Judge. Ashley N. Richardson and Marie A. Mattox of Marie A. Mattox, P.A., Tallahassee","RG COLLEGE, Appellee. No. 2D21-1410 April 6, 2022 Appeal from the Circuit Court for Pinellas County; George M. Jirotka, Judge. Ashley N. Richardson and Marie A. Mattox of Marie A. Mattox, P.A., Tallahassee, for Appellant. Mark E. Levitt and Howard M. Waldman of Allen Norton & Blue, P.A., Winter Park",,,,,824,
fyQXcWo6GWU,2D18-4736,2D2018-4736,True,GREGORY HUNT  vs STATE OF FLORIDA,2021-03-05,affirm,Affirmed,True,False,,,False,,False,,,,"RT OF APPEAL OF FLORIDA SECOND DISTRICT GREGORY HUNT, ) ) Appellant, ) ) v. ) Case No. 2D18-4736 ) STATE OF FLORIDA, ) ) Appellee. ) ) Opinion filed March 5, 2021. Appeal from the Circuit Court for Pinellas County; Philip J. Federico, Judge. John H. Trevena, of Trevena, Pontrello & Associates, Largo","lee. ) ) Opinion filed March 5, 2021. Appeal from the Circuit Court for Pinellas County; Philip J. Federico, Judge. John H. Trevena, of Trevena, Pontrello & Associates, Largo, for Appellant. Ashley Moody, Attorney General, Tallahassee, and Linsey Sims- Bohnenstiehl, Assistant Attorney General, Tampa",,,,,1205,
fysSUM7Pb9M,22 3756,2D2022-3756,True,"LYNN STEELE, INDIVIDUALLY AND AS PERSONAL REPRESENTATIVE TO THE ESTATE OF DAVID STEELE VS SELECT QUOTE INSURANCE SERVICES, INC. AND PAMELA RHETT",2024-03-13,affirm,Affirmed - Per Curiam Affirmed,True,True,,Lucas; Atkinson; Smith,False,,False,,Rex M. Barbas,Hillsborough,,"22-3756 March 13, 2024 Appeal from the Circuit Court for Hillsborough County; Rex M. Barbas, Judge. Gabriella E. Lopez and Raymond A. Hass of HD Law Partners, Tampa, for Appellants. Lissette Gonzalez of Cole, Scott & Kissane, P.A., Miami, and Therese A. Savano of Cole, Scott & Kissane, P.A., Orlando",,,,,963,
g2fBU6YEbSQ,2D21 3424,2D2021-3424,True,"ESTATE OF SHERRY BOWEN, BY AND THROUGH ITS PERSONAL REPRESENTATIVE, JAMES LEE BROWN  vs BOARD OF TRUSTEES OF THE UNIVERSITY OF SOUTH FLORIDA, ET AL.",2022-08-26,affirm,Affirmed,True,False,,Villanti; Sleet; Smith,False,,False,,"James M. Barton, II",Hillsborough,"orporate, d/b/a UNIVERSITY OF SOUTH FLORIDA HEALTH, d/b/a UNIVERSITY OF SOUTH FLORIDA COLLEGE OF MEDICINE, Appellee. No. 2D21-3424 August 26, 2022 Appeal from the Circuit Court for Hillsborough County; James M. Barton, II, Judge. Kennan G. Dandar and Timothy M. Dandar of Dandar & Dandar, P.A., Tampa","No. 2D21-3424 August 26, 2022 Appeal from the Circuit Court for Hillsborough County; James M. Barton, II, Judge. Kennan G. Dandar and Timothy M. Dandar of Dandar & Dandar, P.A., Tampa, for Appellant. Jason M. Azzarone, Louis J. La Cava, and Andrew R. Hudson of La Cava, Jacobson & Goodis, P.A., Tampa",,,,,1054,
g4aoyYS9GaY,2D20-1305,2D2020-1305,True,NEVADA BEDWELL  vs MICHELLE BEDWELL,2021-05-12,mixed,Affirmed in Part/Reversed in Part ; remanded with directions.,False,False,Casanueva,Casanueva; Villanti; Black,False,,False,,,,,"No. 2D20-1305 ) MICHELLE BEDWELL, ) ) Appellee. ) ) Opinion filed May 12, 2021. Appeal from the Circuit Court for Lee County; Leigh Frizzell Hayes and Carolyn Swift, Judges. Brian P. North of Kenny Leigh & Associates, Fort Walton Beach, for Appellant. Allison M. Perry of Florida Appeals, P.A., Tampa",,,,,5945,
g5E101PD2CA,2D19-4359,,False,,,,,,,,,,,,,,,,,,,,,,
g5dSXpgDQQo,2D20 2423,2D2020-2423,True,DAVID L. ALCORN  vs KATHLEEN ANNE ALCORN,2021-10-01,affirm,Affirmed,True,False,,Kelly; Black; Stargel,False,,False,,Scott H. Cupp,Collier,,"L. ALCORN, Appellant, v. KATHLEEN ANNE ALCORN, Appellee. Case No. 2D20-2423 October 1, 2021 Appeal from the Circuit Court for Collier County; Scott H. Cupp, Judge. Marsha Sutherland Pullen of Sutherland Pullen Law, Naples, for Appellant. Herman H. Tarnow and Ryan M. Tarnow of Tarnow Law Firm, Naples",,,,,778,
g9c7IODDd0w,24 1156,2D2024-1156,True,HAMELIN v. HAMELIN,2025-02-28,affirm,Affirmed,True,True,,Northcutt; Silberman; Smith,False,,False,,Cynthia S. Oster,Hillsborough,"ISTRICT COURT OF APPEAL OF FLORIDA SECOND DISTRICT JEFFREY A. HAMELIN, Appellant, v. JILL A. HAMELIN, Appellee. No. 2D2024-1156 February 28, 2025 Appeal from the Circuit Court for Hillsborough County; Cynthia S. Oster, Judge. Eric R. Maier and Frances E. Martinez of Older Lundy Koch & Martino, Tampa"," A. HAMELIN, Appellant, v. JILL A. HAMELIN, Appellee. No. 2D2024-1156 February 28, 2025 Appeal from the Circuit Court for Hillsborough County; Cynthia S. Oster, Judge. Eric R. Maier and Frances E. Martinez of Older Lundy Koch & Martino, Tampa, for Appellant. Mark F. Baseman of Felix & Baseman, Tampa",,,,,785,
gCRs3oXXmLI,2D19-4481,2D2019-4481,True,STATE OF FLORIDA  vs JIMMIE LEE COLEMAN,2021-05-07,reverse,Reversed and remanded.,False,False,Labrit,Labrit; Northcutt; Rothstein-Youakim,False,,False,,,,," 2021. Appeal from the Circuit Court for Sarasota County; Charles E. Williams, Judge. Ashley Moody, Attorney General, Tallahassee, and Jeffrey H. Siegal, Assistant Attorney General, Tampa, for Appellant. Howard L. Dimmig, II, Public Defender, and Joanna Beth Conner, Assistant Public Defender, Bartow",,,,,23453,
gCZtyiiHpFc,2D21 2458,2D2021-2458,True,"HELEN M. SCHILLING, INDIVIDUALLY, AND AS TRUSTEE OF SCHILLING FAMILY TRUST DATED AUGUST 31, 2012 vs PAUL J. SCHILLING, INDIVIDUALLY, AS NOMINAL SUCCESSOR TRUSTEE OF THE SCHILLING FAMILY TRUST DATED AUGUST 31, 2012, ET AL",2022-03-09,affirm,Affirmed,True,False,,Northcutt; Silberman; Villanti,False,,False,,,,,"HOOL; JOHN CARROLL UNIVERSITY, Appellees. No. 2D21-2458 March 9, 2022 Appeal pursuant to Fla. R. App. P. 9.130 from the Circuit Court for Collier County; Hugh D. Hayes, Judge. Charles F. Johnson of Blalock Walters, P.A., Bradenton, for Appellant. Jon Scuderi of Goldman Felcoski & Stone, P.A., Naples",,,,,1499,
gFSEqR8TtXM,24 1776,2D2024-1776,True,"Citrus Park Mall Owner, LLC, Hull Property Group, LLC v. Master Collision Repair, Inc.",2025-05-21,affirm,Affirmed,True,True,,,False,,False,,Emily A. Peacock,Hillsborough,"a Georgia limited liability company, Appellants, v. MASTER COLLISION REPAIR, INC., a Florida corporation, Appellee. No. 2D2024-1776 May 21, 2025 Appeal from the Circuit Court for Hillsborough County; Emily A. Peacock, Judge. Gary S. Edinger of Benjamin, Aaronson, Edinger & Patanzo, P.A., Gainesville","om the Circuit Court for Hillsborough County; Emily A. Peacock, Judge. Gary S. Edinger of Benjamin, Aaronson, Edinger & Patanzo, P.A., Gainesville, for Appellants. Alicia Whiting-Bozich and Christopher Smart of Carlton Fields, P.A., Tampa; and Dean A. Morande of Carlton Fields, P.A., West Palm Beach",,,,,1053,
gMx6eaSC-og,2D22 219,2D2022-0219,True,"THE ESTATE OF HOLLIE A. CARTER, BY AND THROUGH LAWSON CARTER, THE PERSONAL REPRESENTATIVE  vs WILLIAM RAMBAUM, P. A.",2023-03-10,reverse,Reversed and remanded.,False,False,Smith,Smith; Black; Labrit,False,,False,,Vivian T. Corvo,Hillsborough,"e of the Estate of Hollie A. Carter, deceased, Appellant, v. WILLIAM RAMBAUM, P.A., Appellee. No. 2D22-219 March 10, 2023 Appeal from the Circuit Court for Hillsborough County; Vivian T. Corvo, Judge. Jennifer Erin Jones of McIntyre Thanasides Bringgold Elliott Grimaldi Guito & Matthews, P.A., Tampa","ppeal from the Circuit Court for Hillsborough County; Vivian T. Corvo, Judge. Jennifer Erin Jones of McIntyre Thanasides Bringgold Elliott Grimaldi Guito & Matthews, P.A., Tampa, for Appellant. Kennan G. Dandar of Dandar & Dandar, P.A., Tampa; and William B. Rambaum of William Rambaum, P.A., Oldsmar",,,,,11808,
gR-ZsIT0KDw,2D18-3446,,False,,,,,,,,,,,,,,,,,,,,,,
gT8trES2oww,23 1258,2D2023-1258,True,"OZER, OZER, et al v. STAR QUALITY, INC.",2024-06-26,affirm,Affirmed,True,True,,Sleet; Casanueva; Khouzam,False,,False,,Mark R. Wolfe,Hillsborough,"FLORIDA SECOND DISTRICT OMER OZER, SERIFE OZER, and ISMET OZER, Appellants, v. STAR QUALITY, INC., Appellee. No. 2D2023-1258 June 26, 2024 Appeal from the Circuit Court for Hillsborough County; Mark R. Wolfe, Judge. Michael R. Carey of Carey, O'Malley, Whitaker, Mueller, Roberts & Smith, P.A., Tampa","NC., Appellee. No. 2D2023-1258 June 26, 2024 Appeal from the Circuit Court for Hillsborough County; Mark R. Wolfe, Judge. Michael R. Carey of Carey, O'Malley, Whitaker, Mueller, Roberts & Smith, P.A., Tampa, for Appellants. David W. Adams and Alyssa M. Pickles of Bennett, Jacobs & Adams, P.A., Tampa",,,,,918,
gUdlL2K85HY,2D20-2252,,False,,,,,,,,,,,,,,,,,,,,,,
gXm0SbfkCPc,2D18-2697,,False,,,,,,,,,,,,,,,,,,,,,,
gf-m9zOZLd8,24 1967,2D2024-1967,False,,,,,,,,,,,,,,,,,,,,,,
gfPGBDSY7Tc,25 0511,2D2025-0511,True,"COURTNEY WORTHINGTON WHITENER, n/k/a Courtney v. ALLSTATE FIRE AND CASUALTY INSURANCE COMPANY and",2025-11-26,affirm,Affirmed.,True,True,,Northcutt; Rothstein-Youakim; Atkinson,False,,False,,Emily A. Peacock,Hillsborough,", deceased, Appellant, v. ALLSTATE FIRE AND CASUALTY INSURANCE COMPANY and ALLSTATE PROPERTY CASUALTY INSURANCE COMPANY, Appellees. No. 2D2025-0511 November 26, 2025 Appeal from the Circuit Court for Hillsborough County; Emily A. Peacock, Judge. Roy D. Wasson of Wasson & Associates, Chartered, Miami","PANY and ALLSTATE PROPERTY CASUALTY INSURANCE COMPANY, Appellees. No. 2D2025-0511 November 26, 2025 Appeal from the Circuit Court for Hillsborough County; Emily A. Peacock, Judge. Roy D. Wasson of Wasson & Associates, Chartered, Miami, for Appellant. Emily Silver of Segundo Law Group, St. Petersburg",2D2025-0511,https://www.courtlistener.com/opinion/10751977/x/,10751977,11218562,954,
gquyTUbrW38,23 700,2D2023-0700,True,"ROBERT BINGHAM VS VILLAS AT CYPRESS RUN WEST OWNERS ASSOCIATION, INC.",2024-04-03,affirm,Affirmed - Per Curiam Affirmed,True,True,,Morris; Black; Rothstein-Youakim,False,,False,,Susan Bedinghaus,Pinellas,"DISTRICT COURT OF APPEAL OF FLORIDA SECOND DISTRICT ROBERT BINGHAM, Appellant, v. VILLAS AT CYPRESS RUN - WEST OWNERS' ASSOCIATION, INC., Appellee. No. 2D23-700 April 3, 2024 Appeal from the County Court for Pinellas County; Susan Bedinghaus, Judge. Paul H. Bowen of Paul H. Bowen, P.A., Palm Harbor",,,,,,868,
gsSoRWZu1T8,25 1626,2D2025-1626,False,,,,,,,,,,,,,,,,,,,,,,
gyP1QG_CbwI,24 1866,2D2024-1866,True,Salhab v. Freedom Mortgage Corporation,2025-07-23,affirm,Affirmed,True,True,,Villanti; Lucas; Labrit,False,,False,,,,"DEEN SALHAB, Appellant, v. FREEDOM MORTGAGE CORPORATION, Appellee. No. 2D2024-2349, 2D2024-1866 CONSOLIDATED July 23, 2025 Appeals from the Circuit Court for Hillsborough County; Lindsay M. Alvarez, Judge. Ahmad S. El-Gendi of Jundi Legal, PLLC, Orlando, and Omar A. Erchid of Erchid Law, PLLC, Tampa",,,,,,868,
gzBD2UVon8g,24 2067,,False,,,,,,,,,,,,,,,,,,,,,,
h382Nhz1g2U,22 2383,2D2022-2383,True,GALYN LECHER VS FIDELITY NATIONAL TITLE INSURANCE COMPANY,2023-04-26,affirm,Affirmed - Per Curiam Affirmed,True,True,,Casanueva; Silberman; Lucas,False,,False,,Emily A. Peacock,Hillsborough,"COURT OF APPEAL OF FLORIDA SECOND DISTRICT GALYN S. LECHER, f/k/a Galyn S. Johnson, Appellant, v. FIDELITY NATIONAL TITLE INSURANCE COMPANY, Appellee. No. 2D22-2383 April 26, 2023 Appeal from the Circuit Court for Hillsborough County; Emily A. Peacock, Judge. Elizabeth L. Hapner of Hapner Law, Tampa",,,,,,831,
h4DNn_rurVA,2D18-3674,2D2018-3674,True,SEAN GOODMAN  vs KIMBERLY GOODMAN,2020-09-16,affirm,Affirmed,True,False,,Villanti; Sleet; Rothstein-Youakim,False,,False,,,,") ) Appellee. ) ) Opinion filed September 16, 2020. Appeal from the Circuit Court for Lee County; John S. Carlin, Judge. Alan J. Rubinstein of Rubinstein & Holz, P.A., Fort Myers (withdrew after briefing); W. Gus Belcher, II, The Belcher Law Firm, P.A., Fort Myers, (substituted as counsel of record)",,,,,,1191,
hDCUcsD5zsM,2D20 3155,2D2020-3155,True,"SWIM N SPORT RETAILS, INC.  vs LOAN RANGER ACQUISTIONS, L L C",2021-11-10,affirm,Affirmed,True,False,,,False,,False,,Keith Meyer,Pinellas,"OF FLORIDA SECOND DISTRICT SWIM 'N SPORT RETAIL, INC., Appellant, v. LOAN RANGER ACQUISTIONS, LLC, Appellee. No. 2D20-3155 November 10, 2021 Appeal from the Circuit Court for Pinellas County; Keith Meyer, Judge. Robert A. Sweetapple and Naomi R. Alzate of Sweetapple, Broeker & Varkas, PL, Boca Raton","ee. No. 2D20-3155 November 10, 2021 Appeal from the Circuit Court for Pinellas County; Keith Meyer, Judge. Robert A. Sweetapple and Naomi R. Alzate of Sweetapple, Broeker & Varkas, PL, Boca Raton, for Appellant. Marion Hale and Sharon E. Krick of Johnson, Pope, Bokor, Ruppel & Burns, LLP, Clearwater",,,,,815,
hDRdcsGJJ6Q,2D20-0029,,False,,,,,,,,,,,,,,,,,,,,,,
hEE0lgRJsY4,2D21 3325,2D2021-3325,True,TENILLE VALDIVIA  vs JULIO VALDIVIA,2022-10-26,affirm,Affirmed,True,False,,Lucas; Rothstein-Youakim; Smith,False,,False,,Robin F. Fuson,Hillsborough,"DISTRICT COURT OF APPEAL OF FLORIDA SECOND DISTRICT TENILLE VALDIVIA, Appellant, v. JULIO VALDIVIA, Appellee. No. 2D21-3325 October 26, 2022 Appeal from the Circuit Court for Hillsborough County; Robin F. Fuson, Judge. Paul S. Maney of Paul S. Maney, P.A., Tampa",,,,,,785,
hEsHRmICjsg,22 2925,2D2022-2925,True,"COLOUTES, SR. v. FARANTATOS",2024-08-28,affirm,Affirmed,True,True,,Sleet; Casanueva; Silberman,False,,False,,Jack N. Gutman,Hillsborough,,,,,,,845,
hEyQATfQotY,22 1438,2D2022-1438,True,"MICHAEL MCKENNA AND DIAMOND MCKENNA, ET AL VS MATTHEW SNYDER, MORGAN SNYDER, GULFSTREAM GOLD, LLC",2023-04-26,affirm,Affirmed - Per Curiam Affirmed,True,True,,,False,,False,,Hunter W. Carroll,Sarasota,"D TERRY A. HERSCHBERGER, APPELLEES. NO. 2D22-1438 April 26, 2023 Appeal from the Circuit Court for Sarasota County; Hunter W. Carroll, Judge. Brian P. Kopp and Arturo Uzdavinis of Betras, Kopp & Markota, LLC, Lakewood Ranch; Michael A. France and Timothy J. Rudge of Michael A. France, P.A., Sarasota","al from the Circuit Court for Sarasota County; Hunter W. Carroll, Judge. Brian P. Kopp and Arturo Uzdavinis of Betras, Kopp & Markota, LLC, Lakewood Ranch; Michael A. France and Timothy J. Rudge of Michael A. France, P.A., Sarasota, for Appellants. Brian L. Trimyer of Harllee & Bald, P.A., Bradenton",,,,,1161,
hF5gbMDWs4Q,2D19 4770,2D2019-4770,True,JOHN MICHAEL CASSIDY  vs JONATHAN LEE REICHENBACH,2021-05-07,affirm,Affirmed,True,False,,,False,,False,,,,"ASSIDY, ) ) Appellant, ) ) v. ) Case Nos. 2D19-4770 ) 2D20-985 JONATHAN LEE REICHENBACH, ) ) CONSOLIDATED Appellee. ) _____________________________ ) Opinion filed May 7, 2021. Appeals from the Circuit Court for Sarasota County; Maria Ruhl, Judge. Mark D. Tinker of Cole, Scott & Kissane, P.A., Tampa",,,,,,1235,
hFWSf_hlDO0,2D19-1438,2D2019-1438,True,"STEPHEN HURLEY  vs J. STANFORD LIFSEY, ESQ.",2020-08-14,reverse,Reversed and remanded.,False,False,Casanueva,Casanueva; Lucas; Smith,False,,False,,,,"URT OF APPEAL OF FLORIDA SECOND DISTRICT STEPHEN HURLEY, ) ) Appellant, ) ) v. ) Case No. 2D19-1438 ) J. STANFORD LIFSEY, ) ) Appellee. ) ) Opinion filed August 14, 2020. Appeal from the Circuit Court for Hillsborough County; Paul L. Huey, Judge. David A. Maney of Maney, Damsker & Jones, P.A., Tampa",,,,,,7743,
hJD3kwssqp8,2D21 1991,,False,,,,,,,,,,,,,,,,,,,,,,
hJfu6m8OxgQ,2D21 58,2D2021-0058,True,"PROGRESSIVE AMERICAN INSURANCE COMPANY  vs HILLSBOROUGH INSURANCE RECOVERY CENTER, LLC, A/ A/ O JOEL WOLF",2022-11-04,reverse,Reversed and remanded for further proceedings.,False,False,Sleet,Sleet; Atkinson; Stargel,False,,False,,,,"archezini, Rolando Rodriguez, and Jerri Lewis, Appellee. Nos. 2D21-58, 2D21-85 CONSOLIDATED November 4, 2022 Appeals pursuant to Fla. R. App. P. 9.130 from the County Court for Hillsborough County; James S. Moody, III, Judge. Alexandra Valdes and Kurt T. Koehler of Cole, Scott & Kissane, P.A., Miami"," November 4, 2022 Appeals pursuant to Fla. R. App. P. 9.130 from the County Court for Hillsborough County; James S. Moody, III, Judge. Alexandra Valdes and Kurt T. Koehler of Cole, Scott & Kissane, P.A., Miami, for Appellant. Joseph R. Dawson of Law Offices of Joseph R. Dawson, P.A., Fort Lauderdale",,,,,25374,
hOqMOQ7ZQ8k,2D20 2983,2D2020-2983,True,"BAYFRONT TOWER CONDOMINIUM ASSOCIATION RESIDENTIAL, INC.  vs MARLENE STARR AND TED STARR",2021-11-19,affirm,Affirmed,True,False,,,False,,False,,Patricia A. Muscarella,Pinellas,"N RESIDENTIAL, INC., Appellant, v. MARLENE STARR and TED STARR, Appellees. Case No. 2D20-2983 November 19, 2021 Appeal from the Circuit Court for Pinellas County; Patricia A. Muscarella, Judge. Lilliana M. Farinas-Sabogal, Gary M. Schaaf and Steven H. Mezer, of Becker & Poliakoff, P.A., Coral Gables"," County; Patricia A. Muscarella, Judge. Lilliana M. Farinas-Sabogal, Gary M. Schaaf and Steven H. Mezer, of Becker & Poliakoff, P.A., Coral Gables, for Appellant. Brian P. Battaglia, Victoria M. Pearce-McLaughlin, Richard T. Fuerst, and Latasha Lordes Scott, of Bleakley, Bavol, Denman & Grace, Tampa",,,,,959,
hSmqJOnbehY,2D22 2124,2D2022-2124,True,"PUBLIX SUPER MARKETS, INC.  vs COLIN ROTH",2023-02-17,granted,Granted in Part/Denied in Part ; order quashed.,False,False,,Silberman; Labrit,False,,False,,,,,,,,,,15864,
hYDHMCz3QBY,2D20 2470,2D2020-2470,True,"ROBINSON HELICOPTER CO. INC.  vs ESTATE OF DEODAT P. GANGAPERSAUD BY AND THROUGH GRACE GANGAPERSAUD, AS PERSONAL REPRESENTATIVE THEREOF AND RYAN PERSAUD",2022-06-22,reverse,Reversed and remanded with instructions.,False,False,Stargel,Stargel; Black; Rothstein-Youakim,False,,False,,,,"C; FLORIDA SUNCOAST HELICOPTERS, LLC; and BC DENTAL, INC., Appellees. No. 2D20-2470 June 22, 2022 Appeal pursuant to Fla. R. App. P. 9.130 from the Circuit Court for Hillsborough County; Martha J. Cook, Judge. Mark R. Antonelli and Emily C. Smith, Coral Gables, and Tim A. Goetz, Torrence, California",,,,,,31051,
hdII9oCbds8,24 2389,2D2024-2389,True,SEAN PATRICK EMKE v. STATE OF FLORIDA,2026-02-18,affirm,Affirmed.,True,True,,Silberman; Smith; Labrit,False,,False,,Dana Moss,Manatee,,"LORIDA, Appellee. No. 2D2024-2389 February 18, 2026 Appeal from the Circuit Court for Manatee County; Dana Moss, Judge. Michael Ufferman of Michael Ufferman Law Firm, P.A., Tallahassee, for Appellant. James Uthmeier, Attorney General, Tallahassee, and Laura Dempsey, Assistant Attorney General, Tampa",2D2024-2389,https://www.courtlistener.com/opinion/10795475/x/,10795475,11262127,816,
hmoFgU-qhoc,23 2211,2D2023-2211,True,SOUDERS v. SUAREZ TRUCKING FL CORP.,2025-04-30,affirm,Affirmed,True,True,,Kelly; Lucas; Labrit,False,,False,,,,,,,,,,907,
hoJKt8PC2vc,2025 Spring Induction Ceremony,,False,,,,,,,,,,,,,,,,,,,,,,
hs8O9HZf_38,2D19-402,,False,,,,,,,,,,,,,,,,,,,,,,
hvjv2-T9Pgg,22 2339,2D2022-2339,True,"R. J. REYNOLDS TOBACCO COMPANY VS JOHN LONG, ET AL.",2023-11-15,affirm,Affirmed - Per Curiam Affirmed,True,True,,Morris; Lucas; Smith,False,,False,,Christopher C. Nash,Hillsborough," No. 2D22-2339 November 15, 2023 Appeal from the Circuit Court for Hillsborough County; Christopher C. Nash, Judge. Marie A. Borland and Troy A. Fuhrman of Hill Ward Henderson, Tampa; Brian C. Lea, Scott M. Edson of Jones Day, Atlanta, Georgia; and Charles R.A. Morse of Jones Day, New York, New York"," Hill Ward Henderson, Tampa; Brian C. Lea, Scott M. Edson of Jones Day, Atlanta, Georgia; and Charles R.A. Morse of Jones Day, New York, New York, for Appellant. George A. Vaka of Vaka Law Group, P.L., Tampa and William L. Clark, Shane A. Newlands, Jeremiah Fues of Newlands and Clark, Lakewood Ranch",,,,,1042,
hzEBpv5nAa4,24 2241,2D2024-2241,True,"C.F. and T.F., as parents and legal guardians for v. ALL CHILDREN'S HOSPITAL, INC.; BOB GUALTIERI, in his",2026-01-28,affirm,Affirmed.,True,True,,Silberman; Atkinson; Labrit,False,,False,,Patricia A. Muscarella,Pinellas," CENTER, INC., Appellees. No. 2D2024-2241 January 28, 2026 Appeal from the Circuit Court for Pinellas County; Patricia A. Muscarella, Judge. Jonathan A. Martin and John S. Mills of Bishop, Page & Mills, PLLC, Jacksonville, and Howard M. Talenfeld and Stacie J. Schmerling of Talenfeld Law, Plantation","las County; Patricia A. Muscarella, Judge. Jonathan A. Martin and John S. Mills of Bishop, Page & Mills, PLLC, Jacksonville, and Howard M. Talenfeld and Stacie J. Schmerling of Talenfeld Law, Plantation, for Appellant. Philip E. Glatzer and Maritza Pena of Marlow Adler Abrams & Rotunno, Coral Gables",2D2024-2241,https://www.courtlistener.com/opinion/10780449/x/,10780449,11247063,1549,
i6Z-eNzJsbM,2D20-1351,2D2020-1351,True,"NAPLES ESTATES LIMITED PARTNERSHIP  vs ROGER GLASBY, ET AL",2021-12-29,affirm,Affirmed,False,False,Casanueva,Casanueva,True,,False,,Joseph G. Foster,Collier,"RICT COURT OF APPEAL OF FLORIDA SECOND DISTRICT NAPLES ESTATES LIMITED PARTNERSHIP, Appellant, v. ROGER GLASBY, Appellee. No. 2D20-1351 December 29, 2021 Appeal from the Circuit Court for Collier County; Joseph G. Foster, Judge. Jody B. Gabel and J. Allen Bobo of Lutz, Bobo & Telfair, P.A., Sarasota","ROGER GLASBY, Appellee. No. 2D20-1351 December 29, 2021 Appeal from the Circuit Court for Collier County; Joseph G. Foster, Judge. Jody B. Gabel and J. Allen Bobo of Lutz, Bobo & Telfair, P.A., Sarasota, for Appellant. Donald E. Christopher of Baker Donelson Bearman Caldwell & Berkowitz, PC, Orlando",,,,,36449,
iDN-6BvCmYs,22 3930,2D2022-3930,True,THOMAS DOOLEY VS WILLIAM STERBINSKY,2023-10-18,affirm,Affirmed - Per Curiam Affirmed,True,True,,Silberman; Villanti; Rothstein-Youakim,False,,False,,Lauren L. Brodie,Sarasota,"DISTRICT COURT OF APPEAL OF FLORIDA SECOND DISTRICT THOMAS DOOLEY, Appellant, v. WILLIAM STERBINSKY, Appellee. No. 2D22-3930 October 18, 2023 Appeal from the Circuit Court for Sarasota County; Lauren L. Brodie, Judge. Varinia VanNess of VanNess Law Group, P.A., Sarasota","OOLEY, Appellant, v. WILLIAM STERBINSKY, Appellee. No. 2D22-3930 October 18, 2023 Appeal from the Circuit Court for Sarasota County; Lauren L. Brodie, Judge. Varinia VanNess of VanNess Law Group, P.A., Sarasota, for Appellant. Patrick D. Wier and Jeffrey M. Goodis of La Cava Jacobson & Goodis, Tampa",,,,,795,
iH0UWlu6Uhc,2D19-4220,2D2019-4220,True,"GULFCOAST SPINE INSTITUTE, LLC, ET AL.  vs SONJA WALKER, EDDIE WALKER, ET AL.",2021-02-05,granted,Granted ; order quashed.,False,False,,Sleet; Labrit,False,,False,,,,,,,,,,19477,
iMfxkzlfvS4,2D19-4508,2D2019-4508,True,JAMES ARMAND WILSON  vs OLENA WILSON,2021-02-03,denied,Denied,True,False,,Casanueva; Black; Atkinson,False,,False,,,,,,,,,,1150,
iMndXVwm-n8,2D19 4883,2D2019-4883,True,JOSE ROCA AND NELBA ROCA vs CITIZENS PROPERTY INSURANCE CO,2021-05-26,affirm,Affirmed,True,False,,,False,,False,,,," ROCA and NELBA ROCA, ) ) Appellants, ) ) v. ) Case No. 2D19-4883 ) CITIZENS PROPERTY INSURANCE ) CORPORATION, ) ) Appellee. ) ) Opinion filed May 26, 2021. Appeal from the Circuit Court for Hillsborough County; Richard A. Nielsen, Judge. Erin M. Berger and Melissa A. Giasi of Giasi Law, P.A., Tampa","PERTY INSURANCE ) CORPORATION, ) ) Appellee. ) ) Opinion filed May 26, 2021. Appeal from the Circuit Court for Hillsborough County; Richard A. Nielsen, Judge. Erin M. Berger and Melissa A. Giasi of Giasi Law, P.A., Tampa, for Appellants. Lauren J. Smith of Luks, Santaniello, Petrillo & Cohen, Stuart",,,,,1181,
iS33vMnmiF0,2D20 3560,2D2020-3560,True,"309 HOLDINGS L L C, ET AL  vs BANK OF CENTRAL FLORIDA",2022-10-28,affirm,Affirmed,True,False,,Lucas; Rothstein-Youakim; Smith,False,,False,,Steven Scott Stephens,Hillsborough,"DISTRICT 309 HOLDINGS LLC, and 2408 W. KENNEDY, LLC, Appellants, v. BANK OF CENTRAL FLORIDA, Appellee. No. 2D20-3560 October 28, 2022 Appeal from the Circuit Court for Hillsborough County; Steven Scott Stephens, Judge. W. Bart Meacham, Tampa; and Heather A. DeGrave of Walters Levine & DeGrave, Tampa","pa; and Heather A. DeGrave of Walters Levine & DeGrave, Tampa, for Appellants. J. Ellsworth Summers, Jr., of Burr & Forman LLP, Jacksonville; Dana L. Robbins of Burr & Forman LLP, Tampa; Gerald D. Davis and Marie Tomassi of Trenam, Kemker, Scharf, Barkin, Frye, O’Neill & Mullis, P.A., St. Petersburg",,,,,966,
iU5dEeuaooA,2D20-667,2D2020-0667,True,GALE FORCE ROOFING AND RESTORATION LLC AND A/A/O MIXZALIZ GARCIA (MASSAS) vs ASI PREFERRED INSURANCE CORPORATION,2021-03-03,affirm,Affirmed,True,False,,,False,,False,,,,"STORATION, LLC a/a/o MIXZALIZ ) GARCIA (MASSAS), ) ) Appellant, ) ) v. ) Case No. 2D20-667 ) ASI PREFERRED INSURANCE ) COMPANY, ) ) Appellee. ) ) Opinion filed March 3, 2021. Appeal from the Circuit Court for Pinellas County; Thomas M. Ramsberger, Judge. Jeremy D. Bailie of Weber, Crabb & Wein, P.A.","ERRED INSURANCE ) COMPANY, ) ) Appellee. ) ) Opinion filed March 3, 2021. Appeal from the Circuit Court for Pinellas County; Thomas M. Ramsberger, Judge. Jeremy D. Bailie of Weber, Crabb & Wein, P.A., for Appellant. Kenneth B. Bell and Lauren V. Purdy of Gunster, Yoakley & Stewart, P.A., Tallahassee",,,,,1409,
iVVBieeKz5M,2D21 3854,2D2021-3854,True,MICHAEL MOLITERNO  vs DEPARTMENT OF HIGHWAY SAFETY AND MOTOR VEHICLES,2022-06-29,denied,Denied,True,False,,Casanueva; Rothstein-Youakim; Labrit,False,,False,,,,,,,,,,1026,
i_8RIyYU9JY,2D19-3518,2D2019-3518,True,"WHITBURN, L L C  vs GREEN TREE SERVICING, L L C, ET AL.",2020-09-16,affirm,Affirmed,True,False,,Northcutt; Morris; Lucas,False,,False,,,,"REEK HOMEOWNERS ) ASSOCIATION OF HILLSBOROUGH ) COUNTY, INC.; BANK OF AMERICA, ) N.A.; UNKNOWN TENANT I; UNKNOWN ) TENANT II; ) ) Appellees. ) ) Opinion filed September 16, 2020. Appeal from the Circuit Court for Hillsborough County; Emily A. Peacock, Judge. Ivan D. Ivanov of Ivanov Wolf PLLC, Tampa"," AMERICA, ) N.A.; UNKNOWN TENANT I; UNKNOWN ) TENANT II; ) ) Appellees. ) ) Opinion filed September 16, 2020. Appeal from the Circuit Court for Hillsborough County; Emily A. Peacock, Judge. Ivan D. Ivanov of Ivanov Wolf PLLC, Tampa, for Appellant. William L. Noriega of Padgett Law Group, Tallahassee",,,,,1726,
iaoG0du4T2U,2D19-1518,,False,,,,,,,,,,,,,,,,,,,,,,
ieKD4G25LWM,2D21 1200,2D2021-1200,True,COLETTE MARQUIS-KILIANY  vs DEUTSCHE BANK NATIONAL TRUST COMPANY AS TRUSTEE FOR LONG BEACH MORTGAGE LOAN TRUST 2006-WL3,2022-03-09,affirm,Affirmed,True,False,,,False,,False,,,,,"March 9, 2022 Appeal pursuant to Fla. R. App. P. 9.130 from the Circuit Court for Sarasota County; Andrea McHugh, Judge. Neil F. Garfield of The Garfield Firm, Jacksonville, for Appellant Colette Marquis-Kiliany. Joseph T. Kohn, Benjamin B. Brown, and Gabriela N. Timis of Quarles & Brady LLP, Naples",,,,,1062,
inw3nrxD4ro,2D21-0230,,False,,,,,,,,,,,,,,,,,,,,,,
iqFLjjbEcmg,2D19-1022,2D2019-1022,True,"VERNON BILLUPS, JR.  vs STATE OF FLORIDA",2021-05-07,affirm,Affirmed,True,False,,Silberman; Kelly; Sleet,False,,False,,,,"URT OF APPEAL OF FLORIDA SECOND DISTRICT VERNON BILLUPS, JR., ) ) Appellant, ) ) v. ) Case No. 2D19-1022 ) STATE OF FLORIDA, ) ) Appellee. ) ) Opinion filed May 7, 2021. Appeal from the Circuit Court for Manatee County; Charles E. Roberts, Judge. Jaime J. Garcia, III of Garcia Law Group, P.A., Tampa","ORIDA, ) ) Appellee. ) ) Opinion filed May 7, 2021. Appeal from the Circuit Court for Manatee County; Charles E. Roberts, Judge. Jaime J. Garcia, III of Garcia Law Group, P.A., Tampa, for Appellant. Ashley Moody, Attorney General, Tallahassee, and Jeffrey H. Siegal, Assistant Attorney General, Tampa",,,,,1174,
iqvtxULyjfE,23 1986,2D2023-1986,True,"CLEARWATER BUSINESS LAW, LLC v. NAGEL, SUNCOAST PRIMATE SANCTUARY FOUNDATION, INC., et al",2024-07-17,denied,Denied,True,False,,Northcutt; Khouzam; Rothstein-Youakim,False,,False,,,,,,,,,,1175,
iueSCCJIElo,24 0266,2D2024-0266,True,"SCHELLER v. TURO, INC., KONDURY, ET AL.",2025-03-05,affirm,Affirmed,True,True,,Lucas; Atkinson; Labrit,False,,False,,Anne-Leigh Gaylord Moe,Hillsborough,"RY, and TURO, INC., Appellees. No. 2D2024-0266 March 5, 2025 Appeal from the Circuit Court for Hillsborough County; Anne-Leigh Gaylord Moe, Judge. Paul U. Chistolini and Amy W. Brennan of Barnett & Chistolini, PLLC, and William G.K. Smoak and Chance C. Arias of Alvarez, Thompson & Smoak, P.A., Tampa","tt & Chistolini, PLLC, and William G.K. Smoak and Chance C. Arias of Alvarez, Thompson & Smoak, P.A., Tampa, for Appellant. Kimberly K. Berman of Marshall Dennehey, P.C., Fort Lauderdale, Michael J. Bradford of Marshall Dennehey, P.C., Tampa, and Mark M. McCulloch of Marshall Dennehey, P.C., Orlando",,,,,1004,
iuwLBe8PLSM,2D19-4130,,False,,,,,,,,,,,,,,,,,,,,,,
j05oAvJIZY4,23 788,2D2023-0788,True,SMYKOWSKI v. SMYKOWSKI,2024-04-03,affirm,Affirmed - Per Curiam Affirmed,True,True,,Morris; Black; Rothstein-Youakim,False,,False,,"James S. Moody, III",Hillsborough,,,,,,,908,
j1VD-8nwvOo,2D20 2336,2D2020-2336,True,"J. WILLIAM RIGGS, ET AL  vs IN RE:  ANNE A. GOOD, ET AL",2021-11-19,affirm,Affirmed,True,False,,,False,,False,,Elizabeth V. Krier,Collier,,"ive of the Estate of Walter R. Good, Appellees. No. 2D20-2336 November 19, 2021 Appeal from the County Court for Collier County; Elizabeth V. Krier, Judge. Kelley Geraghty Price of Dentons Cohen & Grigsby, P.C., Naples for Appellants. Michael J. Park of Park, Ossian, Barnaky & Park, P.A., Clearwater",,,,,1172,
j3K5qtOn5N8,2D19 4033,2D2019-4033,True,LAUREN ANNE DEBENEDETTA  vs STATE OF FLORIDA,2021-10-06,affirm,Affirmed,True,False,,Lucas; Atkinson; Labrit,False,,False,,Donald H. Mason,Charlotte,"DISTRICT COURT OF APPEAL OF FLORIDA SECOND DISTRICT LAUREN ANNE DEBENEDETTA, Appellant, v. STATE OF FLORIDA, Appellee No. 2D19-4033 October 6, 2021 Appeal from the Circuit Court for Charlotte County; Donald H. Mason, Judge. Jason T. Forman of Law Offices of Jason T. Forman, P.A., Fort Lauderdale","ee No. 2D19-4033 October 6, 2021 Appeal from the Circuit Court for Charlotte County; Donald H. Mason, Judge. Jason T. Forman of Law Offices of Jason T. Forman, P.A., Fort Lauderdale, for Appellant. Ashley Moody, Attorney General, Tallahassee, and Jonathan S. Tannen, Assistant Attorney General, Tampa",,,,,830,
j6qKWVUvBMA,21 2833,2D2021-2833,True,"GEICO GENERAL INSURANCE COMPANY v. DICK, SUPERIOR AUTO GLASS OF TAMPA BAY, INC.",2024-01-17,reverse,Reversed - Authored Opinion ~ and remanded with instructions.,False,False,Atkinson,Atkinson; Khouzam; Casanueva,False,,True,Khouzam,Joelle Ann Ober,Hillsborough,,"pellee. Raymond T. Elligett, Jr., and Amy S. Farrior of Buell & Elliget, P.A., Tampa; David M. Caldevilla of de la Parte & Gilbert, P.A., Tampa; Anthony T. Prieto of Morgan & Morgan, P.A., Tampa; and Christopher P. Calkin and Mike N. Koulianos of The Law Offices of Christopher P. Calkin, P.A., Tampa",,,,,43668,
jAajsP1laRg,2D19-4117,2D2019-4117,True,"SAVANNAH CAPITAL, LLC, ET AL.  vs PITISCI, DOWELL, & MARKOWITZ, ET AL.",2021-03-26,reverse,Reversed and remanded for further proceedings,False,False,Sleet,Sleet; Khouzam; Labrit,False,,False,,,,"D19-4117 ) PITISCI, DOWELL & MARKOWITZ, ) and D. LEE PITISCI, individually, ) ) Appellees. ) ) Opinion filed March 26, 2021. Appeal from the Circuit Court for Hillsborough County; Martha J. Cook, Judge. Stephenie Biernacki Anthony, Lydia M. Gazda and John A. Anthony of Anthony & Partners, LLC, Tampa","ally, ) ) Appellees. ) ) Opinion filed March 26, 2021. Appeal from the Circuit Court for Hillsborough County; Martha J. Cook, Judge. Stephenie Biernacki Anthony, Lydia M. Gazda and John A. Anthony of Anthony & Partners, LLC, Tampa, for Appellant. Jeffrey M. James of Banker Lopez Gassler, P.A., Tampa",,,,,12907,
jBA62iVauuI,2D19-1709,2D2019-1709,True,"FLORIDA GAS TRANSMISSION COMPANY, LLC  vs TERRY PETRASH",2020-09-16,affirm,Affirmed,True,False,,Villanti; Sleet; Rothstein-Youakim,False,,False,,,,,,,,,,1444,
jCBeSlTv_BM,2D21 2094,,False,,,,,,,,,,,,,,,,,,,,,,
jCOxH-ArCWM,25 1403,2D2025-1403,False,,,,,,,,,,,,,,,,,,,,,,
jE37kQ6oPzM,2D19-2826,2D2019-2826,True,ZENITH INSURANCE COMPANY  vs RYAN BUCK PIERCE AND LARISSA MUELLER,2020-09-16,affirm,Affirmed,True,False,,Villanti; Sleet; Rothstein-Youakim,False,,False,,,,"BUCK PIERCE and LARISSA ) MUELLER, ) ) Appellees. ) ) Opinion filed September 16, 2020. Appeal from the Circuit Court for Hillsborough County; Rex M. Barbas, Judge. Courtney M. Keller and I. William Spivey, III, of Greenberg Traurig, P.A., Orlando; and Jay A. Yagoda of Greenberg Traurig, P.A., Miami","tember 16, 2020. Appeal from the Circuit Court for Hillsborough County; Rex M. Barbas, Judge. Courtney M. Keller and I. William Spivey, III, of Greenberg Traurig, P.A., Orlando; and Jay A. Yagoda of Greenberg Traurig, P.A., Miami, for Appellant. Sarah Lahlou-Amine of Banker Lopez Gassler P.A., Tampa",,,,,1366,
jGJxMk1Af8E,24 0779,2D2024-0779,True,"OTIS, ESTATE OF MICHAEL OTIS v. THORATEC, LLC, NEW YORK AND PRESBYTERIAN HOSPITAL, ET AL.",2025-05-02,affirm,Affirmed,True,True,,Northcutt; Rothstein-Youakim; Atkinson,False,,False,,Anne-Leigh Gaylord Moe,Hillsborough," of COLUMBIA UNIVERSITY in the CITY OF NEW YORK s/h/a COLUMBIA UNIVERSITY MEDICAL CENTER, Appellees. No. 2D2024-0779 May 2, 2025 Appeal from the Circuit Court for Hillsborough County; Anne-Leigh Gaylord Moe, Judge. Neil Rose, Miami; Morgan L. Weinstein of Twig, Trade, & Tribunal PLLC, For Lauderdale","ord Moe, Judge. Neil Rose, Miami; Morgan L. Weinstein of Twig, Trade, & Tribunal PLLC, For Lauderdale, for Appellant. Dinah Stein and Dean Kandi of Hicks, Porter, Ebenfeld & Stein, P.A., Miami; Mark E. McLaughlin and Damien M. Hoffman of Beytin, McLaughlin, McLaughlin, O’Hara & Bocchino, P.A., Tampa",,,,,1226,
jJsgGVFTIR0,23 1727,2D2023-1727,True,"DESOTO RECYCLING AND DISPOSAL, LLC v. SOUTHWEST WASTE SERVICES, LLC",2024-10-02,affirm,Affirmed,True,True,,,False,,False,,,,,,,,,,13,
jPYX36aO5DQ,24 0345,2D2024-0345,True,"GORMAN v. CLEARWATER BEACH HOTEL, LLC",2025-05-02,affirm,Affirmed,True,True,,Khouzam; Rothstein-Youakim; Moe,False,,False,,Cynthia J. Newton,Pinellas,"ICT COURT OF APPEAL OF FLORIDA SECOND DISTRICT KARLA R. GORMAN, Appellant, v. CLEARWATER BEACH HOTEL, LLC, Appellee. No. 2D2024-0345 May 2, 2025 Appeal from the Circuit Court for Pinellas County; Cynthia J. Newton, Judge. Samuel Alexander and Michael J. Ellis of Alexander Appellate Law, P.A., Deland","lant, v. CLEARWATER BEACH HOTEL, LLC, Appellee. No. 2D2024-0345 May 2, 2025 Appeal from the Circuit Court for Pinellas County; Cynthia J. Newton, Judge. Samuel Alexander and Michael J. Ellis of Alexander Appellate Law, P.A., Deland, for Appellant. James M. Shaw and Doron Weiss of TorresVictor, Miami",,,,,877,
jW-oQZcSPG0,2D20-1762,2D2020-1762,True,"LIV I LLC  vs DEANNA BROWN, CHRIS BROWN, GOLDEN GIRLS LLC, QUEST ALLOY LLC AND REGIONS BANK",2021-02-03,granted,Granted,False,False,Silberman,Silberman; Morris; Lucas,False,,False,,,,,,,,,,13084,
jW3AC8x7CPc,25 416,2D2025-0416,True,DYLAN DEAN KREN v. WEST PARK VILLAGE OWNER LLC,2025-10-29,affirm,Affirmed.,True,True,,Northcutt; Black; Atkinson,False,,False,,Jennifer P. Johnson,Hillsborough,,"YLAN DEAN KREN, Appellant, v. WEST PARK VILLAGE OWNER LLC, Appellee. No. 2D2025-0416 October 29, 2025 Appeal from the Circuit Court for Hillsborough County; Jennifer P. Johnson, Judge. Dylan Dean Kren, pro se. Ginger Barry Boyd and Jill Kowalski of Nelson Mullins Riley & Scarborough LLP, Tallahassee",2D2025-0416,https://www.courtlistener.com/opinion/10751844/x/,10751844,11218429,749,
jX7qEHKQSAY,24 2621,2D2024-2621,True,GEORGE MASSAUA v. CARMINE CERVELLI; UMBERTO'S OF PALM HARBOR,,mixed,"Affirmed in part, reversed in part, and remanded.",False,False,Sleet,Sleet; Khouzam; Smith,False,,False,,Patricia Ann Muscarella,Pinellas,," Circuit Court for Pinellas County; Patricia Ann Muscarella, Judge. Bryan S. Gowdy of Creed & Gowdy, P.A., Jacksonville; and Benjamin James Stevenson of Stevenson Legal, PLLC, Pensacola Beach, for Appellants. Joye B. Walford, Michael C. Clarke, and Paz A. Garcia Griego of Kubicki Draper, P.A., Tampa",2D2024-2621,https://www.courtlistener.com/opinion/10918382/x/,10918382,11385917,37102,
jYDGYiS2kB8,25 0053,2D2025-0053,True,"In re Guardianship of Joan B. Maxwell, a partially v. MARY HOWARD-WINTERS, as guardian of Joan B. Maxwell, a",2026-02-04,affirm,Affirmed.,True,True,,Khouzam; Sleet; Smith,False,,False,,Charles E. Williams,Sarasota,"RD-WINTERS, as guardian of Joan B. Maxwell, a partially incapacitated person, Appellee. No. 2D2025-0053 February 4, 2026 Appeal from the Circuit Court for Sarasota County; Charles E. Williams, Judge. J. Ronald Denman, Lawrence O. Held, and Richard W. Ervin, IV, of Bleakley Bavol Denman & Grace, P.A.",". No. 2D2025-0053 February 4, 2026 Appeal from the Circuit Court for Sarasota County; Charles E. Williams, Judge. J. Ronald Denman, Lawrence O. Held, and Richard W. Ervin, IV, of Bleakley Bavol Denman & Grace, P.A., for Appellant. James L. Essenson and Barbara J. Welch of Essenson Law Firm, Sarasota",2D2025-0053,https://www.courtlistener.com/opinion/10783935/x/,10783935,11250573,1008,
jYMXPjxsplQ,25 1068,2D2025-1068,True,"CEDRUS ENTERPRISES HOLDING SAL v. JABIL, INC.",2026-02-04,affirm,Affirmed.,False,False,,Kelly; Morris,False,,False,,,,"EDRUS ENTERPRISES HOLDING SAL, Appellant, v. JABIL, INC., Appellee. No. 2D2025-1068 February 4, 2026 Appeal pursuant to Fla. R. App. P. 9.130 from the Circuit Court for Pinellas County; Thomas M. Ramsberger, Judge. Ethan A. Arthur and Alyssa M. Reiter of Wicker Smith O'Hara McCoy & Ford, P.A., Tampa","2025-1068 February 4, 2026 Appeal pursuant to Fla. R. App. P. 9.130 from the Circuit Court for Pinellas County; Thomas M. Ramsberger, Judge. Ethan A. Arthur and Alyssa M. Reiter of Wicker Smith O'Hara McCoy & Ford, P.A., Tampa, for Appellant. Gabriela N. Timis of Dentons Cohen & Grigsby P.C., Naples",2D2025-1068,https://www.courtlistener.com/opinion/10783947/x/,10783947,11250585,11149,
jc-sRVcsAZA,22 2901,2D2022-2901,True,STATE OF FLORIDA  vs REBECCA FIERLE A/K/A REBECCA LEE FIERLE-SANTOIAN,2023-02-15,denied,Denied,True,False,,Silberman; Villanti; Lucas,False,,False,,,,,,,,,,1110,
jf5RK1UjPHc,23 536,2D2023-0536,True,"MCNULTY LOFTS CONDOMINIUM ASSOCIATION, INC. v. WRH MCNULTY GARAGE, LLC",2024-04-05,reverse,Reversed - Authored Opinion ~ and remanded.,False,False,Morris,Morris; Lucas; Smith,False,,False,,,,"IUM ASSOCIATION, INC., Appellant, v. WRH McNULTY GARAGE, LLC, Appellee. No. 2D23-536 April 5, 2024 Appeal pursuant to Fla. R. App. P. 9.130 from the Circuit Court for Pinellas County; Thomas M. Ramsberger, Judge. Michael J. Labbee and Tyler A. Hayden of Phillips, Hayden & Labbee, LLP, St. Petersburg","0 from the Circuit Court for Pinellas County; Thomas M. Ramsberger, Judge. Michael J. Labbee and Tyler A. Hayden of Phillips, Hayden & Labbee, LLP, St. Petersburg, for Appellant. Marie Tomassi and Charles M. Harris, Jr., of Trenam, Kemker, Scharf, Barkin, Frye, O'Neill & Mullis, P.A., St. Petersburg",,,,,17261,
jho3S2PBLQs,2D21 1832,2D2021-1832,True,STACHA MADSEN  vs STATE OF FLORIDA,2022-05-20,affirm,Affirmed,False,False,,Silberman; Smith; Labrit,False,,False,,Cathy A. McKyton,Pinellas,,"RIDA, Appellee. No. 2D21-1832 May 20, 2022 Appeal from the County Court for Pinellas County; Cathy A. McKyton, Judge. J. Andrew Crawford of J. Andrew Crawford, P.A., St. Petersburg, for Appellant. Ashley Moody, Attorney General, Tallahassee, and Laurie Benoit- Knox, Assistant Attorney General, Tampa",,,,,2080,
jk1_jllTjlQ,22 1283,2D2022-1283,True,MELISSA RIVERA  vs JUSTIN DELVILLAR,2023-01-27,affirm,Affirmed,True,False,,Silberman; Rothstein-Youakim; Labrit,False,,False,,Alicia Polk,Pasco,,"VERA, Appellant, v. JUSTIN DEL VILLAR, Appellee. No. 2D22-1283 January 27, 2023 Appeal from the Circuit Court for Pasco County; Alicia Polk, Judge. Oxalis B. Garcia of Oxalis & Berry Law Firm, P.A., Clearwater, for Appellant. Brian P. North and Daniel R. Smith, of Kenny Leigh & Associates, Pensacola",,,,,795,
jtb_XUpqlu8,24 2036,,False,,,,,,,,,,,,,,,,,,,,,,
jtfjHQ3ouMM,22 0553   23 1107,2D2022-0553,True,"WHITE v. HUGHES INSURANCE SERVICES, INC., PROGRESSIVE SELECT INSURANCE COMPANY",2024-09-13,affirm,Affirmed,True,True,,,False,,False,,Edward Nicholas,Manatee,"HES INSURANCE SERVICES, INC., Appellees. No. 2D2022-0553 September 13, 2024 Appeal from the Circuit Court for Manatee County; Edward Nicholas, Judge. George A. Vaka, Nancy A. Lauten, and Kurt Jairo Rosales of Vaka Law Group, P.L., Tampa; and Andrew Klymenko of Coleman & Klymenko, LLC, St. Petersburg","ounty; Edward Nicholas, Judge. George A. Vaka, Nancy A. Lauten, and Kurt Jairo Rosales of Vaka Law Group, P.L., Tampa; and Andrew Klymenko of Coleman & Klymenko, LLC, St. Petersburg, for Appellant. Jennifer C. Worden, Emily K. Silver, and Daniel A. Martinez of Segundo Law Group, PLLC, St. Petersburg",,,,,1084,
jyi59_nCMf4,2D21 3025,2D2021-3025,True,"SCOTT WOLF  vs N. NEVILLE REID, ET AL.",2022-03-25,denied,Denied,True,False,,,False,,False,,,,,,,,,,794,
k51SBL9GdPQ,24 2631,2D2024-2631,True,"Manhattan Avenue, LLC v. The City of Tampa",2025-05-02,dismissed,Dismissed,True,False,,Kelly; Lucas; Labrit,False,,False,,,,,,,,,,958,
k52wBTzF0KE,2D20-651,2D2020-0651,True,"MOJITO SPLASH, L L C  vs CITY OF HOLMES BEACH, FLORIDA",2021-07-30,affirm,Affirmed,False,False,,Northcutt; Stargel,False,,False,,Edward Nicholas,Manatee,,,,,,,21019,
k6FO1-D8IsM,2D19-4309,,False,,,,,,,,,,,,,,,,,,,,,,
k6syg7kBn2Y,24 0449,2D2024-0449,True,"DESCH v. WEST FLORIDA - PPH L L C, D/B/A PALMS OF PASADENA HOSPITAL, SEAN CROTEAU, P. A., et al",2024-09-20,denied,Denied,True,False,,Morris; Atkinson; Smith,False,,False,,,,,,,,,,1333,
kD211znYlfE,2D19-4330,2D2019-4330,True,NICOLE JEAN PALMATEER  vs SCOTT DOMINIC PALMATEER,2021-03-10,reverse,Reversed and remanded.,False,False,Sleet,Sleet; Northcutt; Silberman,False,,False,,,,"CT NICOLE JEAN PALMATEER, ) ) Appellant, ) ) v. ) Case No. 2D19-4330 ) SCOTT DOMINIC PALMATEER, ) ) Appellee. ) ) Opinion filed March 10, 2021. Appeal from the Circuit Court for Collier County; Scott H. Cupp, Judge. Alexander C. Peterson and Jason Wentworth Fraser of Family First Legal Group, Naples",,,,,,16556,
kDkH21qSrqw,24 1304,2D2024-1304,True,CITIZENS PROPERTY INSURANCE CORPORATION v. YASSEL GARCIA FERNANDEZ,2025-11-12,affirm,Affirmed.,True,True,,,False,,False,,Jennifer X. Gabbard,Hillsborough,"T COURT OF APPEAL OF FLORIDA SECOND DISTRICT CITIZENS PROPERTY INSURANCE CORPORATION, Appellant, v. YASSEL GARCIA FERNANDEZ, Appellee. No. 2D2024-1304 November 12, 2025 Appeal from the Circuit Court for Hillsborough County; Jennifer X. Gabbard, Judge. Maureen G. Pearcy of Paul R. Pearcy, P.A., Miami","pellant, v. YASSEL GARCIA FERNANDEZ, Appellee. No. 2D2024-1304 November 12, 2025 Appeal from the Circuit Court for Hillsborough County; Jennifer X. Gabbard, Judge. Maureen G. Pearcy of Paul R. Pearcy, P.A., Miami, for Appellant. Elliot B. Kula and William D. Mueller of Kula & Associates, P.A., Miami",2D2024-1304,https://www.courtlistener.com/opinion/10751910/x/,10751910,11218495,826,
kFGqs7Ggu3g,2D20 2665,2D2020-2665,True,"ALL INSURANCE RESTORATION SERVICES, INC., A/ A/ O JUAN LUGO AND HAYDEE LUGO  vs HERITAGE PROPERTY & CASUALTY INSURANCE CO.",2022-05-06,reverse,Reversed and remanded.,False,False,Northcutt,Northcutt,False,,False,,Gregory P. Holder,Hillsborough,,"Y INSURANCE COMPANY, Appellee. No. 2D20-2665 May 6, 2022 Appeal from the Circuit Court for Hillsborough County; Gregory P. Holder, Judge. Melissa A. Giasi and Erin M. Berger of Giasi Law, P.A., Tampa, for Appellant. Kara Rockenbach Link and Daniel M. Schwarz of Link & Rockenbach, PA, West Palm Beach",,,,,6287,
kI1Ted30y_8,23 1393,2D2023-1393,True,"NORMAN v. ASHBURN SQUARE HOMEOWNERS ASSOCIATION, INC.",2024-09-13,affirm,Affirmed,False,False,Atkinson,Atkinson; Northcutt; Morris,False,,False,,Joseph M. Tompkins,Hillsborough,," ASHBURN SQUARE HOMEOWNERS' ASSOCIATION, INC., Appellee. No. 2D2023-1393 September 13, 2024 Appeal from the County Court for Hillsborough County; Joseph M. Tompkins, Judge. Eduardo A. Maura and Luis F. Quesada of Ayala Law, P.A., Miami, for Appellant. Jessica C. Burley of David J. Lopez, P.A., Tampa",,,,,28080,
kI9q5K5MhdQ,2D21 2857,2D2021-2857,True,"THERESA D. SLOVAK  vs DEUTSCHE BANK TRUST COMPANY AMERICAS, AS TRUSTEE",2022-11-16,affirm,Affirmed,True,False,,Morris; C.J; Silberman; Labrit,False,,False,,Gregory G. Groger,Pasco,,"QA11, Appellee. No. 2D21-2857 November 16, 2022 Appeal from the Circuit Court for Pasco County; Gregory G. Groger, Judge. Michael Alex Wasylik of Ricardo & Wasylik, PL, Dade City, for Appellant. Charles E. Stoecker, William L. Grimsley and Ralph W. Confreda, Jr., of McGlinchey Stafford, Jacksonville",,,,,1105,
kIzTK6a-u4g,23 2439,2D2023-2439,True,"CHARITABLE FAITH, INC. v. PARADISE MISSIONARY BAPTIST CHURCH, INC.",2024-12-27,affirm,Affirmed,True,True,,Sleet; Lucas; Rothstein-Youakim,False,,False,,Emily A. Peacock,Hillsborough,,"ISE MISSIONARY BAPTIST CHURCH, INC., Appellee. No. 2D2023-2439 December 27, 2024 Appeal from the Circuit Court for Hillsborough County; Emily A. Peacock, Judge. Andy Dogali and Alexis Selvy of Dogali Law Group, P.A., Clearwater, for Appellant. Shane T. Costello of Hill, Ward & Henderson, P.A., Tampa",,,,,846,
kLFBM-khEqQ,2D20-2537,,False,,,,,,,,,,,,,,,,,,,,,,
kP9wJzt8_78,23 1388,2D2023-1388,True,"PATTERSON AND WALTER v. CLARKE, et al",2024-09-13,reverse,Reversed and remanded with instructions.,False,False,Atkinson,Atkinson; Northcutt; Khouzam,False,,True,Khouzam,Danielle Brewer,Sarasota,,"LM REALTY OF VENICE, LLC, Appellees. No. 2D2023-1388 September 13, 2024 Appeal from the Circuit Court for Sarasota County; Danielle Brewer, Judge. David D. Walter, pro se, and for Appellant Teresa J. Patterson. Wendy Shay Temple and Michael L. Dear of The Law Office of Michael L. Dear, PLLC, Orlando",,,,,24443,
kT4lLe2iuVY,22 1784,2D2022-1784,True,"UPPERDECK CAPITAL MANAGEMENT, L L C VS W W C D, L L C, ET AL.",2023-09-01,affirm,Affirmed - Per Curiam Affirmed,True,True,,Villanti; Black; Smith,False,,False,,Mark R. Wolfe,Hillsborough,"OF APPEAL OF FLORIDA SECOND DISTRICT UPPERDECK CAPITAL MANAGEMENT, LLC, Appellant, v. WWCD, LLC; and MACDILL ENTERTAINMENT LLC, Appellees. No. 2D22-1784 September 1, 2023 Appeal from the Circuit Court for Hillsborough County; Mark R. Wolfe, Judge. Matthew J. Conigliaro of Carlton Fields, P.A., Tampa","DILL ENTERTAINMENT LLC, Appellees. No. 2D22-1784 September 1, 2023 Appeal from the Circuit Court for Hillsborough County; Mark R. Wolfe, Judge. Matthew J. Conigliaro of Carlton Fields, P.A., Tampa, for Appellant. Marie A. Borland, Gregory P. Brown, and A. Evan Dix of Hill Ward Henderson, P.A., Tampa",,,,,878,
kWdVbnKC9zM,24 2896,2D2024-2896,True,CHRISTOPHER WOODLE v. STATE OF FLORIDA,2026-02-25,affirm,Affirmed.,True,True,,Northcutt; Morris; Smith,False,,False,,Dorothy Vaccaro,Pinellas,"DISTRICT COURT OF APPEAL OF FLORIDA SECOND DISTRICT CHRISTOPHER WOODLE, Appellant, v. STATE OF FLORIDA, Appellee. No. 2D2024-2896 February 25, 2026 Appeal from the County Court for Pinellas County; Dorothy Vaccaro, Judge. William F. Sansone of Sansone Law, P.A., Tampa"," Appeal from the County Court for Pinellas County; Dorothy Vaccaro, Judge. William F. Sansone of Sansone Law, P.A., Tampa, for Appellant. James Uthmeier, Attorney General, Tallahassee; Katherine Coombs Cline, Senior Assistant Attorney General, and Marena S. Ramirez, Assistant Attorney General, Tampa",2D2024-2896,https://www.courtlistener.com/opinion/10800197/x/,10800197,11266873,870,
kXJU9-My96Q,25 0063,2D2025-0063,True,"JOSEPH R. D. BURNS, a/k/a David Burns, and MARCIA v. KOONTZ & ASSOCIATES, P.L., and JO ANN M. KOONTZ",2025-10-29,affirm,Affirmed.,True,True,,Northcutt; Black; Atkinson,False,,False,,Hunter W. Carroll,Sarasota,"CT JOSEPH R. D. BURNS, a/k/a David Burns, and MARCIA COLTER-BURNS, Appellants, v. KOONTZ & ASSOCIATES, P.L., and JO ANN M. KOONTZ, Appellees. No. 2D2025-0063 October 29, 2025 Appeal from the Circuit Court for Sarasota County; Hunter W. Carroll, Judge. Daniel Joy, Osprey, and Gregg Horowitz, Sarasota","ts, v. KOONTZ & ASSOCIATES, P.L., and JO ANN M. KOONTZ, Appellees. No. 2D2025-0063 October 29, 2025 Appeal from the Circuit Court for Sarasota County; Hunter W. Carroll, Judge. Daniel Joy, Osprey, and Gregg Horowitz, Sarasota, for Appellants. David A. Wallace of Bentley Goodrich Kison P.A., Sarasota",2D2025-0063,https://www.courtlistener.com/opinion/10751854/x/,10751854,11218439,815,
kcDm3mpMr80,22 4212,2D2022-4212,True,"DAVID BALLARD GEDDIS, JR. VS PINELLAS COUNTY PROPERTY TAX COLLECTOR",2023-10-06,affirm,Affirmed - Per Curiam Affirmed,True,True,,Kelly; Villanti; Black,False,,False,,Keith Meyer,Pinellas,,,,,,,740,
kdi0sSD7ZdU,2D21 2990,2D2021-2990,True,"UNKNOWN HEIR A/K/A VIRGINIA JAHNKE  vs VILLAGE OF LAKE TARPON, INC., ET AL.",2022-09-30,affirm,Affirmed,True,False,,Villanti; Atkinson; Smith,False,,False,,Edwin B. Jagger,Pinellas,"/A VIRGINIA JAHNKE, Appellant, v. VILLAGE OF LAKE TARPON, INC., and KEATHEL CHAUNCEY, as Trustee, Appellees. No. 2D21-2990 September 30, 2022 Appeal from the County Court for Pinellas County; Edwin B. Jagger, Judge. Ann M. Allison of Allison Law Group, Temple Terrace; Daniel K. Schaffner, Clearwater","AKE TARPON, INC., and KEATHEL CHAUNCEY, as Trustee, Appellees. No. 2D21-2990 September 30, 2022 Appeal from the County Court for Pinellas County; Edwin B. Jagger, Judge. Ann M. Allison of Allison Law Group, Temple Terrace; Daniel K. Schaffner, Clearwater, for Appellant. Leslie M. Conklin, Clearwater",,,,,912,
ke0uI2dd5Y4,22 102,2D2022-0102,True,"STATE FARM MUTUAL AUTOMOBILE INSURANCE CO. VS SHAZAM AUTO GLASS, LLC,",2023-05-12,affirm,Affirmed - Per Curiam Affirmed,True,True,,,False,,False,,Miriam V. Valkenburg,Hillsborough,,"from the County Court for Hillsborough County; Miriam V. Valkenburg, Judge. Kurt T. Koehler of Cole, Scott & Kissane, P.A., Jacksonville, for Appellant. David M. Caldevilla of de la Parte & Gilbert, P.A., Tampa; and Christopher N. Ligori and Ronald S. Haynes of Christopher Ligori & Associates, Tampa",,,,,1012,
kfrAvUyeApo,23 2383,2D2023-2383,True,"PEOPLE'S TRUST INSURANCE COMPANY v. ABRAHAM, ABRAHAM",2025-05-07,reverse,Reversed and remanded.,False,False,Khouzam,Khouzam; Rothstein-Youakim; Labrit,False,,False,,Andrea McHugh and Hunter W. Carroll,Sarasota,"ppellees. No. 2D2023-2383 May 7, 2025 Appeal from the Circuit Court for Sarasota County; Andrea McHugh and Hunter W. Carroll, Judges. Mark D. Tinker and Brandon J. Tyler of Cole, Scott & Kissane, P.A., Tampa; and Brett Frankel and Jonathan Sabghir of People's Trust Insurance Company, Deerfield Beach","a McHugh and Hunter W. Carroll, Judges. Mark D. Tinker and Brandon J. Tyler of Cole, Scott & Kissane, P.A., Tampa; and Brett Frankel and Jonathan Sabghir of People's Trust Insurance Company, Deerfield Beach, for Appellant. Justin R. Falatek and Aaron B. Thalwitzer of Gordon & Thalwitzer, Cocoa Beach",,,,,15219,
kiu9WQDskRQ,2D20-912,2D2020-0912,True,"MIKEL ROLLYSON, ET AL.  vs CCC O. P., LLC, ET AL.",2021-02-03,affirm,Affirmed,True,False,,Villanti; Black; Atkinson,False,,False,,,,,". ) ) Opinion filed February 3, 2021. Appeal from the Circuit Court for Charlotte County; Lisa Porter, Judge. Gregory N. Woods of Woods, Weidenmiller, Michetti & Rudnick, LLP, Naples, for Appellants. Edward A. Marod, Jack J. Aiello, and Emily Chase of Gunster Yoakley & Stewart, P.A., West Palm Beach",,,,,1775,
knWPBXJTWN8,23 1966,2D2023-1966,True,UNIVERSITY OF SOUTH FLORIDA BOARD OF TRUSTEES v. MOORE,2025-01-24,affirm,Affirmed,False,False,Black,Black; Morris; Smith,False,,False,,,,"ORE, individually and on behalf of all others similarly situated, Appellee. No. 2D2023-1966 January 24, 2025 Appeal pursuant to Fla. R. App. P. 9.130 from the Circuit Court for Hillsborough County; Darren D. Farfante, Judge. Richard C. McCrea, Jr., and Cayla M. Page of Greenberg Traurig, P.A., Tampa","ated, Appellee. No. 2D2023-1966 January 24, 2025 Appeal pursuant to Fla. R. App. P. 9.130 from the Circuit Court for Hillsborough County; Darren D. Farfante, Judge. Richard C. McCrea, Jr., and Cayla M. Page of Greenberg Traurig, P.A., Tampa, for Appellant. Douglas F. Eaton of Eaton & Wolk, PL, Miami",,,,,5577,
kqRZRbJACgw,2D21 1769,2D2021-1769,True,"CLERK OF THE CIRCUIT COURT, AND COMPTROLLER OF COLLIER COUNTY, FLORIDA  vs ANDRE TYSON BRANDON, ET AL.",2022-04-13,reverse,Reversed,False,False,Silberman,Silberman,False,,False,,Blake Adams,Collier," OF FLORIDA SECOND DISTRICT CLERK OF THE CIRCUIT COURT AND COMPTROLLER OF COLLIER COUNTY, Appellant, v. U.S. SPECIALTY INSURANCE COMPANY and ANDRES TYSON BRANDON, Appellees. No. 2D21-1769 April 13, 2022 Appeal from the Circuit Court for Collier County; Blake Adams, Judge. Thomas W. Franchino, Naples",,,,,,6565,
kqZMDKPnFWs,24 1264,2D2024-1264,True,"Tillman Nature Preserve, LLC v. Babush, Dayflower JV, LLC, et al",2025-05-21,granted,Petition granted; order quashed.,False,False,Lucas,Lucas; Atkinson; Labrit,False,,False,,,,,,,,,,16186,
kvE2mlmnpqk,25 2043,,False,,,,,,,,,,,,,,,,,,,,,,
kxxF4Jg2fvY,2D21 3016,2D2021-3016,True,"GGB INDUSTRIES, INC.  vs CHELSEY BOLL MANGUM, AS PERSONAL REPRESENTATIVE OF THE ESTATE OF GREGORY G. BOLL",2022-11-04,affirm,Affirmed,True,False,,,False,,False,,Elizabeth V. Krier,Collier," Estate of Gregory G. Boll, deceased, Appellee. No. 2D21-3016 November 4, 2022 Appeal from the Circuit Court for Collier County; Elizabeth V. Krier, Judge. Jonathan B. Morton, Mallory M. Cooney, and Claudia Velasquez, of K&L Gates LLP, Miami; and Jon Scuderi of Goldman Felcoski & Stone, P.A., Naples","r County; Elizabeth V. Krier, Judge. Jonathan B. Morton, Mallory M. Cooney, and Claudia Velasquez, of K&L Gates LLP, Miami; and Jon Scuderi of Goldman Felcoski & Stone, P.A., Naples, for Appellant. Michael T. Traficante, M. Travis Hayes, and Jeffrey D. Fridkin, of Grant Fridkin Pearson, P.A., Naples",,,,,1007,
l9hZx-b4DOM,2D20-2384,2D2020-2384,True,BRIDGET JACKMAN AND KEIRON JACKMAN  vs CATHERINE CEBRINK - SWARTZ AND RICHARD SWARTZ,2021-05-28,reverse,Reversed and remanded; question certified.,False,False,Morris,Morris; Sleet; Lucas,False,,False,,,," Appellants, ) ) v. ) Case No. 2D20-2384 ) CATHERINE CEBRINK-SWARTZ and ) RICHARD SWARTZ, ) ) Appellees. ) ) Opinion filed May 28, 2021. Appeal pursuant to Fla. R. App. P. 9.130 from the Circuit Court for Sarasota County; Stephen M. Walker, Judge. Allison Martin Perry of Florida Appeals, P.A., Tampa","RICHARD SWARTZ, ) ) Appellees. ) ) Opinion filed May 28, 2021. Appeal pursuant to Fla. R. App. P. 9.130 from the Circuit Court for Sarasota County; Stephen M. Walker, Judge. Allison Martin Perry of Florida Appeals, P.A., Tampa, for Appellants. Steele T. Williams of Steele T. Williams, P.A., Sarasota",,,,,15739,
lDW4k9mK1Qg,2D20-1915 & 2271,,False,,,,,,,,,,,,,,,,,,,,,,
lGnupa80-UE,2D20 1017,2D2020-1017,True,JAVIER ARGAEZ - CARRILLO  vs STATE OF FLORIDA,2021-05-28,affirm,Affirmed,True,False,,Silberman; Black; Sleet,False,,False,,,,"JAVIER ARGAEZ-CARRILLO, ) ) Appellant, ) ) v. ) Case No. 2D20-1017 ) STATE OF FLORIDA, ) ) Appellee. ) ) Opinion filed May 28, 2021. Appeal from the Circuit Court for Polk County; Michael P. McDaniel, Judge. Michael Hrdlicka, Guillermo E. Gomez, and April L. Johnson of Gomez & Touger, P.A., Lakeland",,,,,,1213,
lK_RPHGt2Ic,2D20 2094,,False,,,,,,,,,,,,,,,,,,,,,,
lQRq6ToYz_Y,2D21 2223,2D2021-2223,True,"STEPHEN S. BURKHART, M. D. AND BURKHART RESOURCE LIMITED PARTNERSHIP vs ARTHREX, INC.",2022-07-01,reverse,Reversed and remanded.,False,False,Atkinson,Atkinson; Villanti; Black,False,,False,,,,"la. R. App. P. 9.130 from the Circuit Court for Collier County; Hugh D. Hayes, Judge. Marie A. Borland and Dennis P. Waggoner of Hill, Ward & Henderson, P.A., Tampa; Chris W. Altenbernd of Banker Lopez Gassler P.A., Tampa; and John C. O'Quinn of Kirkland & Ellis LLP, Washington, District of Columbia",,,,,,22639,
lR8qMIfLjWo,23 2625,2D2023-2625,True,Zoble v. Kensington Estates Homeowners,2025-09-19,reverse,Reversed and remanded.,False,False,Kelly,Kelly; Villanti; Rothstein-Youakim,False,,False,,Marc S. Makholm,Hillsborough,"T ROBERT G. ZOBLE, Appellant, v. KENSINGTON ESTATES HOMEOWNERS' ASSOCIATION OF HILLSBOROUGH, INC., Appellee. No. 2D2023-2625 September 19, 2025 Appeal from the Circuit Court for Hillsborough County; Marc S. Makholm, Judge. Raymond T. Elligett, Jr., and Amy S. Farrior of Buell & Elligett, P.A., Tampa","23-2625 September 19, 2025 Appeal from the Circuit Court for Hillsborough County; Marc S. Makholm, Judge. Raymond T. Elligett, Jr., and Amy S. Farrior of Buell & Elligett, P.A., Tampa, for Appellant. Duane A. Daiker, Jonathan J. Ellis, and Jessica S. Sheikhet of Shumaker, Loop & Kendrick, LLP, Tampa",,,,,5405,
lSWWnoYPlUM,23 27,2D2023-0027,True,"CITIZENS PROPERTY INSURANCE CORPORATION v. VELASQUEZ, DIAZ",2024-04-03,affirm,Affirmed - Per Curiam Opinion,False,True,,Casanueva; Silberman; Black,False,,False,,Paul Huey,Hillsborough,"OND DISTRICT CITIZENS PROPERTY INSURANCE CORPORATION, Appellant, v. BORGES DIAZ and ESTRELLA VELASQUEZ, Appellees. No. 2D23-27 April 3, 2024 Appeal from the Circuit Court for Hillsborough County; Paul Huey, Judge. Daniel M. Schwarz and Kara Rockenbach Link of Link & Rockenbach, P.A., West Palm Beach","UEZ, Appellees. No. 2D23-27 April 3, 2024 Appeal from the Circuit Court for Hillsborough County; Paul Huey, Judge. Daniel M. Schwarz and Kara Rockenbach Link of Link & Rockenbach, P.A., West Palm Beach, for Appellant. Jeremy D. Bailie and Timothy W. Weber of Weber, Crabb & Wein, P.A., St. Petersburg",,,,,1116,
lZf9jLUfRFM,25 0109,2D2025-0109,True,"SUNLIFE FUNDING, LLC and MICHAEL AVERBUCH v. ARCPE 1, LLC; MARIO S. BARIBISH; CONCORDIA VENTURES, LLC;",2025-10-01,affirm,Affirmed.,True,True,,,False,,False,,Edward Nicholas,Manatee,"BARBISH; THE UNKNOWN SETTLERS/BENEFICIARIES; REALTY TRUST UAD JUNE 14, 2022; and THE UNKNOWN SETTLER/BENEFICIARIES OF CR SWFL, Appellees. No. 2D2025-0109 October 1, 2025 Appeal from the Circuit Court for Manatee County; Edward Nicholas, Judge. Steele T. Williams of Steele T. Williams, P.A., Sarasota","NEFICIARIES OF CR SWFL, Appellees. No. 2D2025-0109 October 1, 2025 Appeal from the Circuit Court for Manatee County; Edward Nicholas, Judge. Steele T. Williams of Steele T. Williams, P.A., Sarasota, for Appellants. Damian Waldman and Bryce M. Williams of Law Offices of Damian G. Waldman, P.A., Largo",2D2025-0109,https://www.courtlistener.com/opinion/10751678/x/,10751678,11218263,1403,
lc9-7zgktJw,24 0869,2D2024-0869,True,"NORTHROP, SCHIRO v. FLORIDA BULLET, INC., SIG SAUER, INC.",2025-02-28,affirm,Affirmed,True,True,,Northcutt; Silberman; Smith,False,,False,,Jennifer X. Gabbard,Hillsborough,"025 Appeal from the Circuit Court for Hillsborough County; Jennifer X. Gabbard, Judge. Jeremy Phillip Dover of Demesmin & Dover, PLLC, Fort Lauderdale; Robert W. Zimmerman and Ryan D. Hurd of Saltz Mongeluzzi Bendesky, Philadelphia, Pennsylvania; and Eli Kaplan of Kaplan & Miller, P.A., Coral Gables","y Phillip Dover of Demesmin & Dover, PLLC, Fort Lauderdale; Robert W. Zimmerman and Ryan D. Hurd of Saltz Mongeluzzi Bendesky, Philadelphia, Pennsylvania; and Eli Kaplan of Kaplan & Miller, P.A., Coral Gables, for Appellants. Kristen E. Dennison of Littleton Joyce Ughetta & Kelly LLP, Merritt Island",,,,,931,
leP5VfhN-mQ,23 2071,,False,,,,,,,,,,,,,,,,,,,,,,
lePWj0t2hZc,2D22 1279,2D2022-1279,True,"THE PARKLAND CONDOMINIUM ASSOCIATION, INC.  vs RUTH HENDERSON",2022-11-16,affirm,Affirmed,False,False,Rothstein-Youakim,Rothstein-Youakim; Morris; Stargel,False,,False,,,,"IUM ASSOCIATION, INC., Appellant, v. RUTH HENDERSON, Appellee. No. 2D22-1279 November 16, 2022 Appeal pursuant to Fla. R. App. P. 9.130 from the Circuit Court for Hillsborough County; Emmett L. Battles, Judge. E. Taylor George, Shaun R. Koby, Kyle L. Schmitt, and Kerry McKeown of Lydecker LLP, Tampa",,,,,,6275,
lhEjZrwjtuM,2D19-3555,,False,,,,,,,,,,,,,,,,,,,,,,
ljSbTm2XlcA,24 2378,2D2024-2378,True,AARON DONTAVIUS CAMPBELL v. STATE OF FLORIDA,2025-11-14,affirm,Affirmed.,True,True,,,False,,False,,Samantha Ward for Christopher C. Sabella,Hillsborough,"L, Appellant, v. STATE OF FLORIDA, Appellee. No. 2D2024-2378 November 14, 2025 Appeal from the Circuit Court for Hillsborough County; Samantha Ward for Christopher C. Sabella, Judge. Blair Allen, Public Defender, and Benedict P. Kuehne and Michael T. Davis, Special Assistant Public Defenders, Bartow","r, and Benedict P. Kuehne and Michael T. Davis, Special Assistant Public Defenders, Bartow, for Appellant. James Uthmeier, Attorney General, Tallahassee, and Tayna Alexander, Assistant Attorney General, Tampa; and Taylor A. Schell, Assistant Attorney General, Tampa (substituted as counsel of record)",2D2024-2378,https://www.courtlistener.com/opinion/10751936/x/,10751936,11218521,997,
lkR3AgU248k,25 0015,2D2025-0015,False,,,,,,,,,,,,,,,,,,,,,,
lkp2Jz8bwNw,23 41,2D2023-0041,True,EDWARD WANYAMA BARASA VS HEIDI HUNTINGTON STEINER,2024-02-09,affirm,Affirmed - Per Curiam Affirmed,True,True,,Silberman; Villanti; Labrit,False,,False,,David R. Ellis,Pinellas,"DISTRICT COURT OF APPEAL OF FLORIDA SECOND DISTRICT EDWARD WANYAMA BARASA, Appellant, v. HEIDI HUNTINGTON STEINER, Appellee. No. 2D23-41 February 9, 2024 Appeal from the Circuit Court for Pinellas County; David R. Ellis, Judge. Kathy C. George of Law Offices of Kathy C. George & Associates, Dunedin","BARASA, Appellant, v. HEIDI HUNTINGTON STEINER, Appellee. No. 2D23-41 February 9, 2024 Appeal from the Circuit Court for Pinellas County; David R. Ellis, Judge. Kathy C. George of Law Offices of Kathy C. George & Associates, Dunedin, for Appellant. Angela L. Leiner of Mockler Leiner Law, P.A., Tampa",,,,,780,
llSEVNG-t9k,2D20-2381,,False,,,,,,,,,,,,,,,,,,,,,,
lsf8r9Ma9rY,25 0322,2D2025-0322,True,"MARK E. BETTEN v. QUEST DIAGNOSTICS CLINICAL LABORATORIES, INC.",2026-02-25,affirm,Affirmed.,True,True,,Kelly; Khouzam; Atkinson,False,,False,,Edward Nicholas,Manatee,,". QUEST DIAGNOSTICS CLINICAL LABORATORIES, INC., Appellee. No. 2D2025-0322 February 25, 2026 Appeal from the Circuit Court for Manatee County; Edward Nicholas, Judge. Mark E. Betten, pro se. Ethen R. Shapiro of Hill Ward Henderson, Tampa, and D. Faye Caldwell of Caldwell Everson PLLC, Houston, Texas",2D2025-0322,https://www.courtlistener.com/opinion/10800208/x/,10800208,11266884,786,
lsnRbQobgOI,23 1063,2D2023-1063,True,"BRADLEY BERG, TINA BERG, BTJJ HOLDINGS, LLC, AND BTJJ CONSERVATION CORP. N/K/A RBC CONSERVATION VS MICHAEL SCURRY, ET AL.",2024-02-02,affirm,Affirmed - Per Curiam Affirmed,True,True,,Casanueva; Khouzam; Black,False,,False,,W. Douglas Baird,Pinellas,"EVIN STALBIRD; BARBARA STALBIRD; LEWIS THIBEAULT; LINDA THIBEAULT; JACQUELINE UMSTADTER; JAMES VANBROCKLIN; and JAN MENKE, Appellees. No. 2D23-1063 February 2, 2024 Appeal from the Circuit Court for Pinellas County; W. Douglas Baird, Senior Judge. Gregory T. Elliott of Elliott-Berger, P.A., Seminole",,,,,,1427,
lwYt9eoXGtI,21 2391,2D2021-2391,True,SIGISMONDI v. STATE OF FLORIDA,2024-01-12,affirm,Affirmed - Authored Opinion,False,False,Khouzam,Khouzam,False,,False,,Mary M. Handsel,Pasco,"RT OF APPEAL OF FLORIDA SECOND DISTRICT BRENDAN SIGISMONDI, Appellant, v. STATE OF FLORIDA, Appellee. No. 2D21-2391 January 12, 2024 Appeal from the Circuit Court for Pasco County; Mary M. Handsel, Judge. Jason T. Forman and Dalianett Corrales of Law Offices of Jason T. Forman, P.A., Fort Lauderdale","1 January 12, 2024 Appeal from the Circuit Court for Pasco County; Mary M. Handsel, Judge. Jason T. Forman and Dalianett Corrales of Law Offices of Jason T. Forman, P.A., Fort Lauderdale, for Appellant. Ashley Moody, Attorney General, Tallahassee, and Blain A. Goff, Assistant Attorney General, Tampa",,,,,73541,
m-1O4YrYfKI,2D21 1350,2D2021-1350,True,"UNIVERSITY OF SOUTH FLORIDA BOARD OF TRUSTEES AND SUN DOME, INC.  vs SANDRA LEE DOREY AND ROBERT DOREY",2021-11-03,affirm,Affirmed,True,False,,,False,,False,,,," SANDRA LEE DOREY and ROBERT DOREY, Appellees. No. 2D21-1350 November 3, 2021 Appeal pursuant to Fla. R. App. P. 9.130 from the Circuit Court for Hillsborough County; Rex Barbas, Judge. Jerome B. Blevins of Bradham, Benson, Lindley, Blevins, Bayliss & Wyatt of Florida West Cost, PLLC, St. Petersburg"," P. 9.130 from the Circuit Court for Hillsborough County; Rex Barbas, Judge. Jerome B. Blevins of Bradham, Benson, Lindley, Blevins, Bayliss & Wyatt of Florida West Cost, PLLC, St. Petersburg, for Appellants. Scott W. Anderson, David S. Johnson, and Bonnie C. Daboll of Johnson Daboll Anderson, Tampa",,,,,994,
mFLpf0yH1E8,2D19 4336,2D2019-4336,True,"CRYSTAL THOMAS  vs PHAROS CB DOWNTOWN INVESTORS, LLC",2022-02-02,affirm,Affirmed,True,False,,Lucas; Atkinson; Labrit,False,,False,,Cheryl Thomas,Hillsborough,"DISTRICT COURT OF APPEAL OF FLORIDA SECOND DISTRICT CRYSTAL THOMAS, Appellant, v. PHAROS CB DOWNTOWN INVESTORS, LLC, Appellee. No. 2D19-4336 February 2, 2022 Appeal from the Circuit Court for Hillsborough County; Cheryl Thomas, Judge. Thomas A. Burns of Burns, P.A., Tampa","CRYSTAL THOMAS, Appellant, v. PHAROS CB DOWNTOWN INVESTORS, LLC, Appellee. No. 2D19-4336 February 2, 2022 Appeal from the Circuit Court for Hillsborough County; Cheryl Thomas, Judge. Thomas A. Burns of Burns, P.A., Tampa, for Appellant. Hinda Klein and Samuel B. Spinner of Conroy Shimberg, Hollywood",,,,,764,
mFq19PY1g4g,25 1617,2D2025-1617,True,"EAGLES NEST DEVELOPMENT CO., INC. and HELICOPTER v. INTERSTATE FIRE & CASUALTY COMPANY; CERTAIN UNDERWRITERS",2026-05-01,affirm,Affirmed.,True,True,,Sleet; Atkinson; Guard,False,,False,,Alicia Polk,Pasco,"; SAENGCHUTO ENTERPRISES LLC; ROBERT C. CEVASCO; THOMAS DONALDSON REIK; JR.; and VINCENT G. PROBST, JR., Appellees. No. 2D2025-1617 May 1, 2026 Appeal from the Circuit Court for Pasco County; Alicia Polk, Judge. Marion Hale and Sharon E. Krick of Johnson, Pope, Bokor, Ruppel & Burns, LLP, Clearwater","; and VINCENT G. PROBST, JR., Appellees. No. 2D2025-1617 May 1, 2026 Appeal from the Circuit Court for Pasco County; Alicia Polk, Judge. Marion Hale and Sharon E. Krick of Johnson, Pope, Bokor, Ruppel & Burns, LLP, Clearwater, for Appellants. Robert E. Jones of The Jones Law Firm, P.C., Jacksonville",2D2025-1617,https://www.courtlistener.com/opinion/10851621/x/,10851621,11319009,1214,
mIfvSMA_PCU,2D21 1057,2D2021-1057,True,"MORTGAGE ELECTRONIC REGISTRATION SYSTEMS, INC.  vs ALBA PALMS LLC, ET AL.",2022-06-22,affirm,Affirmed,True,False,,Northcutt; Khouzam; Black,False,,False,,Charles Sniffen,Manatee,"nd FILE DJELAJ, Appellees. No. 2D21-1057 June 22, 2022 Appeal from the Circuit Court for Manatee County; Charles Sniffen, Judge. Viraj P. Deshmukh and Aaron M. Kappler of Thompson, O'Brien, Kappler & Nasuti, P.C., Peachtree Corner, Georgia, and Robert M. Brochin of Morgan, Lewis & Bockius LLP, Miami"," Kappler & Nasuti, P.C., Peachtree Corner, Georgia, and Robert M. Brochin of Morgan, Lewis & Bockius LLP, Miami, for Appellant. Marisa J. Powers and Fred E. Moore of Blalock Walters, P.A., for Appellee Angelina Colonneso. Janelle L. Esposito and Phillip M. Saul of Esposito Law Group, P.A., Bradenton",,,,,1256,
mMXfNxQOdzs,22 200,2D2022-0200,True,"GRACIE NAVARETTE, AS PERSONAL REPRESENTATIVE OF THE ESTATE OF ANTONIO NAVARETTE VS BRACE INTEGRATED SERVICES, INC., ET AL.",2023-09-06,affirm,Affirmed - Per Curiam Affirmed,True,True,,Sleet; Villanti; Black,False,,False,,Emily A. Peacock,Hillsborough,"INC. and RANDALE AMMON, Appellees. No. 2D22-200 September 6, 2023 Appeal from the Circuit Court for Hillsborough County; Emily A. Peacock, Judge. Stephen A. Barnes, John V. Trujillo, Jr., Christopher J. Donegan, Adam D. Rieth, Mason B. Binkley, and Valerie L. Leatherwood of Barnes Trial Group, Tampa","6, 2023 Appeal from the Circuit Court for Hillsborough County; Emily A. Peacock, Judge. Stephen A. Barnes, John V. Trujillo, Jr., Christopher J. Donegan, Adam D. Rieth, Mason B. Binkley, and Valerie L. Leatherwood of Barnes Trial Group, Tampa, for Appellant. Forrest L. Andrews of Lydecker LLP, Miami",,,,,946,
mMfN24b7GxY,2D19-4062,,False,,,,,,,,,,,,,,,,,,,,,,
mPciLiNoJnY,2D20 3435,,False,,,,,,,,,,,,,,,,,,,,,,
mYCkyVOJiSI,2D21 1363,2D2021-1363,True,"SOUTHERN-OWNERS INSURANCE COMPANY  vs COUNTRYSIDE MALL, LLC, ET AL.",2022-11-18,affirm,Affirmed,True,False,,,False,,False,,Amy M. Williams,Pinellas,"RN-OWNERS INSURANCE COMPANY, Appellant, v. WESTFIELD, LLC and COUNTRYSIDE MALL, LLC, Appellees. No. 2D21-1363 November 18, 2022 Appeal from the Circuit Court for Pinellas County; Amy M. Williams, Judge. Robin P. Keener, Erik R Lundberg and John D. Russell of Stoler Russell Keener Verona, P.A., Tampa",". 2D21-1363 November 18, 2022 Appeal from the Circuit Court for Pinellas County; Amy M. Williams, Judge. Robin P. Keener, Erik R Lundberg and John D. Russell of Stoler Russell Keener Verona, P.A., Tampa, for Appellant. Richard W. Ervin and Robert S. Bleakley of Bleakley, Bavol, Denman & Grace, Tampa",,,,,892,
mf2ysvimx18,22 3853,2D2022-3853,True,STATE OF FLORIDA v. REDDIN,2023-12-15,reverse,Reversed - Authored Opinion ~ and remanded.,False,False,Labrit,Labrit; Northcutt; Khouzam,False,,False,,Debra Roberts,Pasco,"OF FLORIDA SECOND DISTRICT STATE OF FLORIDA, Appellant, v. MITCHELL WILLIAMS REDDIN, Appellee. No. 2D22-3853 December 15, 2023 Appeal from the County Court for Pasco County; Debra Roberts, Judge. Ashley Moody, Attorney General, Tallahassee, and Samuel R. Mandelbaum, Assistant Attorney General, Tampa","53 December 15, 2023 Appeal from the County Court for Pasco County; Debra Roberts, Judge. Ashley Moody, Attorney General, Tallahassee, and Samuel R. Mandelbaum, Assistant Attorney General, Tampa, for Appellant. Howard L. Dimmig, II, Public Defender, and Tosha Cohen, Assistant Public Defender, Bartow",,,,,17693,
mi3fzeybbFM,2D21 3005,2D2021-3005,True,RADU CRACIUN  vs NICOLETA RUSU,2022-06-10,affirm,Affirmed,True,False,,,False,,False,,,,,,,,,,684,
ms37zZXTLIY,24 2364,2D2024-2364,True,"ARC Global Investments, II, LLC,  v. Digital World Acquisition Corp.,",2025-06-13,denied,Denied,True,False,,,False,,False,,,,,,,,,,1269,
mtvU1CIq_wc,2D20-636,2D2020-0636,True,ZACHARY K. DEATERLY  vs RODNEY M. JACOBSON,2021-01-06,denied,Denied,False,False,Sleet,Sleet; Silberman; Villanti,False,,False,,,,,,,,,,10465,
muXZEQKEEag,25 2977,2D2025-2977,False,,,,,,,,,,,,,,,,,,,,,,
mun_u9d92uQ,2D19-1806,,False,,,,,,,,,,,,,,,,,,,,,,
mvCx79NM1bs,2D19-1715,2D2019-1715,True,RAMON PAYANO AND ANGELA PAYANO  vs SECURITY FIRST INSURANCE COMPANY,2020-09-16,affirm,Affirmed,True,False,,Villanti; Sleet; Rothstein-Youakim,False,,False,,,,"ND DISTRICT RAMON PAYANO and ANGELA ) PAYANO, ) ) Appellants, ) ) v. ) Case No. 2D19-1715 ) SECURITY FIRST INSURANCE ) COMPANY, ) ) Appellee. ) ) Opinion filed September 16, 2020. Appeal from the Circuit Court for Hillsborough County; Martha J. Cook, Judge. Melissa A. Giasi of Giasi Law, P.A., Tampa",,,,,,1277,
mzdg55NCPlk,2D20-197,2D2020-0197,True,BRENDA INGRAM  vs HSBC BANK USA,2021-05-14,affirm,Affirmed,True,False,,Silberman; Atkinson; Smith,False,,False,,,,,"et-Backed, ) Pass-Through Certificates, ) ) Appellee. ) ) Opinion filed May 14, 2021. Appeal from the Circuit Court for Pinellas County; Thane B. Covert, Judge. Lee Segal of Segal & Schuh Law Group, P.L., Clearwater, for Appellant. Kimberly S. Mello and Arda Goker Of Greenberg Traurig, P.A., Orlando",,,,,1329,
n-5a4BOotC8,2D19-1143,2D2019-1143,True,MICHAEL PARKER  vs STATE OF FLORIDA,2020-09-16,affirm,Affirmed,True,False,,Villanti; Sleet; Rothstein-Youakim,False,,False,,,,"ICHAEL PARKER, ) ) Appellant, ) ) v. ) Case No. 2D19-1143 ) STATE OF FLORIDA, ) ) Appellee. ) ) Opinion filed September 16, 2020. Appeal from the Circuit Court for Pinellas County; Paul A. Levine, Judge. Howard L. Dimmig, II, Public Defender, and Carol J. Y. Wilson, Assistant Public Defender, Bartow",,,,,,1252,
n2KOKKm40mY,24 1484,2D2024-1484,True,Hancock v. Florida Farm Bureau General Insurance Company,2025-09-19,affirm,Affirmed,False,False,Labrit,Labrit; Lucas; Villanti,False,,False,,Kimberly Byrd,Pasco,,", Appellant, v. FLORIDA FARM BUREAU GENERAL INSURANCE COMPANY, Appellee. No. 2D2024-1484 September 19, 2025 Appeal from the Circuit Court for Pasco County; Kimberly Byrd, Judge. Tracy Raffles Gunn of Gunn Appellate Practice P.A., Tampa, for Appellant. David C. Borucke of Cole, Scott & Kissane, Tampa",,,,,26049,
n3fw03s-OK0,2D20-758,2D2020-0758,True,"BRUCE  A. BERNSTEIN AND APOLLO MUNITIONS RESEARCH, INC.  vs JUAN GUTIERREZ, ET AL",2021-03-10,affirm,Affirmed,True,False,,Kelly; Sleet; Lucas,False,,False,,,,"N, JR., individually, and ERIC ) PHILLIPSON, individually, ) ) Appellees. ) ) Opinion filed March 10, 2021. Appeal from the Circuit Court for Hillsborough County; Martha J. Cook, Judge. John J. Shahady of Shahady & Wurtenberger, P.A. and Samantha Tesser Haimo of Feigeles & Haimo LLP, Fort Lauderdale","uit Court for Hillsborough County; Martha J. Cook, Judge. John J. Shahady of Shahady & Wurtenberger, P.A. and Samantha Tesser Haimo of Feigeles & Haimo LLP, Fort Lauderdale, for Appellants. Gregg D. Thomas; James J. McGuire; Jon M. Philipson; and Linda Riedemann Norbut of Thomas & LoCiecer PL, Tampa",,,,,2204,
n5UbD9uWDEs,2D19-4423,2D2019-4423,True,"F. T., LLC  vs PAM DUBOV, PROPERTY APPRAISER, ET AL",2021-02-19,affirm,Affirmed,True,False,,Silberman; Black; Labrit,False,,False,,,,"ive ) Director of the Florida Department of ) Revenue, ) ) Appellees. ) ___________________________________) Opinion filed February 19, 2021. Appeal from the Circuit Court for Pinellas County; Linda R. Allan, Judge. Marie A. Borland and Robert E.V. Kelley, Jr., of Hill, Ward & Henderson, P.A., Tampa"," Pinellas County; Linda R. Allan, Judge. Marie A. Borland and Robert E.V. Kelley, Jr., of Hill, Ward & Henderson, P.A., Tampa for Appellant. Yvette Acosta MacMillan, Senior Assistant County Attorney, and Kelly L. Vicari, Senior Assistant County Attorney, Clearwater (substituted as counsel of record)",,,,,1500,
n8L9CrD_Mvs,2D21 10,2D2021-0010,True,KIMBERLEE SZEWCZYK  vs STATE OF FLORIDA,2022-10-21,affirm,Affirmed,False,False,Black,Black; Atkinson; Lucas,False,,True,Lucas,Donald H. Mason,Charlotte,," FLORIDA, Appellee. No. 2D21-10 October 21, 2022 Appeal from the Circuit Court for Charlotte County; Donald H. Mason, Judge. Rachael E. Reese of O'Brien Hatfield Reese, P.A., Tampa, for Appellant. Ashley Moody, Attorney General, Tallahassee, and William C. Shelhart, Assistant Attorney General, Tampa",,,,,7925,
nBU6wdjKAUI,23 1302,2D2023-1302,True,"HG 51 COLUMBIA DEVELOPERS, LLC, MEEHAN v. FUNK, ESTATE OF: CHARLES B. FUNK, et al",2024-03-01,affirm,Affirmed - Per Curiam Affirmed,True,True,,Sleet; Kelly; Villanti,False,,False,,,,"Appeal pursuant to Fla. R. App. P. 9.130 from the Circuit Court for Hillsborough County; Darren D. Farfante, Judge. Jack J. Aiello and Bryan M. Seymour of Gunster, Yoakley & Stewart, P.A., West Palm Beach, and William J. Schifino, Jr. and Daniel P. Dietrich of Gunster, Yoakley & Stewart, P.A., Tampa","nster, Yoakley & Stewart, P.A., West Palm Beach, and William J. Schifino, Jr. and Daniel P. Dietrich of Gunster, Yoakley & Stewart, P.A., Tampa, for Appellants. Ceci Culpepper Berman of Brannock Berman & Seider, Tampa, and Patrick M. Chidnese and Frieda C. Lindroth of Bickford & Chidnese, LLP, Tampa",,,,,2451,
nIG46aQPlxM,2D19-2299,,False,,,,,,,,,,,,,,,,,,,,,,
nMU8Gc5p_Og,2D21 2184,2D2021-2184,True,DAVID OMAR CARABALLO  vs STATE OF FLORIDA,2022-11-16,affirm,Affirmed,True,False,,Morris; Silberman; Labrit,False,,False,,Christopher Sabella,Hillsborough,"IDA SECOND DISTRICT DAVID OMAR CARABALLO, Appellant, v. STATE OF FLORIDA, Appellee. No. 2D21-2184 November 16, 2022 Appeal from the Circuit Court for Hillsborough County; Christopher Sabella, Judge. Howard L. Dimmig, II, Public Defender, and Stephen R. Senn, Special Assistant Public Defender, Bartow","al from the Circuit Court for Hillsborough County; Christopher Sabella, Judge. Howard L. Dimmig, II, Public Defender, and Stephen R. Senn, Special Assistant Public Defender, Bartow, for Appellant. Ashley Moody, Attorney General, Tallahassee, and William C. Shelhart, Assistant Attorney General, Tampa",,,,,857,
nMbNmR-rIKo,25 0068,2D2025-0068,True,"MONOGRAM BUILDERS, INC. v. ARCHITECTURAL PRODUCTS SALES, INC.",2026-02-11,affirm,Affirmed.,True,True,,,False,,False,,Amy M. Williams,Pinellas,"LDERS, INC., Appellant, v. ARCHITECTURAL PRODUCTS SALES, INC., Appellee. No. 2D2025-0068 February 11, 2026 Appeal from the Circuit Court for Pinellas County; Amy M. Williams, Judge. Thamir A.R. Kaddouri, Jr., Penelope Rowlett, and David Fargason of Law Office of Thamir A.R. Kaddouri, Jr., P.A. Tampa","rt for Pinellas County; Amy M. Williams, Judge. Thamir A.R. Kaddouri, Jr., Penelope Rowlett, and David Fargason of Law Office of Thamir A.R. Kaddouri, Jr., P.A. Tampa, for Appellant. Kimberly K. Berman of Marshall Dennehey, P.C., Fort Lauderdale; and Dante C. Rohr of Marshall Dennehey, P.C., Orlando",2D2025-0068,https://www.courtlistener.com/opinion/10787125/x/,10787125,11253766,904,
nOS2FNKtMgQ,21 1707,2D2021-1707,True,"DR. JAMES P. WALLACE  vs FLORIDA DEPT. OF TRANSPORTATION AND SIESTA 41 ASSOCIATES, LLP",2023-01-25,affirm,Affirmed,True,False,,Silberman; Rothstein-Youakim; Labrit,False,,False,,,,"DISTRICT COURT OF APPEAL OF FLORIDA SECOND DISTRICT DR. JAMES P. WALLACE, III, Appellant, v. DEPARTMENT OF TRANSPORTATION and SIESTA 41 ASSOCIATES, LLP, Appellees. No. 2D21-1707 January 25, 2023 Appeal from the Department of Transportation. David Smolker of Smolker Mathews, LLP, Tampa",". JAMES P. WALLACE, III, Appellant, v. DEPARTMENT OF TRANSPORTATION and SIESTA 41 ASSOCIATES, LLP, Appellees. No. 2D21-1707 January 25, 2023 Appeal from the Department of Transportation. David Smolker of Smolker Mathews, LLP, Tampa, for Appellant. Marc Peoples, Assistant General Counsel, Tallahassee",,,,,1097,
n_679vSFlW0,2D20 2243,2D2020-2243,True,LUIS MARTINEZ MARTINEZ  vs STATE OF FLORIDA,2022-01-26,affirm,Affirmed,True,False,,Northcutt; Rothstein-Youakim; Stargel,False,,False,,Margaret O. Steinbeck,Lee,,"; Margaret O. Steinbeck, Judge. Lawrence Besser, Miami, and Derek M. Tyler, Fort Myers, for Appellant. Ashley Moody, Attorney General, Tallahassee, and William Stone, Jr., Assistant Attorney General, Tampa; and William C. Shelhart, Assistant Attorney General, Tampa (substituted as counsel of record)",,,,,906,
nc4aeQ8Nak8,2D19-3983,,False,,,,,,,,,,,,,,,,,,,,,,
ncUPUuKhoTg,24 2875,2D2024-2875,True,DANIEL P. COLLINS v. SAUDIA WADUD,2025-10-31,affirm,Affirmed.,True,True,,,False,,False,,Wesley D. Tibbals,Hillsborough,"DISTRICT COURT OF APPEAL OF FLORIDA SECOND DISTRICT DANIEL P. COLLINS, Appellant, v. SAUDIA WADUD, Appellee. No. 2D2024-2875 October 31, 2025 Appeal from the Circuit Court for Hillsborough County; Wesley D. Tibbals, Judge. Eric R. Maier and Jeffrey S. Koster of Older Lundy Koch & Martino, Tampa",,2D2024-2875,https://www.courtlistener.com/opinion/10751825/x/,10751825,11218410,797,
nciCgQe_B8U,22 3648,2D2022-3648,True,ROBERT LEE BEAN VS JULIUS FOOTMAN,2023-12-15,affirm,Affirmed - Per Curiam Affirmed,True,True,,Morris; Black; Atkinson,False,,False,,,,,,,,,,708,
nd84bnZkOHE,2D20-2030,,False,,,,,,,,,,,,,,,,,,,,,,
ngt-mZzc7gs,23 1838,2D2023-1838,True,"KIMBERLY G. GALLAGHER, GAIL GALLAGHER, JOHN GALLAGHER, AND RICHARD A. HARRISON VS JOHNNIE H. TREVENA, ET AL.",2024-02-16,denied,Denied - PC Denied,True,False,,Northcutt; Casanueva; Lucas,False,,False,,,,,,,,,,1118,
nj5kzR1NZk4,23 2536,,False,,,,,,,,,,,,,,,,,,,,,,
njajmh-O6Rc,2D20 2956,,False,,,,,,,,,,,,,,,,,,,,,,
nkRD0gWMox0,2D21 3277,2D2021-3277,True,"REX YENTES AND ANN YENTES  vs XENOFON PAPADOPOULOS, M.D., AND BOND & STEELE CLINIC, P. A., D/B/A BOND CLINIC, P. A.",2022-12-02,reverse,Reversed and remanded.  **CORRECTED**  **SEE 2ND CORRECTED OPINION DATED 12/2/2022**,False,False,Smith,Smith,False,,False,,Dana Y. Moore,Polk," M.D., and BOND & STEELE CLINIC, P.A., d/b/a BOND CLINIC, P.A., a Florida Profit Corporation. Appellees. No. 2D21-3277 December 2, 2022 Appeal from the Circuit Court for Polk County; Dana Y. Moore, Judge. Karl F. Pansler, Chase R. Pansler, and Hyat N. Katramiz of The Pansler Law Firm, P.A., Lakeland","s. No. 2D21-3277 December 2, 2022 Appeal from the Circuit Court for Polk County; Dana Y. Moore, Judge. Karl F. Pansler, Chase R. Pansler, and Hyat N. Katramiz of The Pansler Law Firm, P.A., Lakeland, for Appellants. Joseph S. Justice and Pierre J. Seacord of Buckley, Seacord & Justice, P.A., Orlando",,,,,31443,
nl4_P0-ksCM,2D19-3675,2D2019-3675,True,"REBECCA KEENER, AS PERSONAL REPRESENTATIVE  vs ROBERT S. THOMAS, JR., M. D., ET AL",2021-03-19,affirm,Affirmed,True,False,,,False,,False,,,,," Palm Beach; and Matthew K. Schwencke of Searcy, Denney, Scarola, Barnhart & Shipley, P.A., West Palm Beach, for Appellant. Dinah Stein, Mark Hicks, and Aneta Kozub of Hicks, Porter, Ebenfeld & Stein, P.A., Miami; and Thomas Dukes and Philip F. Moring of McEwan, Martinez, Dukes & Hall, P.A., Orlando",,,,,1717,
nlctfdpnvFM,23 1426,2D2023-1426,True,UNIVERSAL PROPERTY & CASUALTY INSURANCE COMPANY v. DETORO,2024-12-13,affirm,Affirmed,True,True,,Silberman; Kelly; Villanti,False,,False,,Thomas M. Ramsberger,Pinellas,"AL OF FLORIDA SECOND DISTRICT UNIVERSAL PROPERTY & CASUALTY INSURANCE COMPANY, Appellant, v. SHARON DETORO, Appellee. No. 2D2023-1426 December 13, 2024 Appeal from the Circuit Court for Pinellas County; Thomas M. Ramsberger, Judge. Andrew A. Labbe and Kimberly Salmon of Groelle & Salmon, P.A., Tampa",,,,,,801,
noXkPNo6vts,24 2103,2D2024-2103,False,,,,,,,,,,,,,,,,,,,,,,
noYlKt3kDmA,2D19-2918,,False,,,,,,,,,,,,,,,,,,,,,,
nojlZah5yrk,23 2361,2D2023-2361,True,BERK v. WELLPATH SOLUTIONS,2025-02-12,affirm,Affirmed,True,True,,Khouzam; Rothstein-Youakim; Labrit,False,,False,,,," JESSICA BERK, Appellant, v. WELLPATH SOLUTIONS, Appellee. No. 2D2023-2361 February 12, 2025 Appeal from the Circuit Court for Hillsborough County; J. Logan Murphy, Acting Circuit Judge. Scott W. Anderson of Johnson Anderson, PLLC, Tampa; and David S. Johnson of Johnson Litigation Group, PLLC, Tampa"," 2025 Appeal from the Circuit Court for Hillsborough County; J. Logan Murphy, Acting Circuit Judge. Scott W. Anderson of Johnson Anderson, PLLC, Tampa; and David S. Johnson of Johnson Litigation Group, PLLC, Tampa, for Appellant. Petra L. Justice and Ezequiel Lugo of Banker Lopez Gassler P.A., Tampa",,,,,868,
npJW0x6aNWU,2D18-4385,2D2018-4385,True,"OWNERS INSURANCE CO.  vs JAMES A. ARMOUR, INDIVIDUALLY AND AS TRUSTEE OF THE BAY SHORE RD TRUST, ET AL",2020-09-09,denied,"Denied in part, granted in part, and remanded.",False,False,,,False,,False,,,,,,,,,,18180,
o1qciupe6oc,23 352,2D2023-0352,True,"DOSS v. AUSTIN ROE BASQUILL, P. A., SHIM, M. D., et al",2024-02-14,affirm,Affirmed - Per Curiam Affirmed,True,True,,Rothstein-Youakim; Atkinson; Smith,False,,False,,Paul L. Huey,Hillsborough,,".D., AN INDIVIDUAL; STATE FARM INSURANCE COMPANY, A PROFIT CORPORATION; AND LINDA TUCKER, AN INDIVIDUAL, APPELLEE. NO. 2D23-352 February 14, 2024 Appeal from the Circuit Court for Hillsborough County; Paul L. Huey, Judge. Surgret Urania Doss, pro se. Michael A. Roe of Austin Roe Basquill P.A., Tampa",,,,,1195,
o4SNlXy0_Cc,2D20-129,,False,,,,,,,,,,,,,,,,,,,,,,
oEjGFD2evzQ,22 3029,2D2022-3029,True,"BARTLETT-MCNAMARA v. PRETIUM PARTNERS, LLC, PROGRESS RESIDENTIAL PROPERTY MANAGER, LLC, et al",2024-06-21,affirm,Affirmed,True,True,,Northcutt; Khouzam; Rothstein-Youakim,False,,False,,Paul L. Huey,Hillsborough,"NAGER, LLC, Appellees. No. 2D2022-3029 June 21, 2024 Appeal from the Circuit Court for Hillsborough County; Paul L. Huey, Judge. Michael Valen of Rubenstein Law, P.A., Miami, and Luis G. Figueroa (substituted as counsel of record) and Adam Richardson of Burlington & Rockenbach, P.A., West Palm Beach","l L. Huey, Judge. Michael Valen of Rubenstein Law, P.A., Miami, and Luis G. Figueroa (substituted as counsel of record) and Adam Richardson of Burlington & Rockenbach, P.A., West Palm Beach, for Appellant. Meredith Delcamp, Erik R. Matheny, S. Elizabeth King, and Alyssa L. Cory of Shutts & Bowen LLP",,,,,1032,
oIVwbopnuTg,25 1874,2D2025-1874,True,PETER MANYAK v. STATE OF FLORIDA,2026-07-08,reverse,Reversed and remanded with instructions.,False,True,,Northcutt; Villanti; Khouzam,False,,False,,Dana M. Moss,Sarasota,,"IDA, Appellee. No. 2D2025-1874 July 8, 2026 Appeal from the Circuit Court for Sarasota County; Dana M. Moss, Judge. J. Andrew Crawford of J. Andrew Crawford, P.A., St. Petersburg, for Appellant. James Uthmeier, Attorney General, Tallahassee, and James A. Hellickson, Assistant Attorney General, Tampa",2D2025-1874,https://www.courtlistener.com/opinion/10918383/x/,10918383,11385918,2790,
oKdHKwtuBBE,24 1170,2D2024-1170,True,"Kirkpatrick Price, Inc. v. Clone Systems, Inc.",2025-08-22,affirm,Affirmed,False,True,,Moe,False,,True,Moe,Jennifer Gabbard,Hillsborough,,"SYSTEMS, INC., Appellee. No. 2D2024-1170 August 22, 2025 Appeal from the Circuit Court for Hillsborough County; Jennifer Gabbard, Judge. G. Donovan Conwell, Jr. of Conwell Business Law, P.A., Tampa, for Appellant. Amy L. Christiansen and Nancy Abrams of Spector Gadon Rosen Vinci, LLP, St. Petersburg",,,,,1520,
oL7cp7SKrQ0,22 4099,2D2022-4099,True,"PROGRESSIVE SELECT INSURANCE COMPANY VS GERALDINE TAYLOR, ET AL.",2024-01-31,affirm,Affirmed - Per Curiam Affirmed,True,True,,Sleet; Morris; Labrit,False,,False,,Rex M. Barbas,Hillsborough,"NSURANCE COMPANY, Appellant, v. GERALDINE TAYLOR, JESSICA LYNN TURNER, and VINCENT ALEXANDER ADAMS, Appellees. No. 2D22-4099 January 31, 2024 Appeal from the Circuit Court for Hillsborough County; Rex M. Barbas, Judge. Kenneth P. Hazouri of deBeaubien, Simmons, Knight, Mantzaris & Neal, LLP, Orlando","VINCENT ALEXANDER ADAMS, Appellees. No. 2D22-4099 January 31, 2024 Appeal from the Circuit Court for Hillsborough County; Rex M. Barbas, Judge. Kenneth P. Hazouri of deBeaubien, Simmons, Knight, Mantzaris & Neal, LLP, Orlando, for Appellant. Tracy Raffles Gunn of Gunn Appellate Practice, P.A., Tampa",,,,,947,
oP4xYMbjlIQ,2D20 2977,2D2020-2977,True,ANNETTE ROWE  vs MOISES MIRANDA AND ALLSTATE FIRE AND CASUALTY INSURANCE COMPANY,2021-11-24,affirm,Affirmed,True,False,,Northcutt; Silberman; Lucas,False,,False,,Keith R. Kyle,Lee,,"v. MOISES MIRANDA and ALLSTATE FIRE AND CASUALTY INSURANCE COMPANY, INC., Appellee. No. 2D20-2977 November 24, 2021 Appeal from the Circuit Court for Lee County; Keith R. Kyle, Judge. Gary Rhodes of Lusk, Drasites & Tolisano, P.A., Cape Coral, for Appellant. Sharon C. Degnan, Kubicki Draper, Orlando",,,,,945,
oSbGcQBae6I,2D20 2859,2D2020-2859,True,W. ALECS DEAN  vs JACLYN DIANE BEVIS,2021-12-01,affirm,Affirmed,False,False,,,False,,False,,Lisa S. Porter,Lee,"DISTRICT COURT OF APPEAL OF FLORIDA SECOND DISTRICT W. ALECS DEAN, Appellant, v. JACLYN DIANE BEVIS, Appellee. No. 2D20-2859 December 1, 2021 Appeal from the Circuit Court for Lee County; Lisa S. Porter, Judge. Eric J. Friday of Eric Friday Law, P.A., Jacksonville",,,,,,8835,
oSrc2r6Sfwo,2D20 1734,2D2020-1734,True,REGINALD MITCHELL  vs FLORIDA SOUTHWESTERN STATE COLLEGE,2021-05-26,affirm,Affirmed,True,False,,Khouzam; Kelly; Labrit,False,,False,,,,,"LLEGE, ) ) Appellee. ) ) Opinion filed May 26, 2021. Appeal from the Circuit Court for Lee County; James R. Shenko, Judge. Benjamin H. Yormak of Yormak Employment & Disability Law, Bonita Springs, for Appellant. Hala Sandridge, Jarrett Davis, and Chance Lyman of Buchanan Ingersol & Rooney, PC, Tampa",,,,,1166,
oU914dYUqNs,2D19-1609,2D2019-1609,True,"THE ESTATE OF WILLIAM J. VAN TASSEL, JR., by and through SHEILA VAN TASSEL, as Personal Representative vs TAMPA ELECTRIC COMPANY AND CHARTER COMMUNICATIONS, INC., d/b/a SPECTRUM",2020-12-09,affirm,Affirmed,True,False,,Silberman; Sleet; Rothstein-Youakim,False,,False,,,,"pellees. ) ___________________________________) Opinion filed December 9, 2020. Appeal from the Circuit Court for Hillsborough County; Paul L. Huey, Judge. Charles M. Schropp and Charles P. Schropp of Schropp Law Firm, P.A., Tampa; and George C. Kezemides of George C. Kezemides, P.A., Tarpon Springs",,,,,,1570,
oWy0swn8vM8,2D20 525,2D2020-0525,True,PAULINA PFLUEGER AND ADRIAN P. FERIA RODRIGUEZ  vs PEOPLE'S TRUST INSURANCE COMPANY,2022-01-19,affirm,Affirmed,True,False,,Northcutt; Atkinson; Smith,False,,False,,Hugh D. Hayes,Collier,," Court for Collier County; Hugh D. Hayes, Judge. Erin M. Berger and Melissa A. Giasi of Giasi Law, P.A., Tampa, for Appellants. Mark D. Tinker and Mary Lou Cuellar-Stilo of Cole, Scott & Kissane, P.A., Tampa, and Brett Frankel and Jonathan Sabghir of People's Trust Insurance Company, Deerfield Beach",,,,,913,
oajbSPUsNwQ,2D21 3363,2D2021-3363,True,"DAVID HALPERN, M. D.  vs JOSEPH CASTELLANO, M. D.",2022-06-08,denied,Denied,True,False,,Casanueva; Silberman; Smith,False,,False,,,,,,,,,,903,
odBoxIekD_Q,2D19-4853,2D2019-4853,True,"LEONARD E. CORTELLI, JR.  vs JULIA HOWELL - CORTELLI",2021-02-19,affirm,Affirmed,True,False,,Silberman; Black; Labrit,False,,False,,,,"ellee. ) ___________________________________) Opinion filed February 19, 2021. Appeal from the Circuit Court for Hillsborough County; Darren D. Farfante, Judge. Ceci C. Berman and Joseph T. Eagleton of Brannock Humphries & Berman, Tampa; and Seth R. Nelson and Traci L. Koster of Nelson Koster, Tampa"," February 19, 2021. Appeal from the Circuit Court for Hillsborough County; Darren D. Farfante, Judge. Ceci C. Berman and Joseph T. Eagleton of Brannock Humphries & Berman, Tampa; and Seth R. Nelson and Traci L. Koster of Nelson Koster, Tampa, for Appellant. James J. Wimsatt of Ayo & Iken, PLC, Tampa",,,,,1132,
ogMmhgNhau4,2D21 1388,2D2021-1388,True,COREY L. SPANN  vs CHANTELLE R. SPANN,2022-11-04,affirm,Affirmed,True,False,,,False,,False,,Elizabeth Jack,Pinellas,"DISTRICT COURT OF APPEAL OF FLORIDA SECOND DISTRICT COREY L. SPANN, Appellant, v. CHANTELLE R. SPANN, Appellee. No. 2D21-1388 November 4, 2022 Appeal from the Circuit Court for Pinellas County; Elizabeth Jack, Judge. Timothy W. Weber and Jeremy D. Bailie, of Weber, Crabb & Wein, P.A., St. Petersburg","1-1388 November 4, 2022 Appeal from the Circuit Court for Pinellas County; Elizabeth Jack, Judge. Timothy W. Weber and Jeremy D. Bailie, of Weber, Crabb & Wein, P.A., St. Petersburg, for Appellant. Stephen D. Gregg and Peter N. Meros, of Meros, Smith, Lazzara, Brennan & Brennan, P.A., St. Petersburg",,,,,827,
ogd6ep6VJnQ,2D20 3525,2D2020-3525,True,"TRAVEL INSURANCE FACILITIES, PLC  vs NAPLES COMMUNITY HOSPITAL, INC., ET AL",2021-11-05,affirm,Affirmed,False,False,,Sleet; Labrit,False,,False,,,,". BIRCH; CHARLES BIRCH; VIVIA HUTCHINSON; and GRAYE REDFORD, Appellees. No. 2D20-3525 November 5, 2021 Appeal pursuant to Fla. R. App. P. 9.130 from the Circuit Court for Collier County; Elizabeth V. Krier, Judge. Stephen V. Marasia and Edward R. Nicklaus of Nicklaus & Associates, P.A., Coral Gables",,,,,,14279,
ohX24gXG2bQ,24 0493,2D2024-0493,True,"PEREZ v. STRONG, STRONG",2025-03-12,affirm,Affirmed,True,True,,Northcutt; Kelly; Khouzam,False,,False,,Paul L. Huey,Hillsborough,"ICT COURT OF APPEAL OF FLORIDA SECOND DISTRICT DAINELI PEREZ, Appellant, v. KENNETH W. STRONG and MARION STRONG, Appellees. No. 2D2024-0493 March 12, 2025 Appeal from the Circuit Court for Hillsborough County; Paul L. Huey, Judge. Felix G. Montanez of the Law Office of Felix G. Montanez, P.A., Tampa","ant, v. KENNETH W. STRONG and MARION STRONG, Appellees. No. 2D2024-0493 March 12, 2025 Appeal from the Circuit Court for Hillsborough County; Paul L. Huey, Judge. Felix G. Montanez of the Law Office of Felix G. Montanez, P.A., Tampa, for Appellant. Mya M. Hatchette of Maynard Nexsen, PC, Winter Park",,,,,788,
ohe6RKbtQ_Y,22 2922 partial,2D2022-2922,True,"CCP HARBOUR ISLAND, LLC, ET AL VS MANOR AT HARBOUR ISLAND, LLC",2023-10-11,mixed,Affirmed in Part/Reversed in Part - Authored Opinion ~ and remanded.,False,False,Atkinson,Atkinson,False,,False,,,,," Judge. Andrew J. Ghekas and John A. Anthony of Anthony & Partners, LLC, Tampa; James C. Valenti of James C. Valenti, P.A., Lakeland, for Appellants. Brigid F. Cech Samole and Bethany J.M. Pandher of Greenberg Traurig, P.A., Miami; David B. Weinstein and Ryan Hopper of Greenberg Traurig, P.A., Tampa",,,,,57216,
oi2jcdxGO6c,24 0783,2D2024-0783,True,"HUTCHINSON, FITZGERALD v. LWR COMMUNITIES, LLC, SARASOTA COUNTY, FLORIDA",2025-01-29,affirm,Affirmed,True,True,,Sleet; Morris; Smith,False,,False,,,,"ERALD, Appellants, v. SARASOTA COUNTY; BECKY AYECH, and LWR COMMUNITIES, LLC, Appellees. No. 2D2024-0783 January 29, 2025 Appeal from the Department of Commerce. Richard Grosso of Richard Grosso, P.A., Plantation; Shai Ozery of Hartzell-Ozery, P.A., Pompano Beach; and Taylor T. Lang of Boynton Beach","Tallahassee; Eric E. Page and Alyssa L. Cory of Shutts & Bowen, LLP, Tampa; and Caleb J. Grimes, Bill Galvano and Kyle W. Grimes of Grimes Hawkins Gladfetter & Galvano, P.L,, Bradenton, for Appellee LWR Communities, LLC. Karl A. Senkow and David M. Pearce, Sarasota County Attorney's Office, Sarasota",,,,,1290,
olbo7FFmcWA,2D21 226 & 270,2D2021-0226,True,"TOHO GROUP, LLC A/ K/ A THE TOHO GROUP, LLC AND ALL OTHERS IN POSSESSION vs 115 BLACK ORCHID, LLC",2021-10-13,affirm,Affirmed,True,False,,Casanueva; Khouzam; Lucas,False,,False,,Michael C. Baggé-Hernandez,Hillsborough,"OND DISTRICT TOHO GROUP, LLC, a/k/a THE TOHO GROUP, LLC, Appellant, v. 115 BLACK ORCHID, LLC, AND ALL OTHERS IN POSSESSION, Appellees. No. 2D21-226 & 2D21-270 CONSOLIDATED October 13, 2021 Appeal from the County Court for Hillsborough County; Michael C. Baggé-Hernandez, Judge. W. Bart Meacham, Tampa",", v. 115 BLACK ORCHID, LLC, AND ALL OTHERS IN POSSESSION, Appellees. No. 2D21-226 & 2D21-270 CONSOLIDATED October 13, 2021 Appeal from the County Court for Hillsborough County; Michael C. Baggé-Hernandez, Judge. W. Bart Meacham, Tampa, for Appellant. Donald A. Mihokovich of Adams & Reese, LLP, Tampa",,,,,914,
orkr8MVy848,2D20 2501,2D2020-2501,True,"SIGNAL OUTDOOR ADVERTISING , L L C  vs METROPOLITAN SYTSTEMS, INC., ET AL",2021-06-16,mixed,Affirmed in Part/Reversed in Part and remanded.,False,False,,Morris; Smith,False,,False,,,,," Tampa, for Appellant Signal Outdoor Advertising, LLC. Jessica C. Conner of Walker, Revels, Greninger & Netcher, PLLC, Orlando, for Appellant Hillsborough Area Regional Transit Authority. Kristen M. Fiore of Akerman LLP, Tallahassee; and Leslie Joughin III and John L. Dicks II of Akerman, LLP, Tampa",,,,,3551,
osFfndEa0dw,2D20 1764,2D2020-1764,True,"SYNERGY CONTRACTING GROUP, INC.  vs FEDERATED NATIONAL INSURANCE CO.",2021-08-25,affirm,Affirmed,True,False,,Silberman; Black; Sleet,False,,False,,Ralph C. Stoddard,Hillsborough,"LORIDA SECOND DISTRICT SYNERGY CONTRACTING GROUP, INC., a/a/o Lisa Schmiedeke, Appellant, v. FEDERATED NATIONAL INSURANCE COMPANY, Appellee. No. 2D20-1764 August 25, 2021 Appeal from the Circuit Court for Hillsborough County; Ralph C. Stoddard, Judge. Andrew Graf of Battisti Felce, P.A., Celebration","ONAL INSURANCE COMPANY, Appellee. No. 2D20-1764 August 25, 2021 Appeal from the Circuit Court for Hillsborough County; Ralph C. Stoddard, Judge. Andrew Graf of Battisti Felce, P.A., Celebration, for Appellant. Kenneth A. Hall and David T. Burr of Galloway, Johnson, Tompkins, Burr & Smith, PLC, Tampa",,,,,836,
ozL177j52GA,22 2663,2D2022-2663,True,"MARIN ASSOCIATES, LLC, MARIN v. CHASE HOME FINANCE, LLC",2025-03-05,affirm,Affirmed,True,True,,Northcutt; Villanti; Atkinson,False,,False,,Andrea McHugh,Sarasota,"CT COURT OF APPEAL OF FLORIDA SECOND DISTRICT MARIN ASSOCIATES, LLC, and GUILLERMO L. MARIN, Appellants, v. CHASE HOME FINANCE, LLC, Appellee. No. 2D2022-2663 March 5, 2025 Appeal from the Circuit Court for Sarasota County; Andrea McHugh, Judge. David J. Winker of David J. Winker, P.A., Coral Gables",,,,,,799,
p-YH2Q83Rhc,23 0954,2D2023-0954,True,"SRQUS, LLC, GINSBERG-KLEMMT, et al v. BENNETT-HUNT CORPORATION, LAWRENCE POINTE CONDOMINIUM ASSOCIATION, INC., et al",2024-12-06,affirm,Affirmed,True,True,,Kelly; Morris; Lucas,False,,False,,Hunter W. Carroll,Sarasota,"TT-HUNT CORPORATION, a Florida corporation; and CEDARS CONDOMINIUM CORPORATION, a Florida corporation, Appellees. No. 2D2023-0954 December 6, 2024 Appeal from the Circuit Court for Sarasota County; Hunter W. Carroll, Judge. John S. Jaffer, Sarasota and John S. Koda of Brick Business Law, P.A., Tampa","ber 6, 2024 Appeal from the Circuit Court for Sarasota County; Hunter W. Carroll, Judge. John S. Jaffer, Sarasota and John S. Koda of Brick Business Law, P.A., Tampa, for Appellants. Declan P. Mahoney of Fergeson Skipper, P.A., Sarasota and Robert K. Robinson of Rob Robinson Attorney, P.A., Sarasota",,,,,1244,
p-tOIXGOc2M,2D20 198,2D2020-0198,True,"RYAN CHRISTOPHER  vs BANK OF AMERICA, N. A., SUCCESSOR, ET AL.,",2021-08-04,reverse,Reversed and remand for further proceedings.,False,False,Casanueva,Casanueva; Northcutt; Stargel,False,,False,,Lauren L. Brodie,Collier,"me Loans Servicing, LP; VILLA VISTANA HOMEOWNERS ASSOCIATION, INC.; and AMERICAN TECHNOLOGY & SERVICES, INC., Appellees. No. 2D20-198 August 4, 2021 Appeal from the Circuit Court for Collier County; Lauren L. Brodie, Judge. Liam Kelly and Amanda L. Lundergan of Lundergan Legal, LLC, Royal Palm Beach","County; Lauren L. Brodie, Judge. Liam Kelly and Amanda L. Lundergan of Lundergan Legal, LLC, Royal Palm Beach, for Appellant. Jason Joseph of Tromberg Law Group, P.A., Boca Raton, for Appellee Bank of America, N.A. Jason Hamilton Mikes and Anna Danielle Carter of Hamilton Mikes, P.A., Bonita Springs",,,,,11093,
p6tDURk3Cq4,2D19-2903,2D2019-2903,True,"MAURA LEE WAHLBERG, AS TRUSTEE  vs ROY GREVER",2021-04-07,affirm,Affirmed,True,False,,Silberman; Lucas; Labrit,False,,False,,,,," from the Circuit Court for Manatee County; Edward Nicholas, Judge. Kristin A. Norse and Stuart C. Markman of Kynes, Markman & Felman, P.A., Tampa (withdrew after briefing), for Appellant. Maura Lee Wahlberg, individually, pro se. Andrea M. Johnson of Law Office of Andrea M. Johnson, P.A., Bradenton",,,,,1470,
p81JHFiONvU,2D21 487,2D2021-0487,True,"J. CARLTON MITCHELL, ESQ.  vs MICHAEL TODD FLATT",2022-08-05,mixed,Affirmed in Part/Reversed in Part,False,False,Smith,Smith,True,,False,,Michael C. Baggé-Hernández,Hillsborough,,,,,,,36315,
pBlqlC-GoMc,2D22 153,2D2022-0153,True,"GEICO GENERAL INSURANCE COMPANY  vs GLASSCO, INC., AS ASSIGNEE OF G. MERCADO",2022-08-31,denied,Denied,True,False,,Morris; Khouzam; Black,False,,False,,,,,,,,,,1036,
pJtufGBQ1A0,2D19 2362,2D2019-2362,True,GILBERTO MULGADO  vs STATE OF FLORIDA,2021-08-18,affirm,Affirmed,True,False,,Morris; Kelly; Labrit,False,,False,,Joseph C. Fuller,Lee,"DISTRICT COURT OF APPEAL OF FLORIDA SECOND DISTRICT GILBERTO MULGADO, Appellant, v. STATE OF FLORIDA, Appellee No. 2D19-2362 August 18, 2021 Appeal from the Circuit Court for Lee County; Joseph C. Fuller, Judge. Michael Ufferman of Michael Ufferman Law Firm, P.A., Tallahassee","62 August 18, 2021 Appeal from the Circuit Court for Lee County; Joseph C. Fuller, Judge. Michael Ufferman of Michael Ufferman Law Firm, P.A., Tallahassee, for Appellant. Ashley Moody, Attorney General, Tallahassee, and Cerese Crawford Taylor and Jeffrey H. Siegal, Assistant Attorneys General, Tampa",,,,,855,
pKwiaYnEX9U,25 0177,2D2025-0177,True,"BISK EDUCATION, INC v. FSOI, LLC",2026-05-01,affirm,Affirmed.,True,True,,Silberman; Kelly; Rothstein-Youakim,False,,False,,Helene L. Daniel,Hillsborough," OF APPEAL OF FLORIDA SECOND DISTRICT BISK EDUCATION, INC, Appellant, v. FSOI, LLC, Appellee. No. 2D2025-0177 May 1, 2026 Appeal from the Circuit Court for Hillsborough County; Helene L. Daniel, Judge. Kristin A. Norse, Robert W. Ritsch, and Brandon K. Breslow of Kynes, Markman & Felman, P.A., Tampa","ay 1, 2026 Appeal from the Circuit Court for Hillsborough County; Helene L. Daniel, Judge. Kristin A. Norse, Robert W. Ritsch, and Brandon K. Breslow of Kynes, Markman & Felman, P.A., Tampa, for Appellant. Samuel J. Salario, Jessica Slatten, and Brian M. Trujillo of Lawson Huck Gonzalez, PLLC, Tampa",2D2025-0177,https://www.courtlistener.com/opinion/10851623/x/,10851623,11319011,867,
pLYwMgqOUEw,23 322,2D2023-0322,True,MENDEZ v. STATE OF FLORIDA,2024-04-26,affirm,Affirmed,True,True,,Villanti; Black; Atkinson,False,,False,,Dorothy L. Vacarro,Pinellas,"DISTRICT COURT OF APPEAL OF FLORIDA SECOND DISTRICT DEIVIS A. MENDEZ, Appellant, v. STATE OF FLORIDA, Appellee. No. 2D2023-0322 April 26, 2024 Appeal from the County Court for Pinellas County; Dorothy L. Vacarro, Judge. J. Jervis Wise of Brunvand Wise, P.A., Clearwater","4 Appeal from the County Court for Pinellas County; Dorothy L. Vacarro, Judge. J. Jervis Wise of Brunvand Wise, P.A., Clearwater, for Appellant. Ashley Moody, Attorney General, Tallahassee; and Helene S. Parnes, Senior Assistant Attorney General, and Lara E. Breslow, Assistant Attorney General Tampa",,,,,864,
pNsDSdv4AbA,2D22 967,2D2022-0967,True,UNIVERSAL PROPERTY & CASUALTY INSURANCE COMPANY  vs REESE F. KING AND JANET A. KING,2022-09-23,dismissed,Dismissed,True,False,,,False,,False,,,,,,,,,,821,
pNxg-kjhVMg,24 0897,2D2024-0897,True,"CITY OF LARGO, HANSMANN v. LYLES, LYLES",2024-08-23,affirm,Affirmed,True,True,,Casanueva; Silberman; Labrit,False,,False,,,," and JOSHUA LYLES, individually, Appellee. No. 2D2024-0897 August 23, 2024 Appeal pursuant to Fla. R. App. P. 9.130 from the Circuit Court for Pinellas County; Patricia Ann Muscarella, Judge. Elizabeth W. Neiberger, Jamie A. Kilpatrick, and Whynter KJA Morgan- Neal of Bryant Miller Olive P.A., Tampa","st 23, 2024 Appeal pursuant to Fla. R. App. P. 9.130 from the Circuit Court for Pinellas County; Patricia Ann Muscarella, Judge. Elizabeth W. Neiberger, Jamie A. Kilpatrick, and Whynter KJA Morgan- Neal of Bryant Miller Olive P.A., Tampa, for Appellants. Crystal Sebago of Crystal Sebago, P.A., Tampa",,,,,942,
pRgeCysmS9M,23 1694,2D2023-1694,True,"U. S. BANK TRUST, N. A., AS TRUSTEE, LSF9 MASTER PARTICIPATION TRUST v. RODRIGUEZ, UNITED STATES OF AMERICA, ON BEHALF OF HOUSING AND URBAN DEV., et al",2024-11-22,other,Reverse the judgement on appeal and remand for further proceedings consistent with this opinion.,False,False,Northcutt,Northcutt; Sleet; Labrit,False,,False,,Charles Sniffen,Manatee,"ELECTRONIC REGISTRATION SYSTEMS, INC., as nominee for Urban Financial Group, Inc. Appellees. No. 2D2023-1694 November 22, 2024 Appeal from the Circuit Court for Manatee County; Charles Sniffen, Judge. Adam A. Diaz, Roy A. Diaz, and Kathleen Achille of Diaz Anselmo & Associates, P.A., Fort Lauderdale","nee for Urban Financial Group, Inc. Appellees. No. 2D2023-1694 November 22, 2024 Appeal from the Circuit Court for Manatee County; Charles Sniffen, Judge. Adam A. Diaz, Roy A. Diaz, and Kathleen Achille of Diaz Anselmo & Associates, P.A., Fort Lauderdale, for Appellant. John P. Fleck, Jr., Bradenton",,,,,7362,
pT15zajxktA,22 4106,2D2022-4106,True,"JO ANN DANIELS VS READYCAP LENDING, LLC",2024-03-06,reverse,Reversed - Authored Opinion,False,False,Black,Black; Sleet; Rothstein-Youakim,False,,False,,Susan G. Barthle,Pasco,"DISTRICT COURT OF APPEAL OF FLORIDA SECOND DISTRICT JO ANN DANIELS, Appellant, v. READYCAP LENDING, LLC, Appellee. No. 2D22-4106 March 6, 2024 Appeal from the Circuit Court for Pasco County; Susan G. Barthle, Judge. Chance Lyman and Steven C. Pratico of Buchanan Ingersoll & Rooney PC, Tampa","rcuit Court for Pasco County; Susan G. Barthle, Judge. Chance Lyman and Steven C. Pratico of Buchanan Ingersoll & Rooney PC, Tampa, for Appellant. Jonathan S. Glickman and Daniel A. Miller of Slusher & Rosenblum, P.A., West Palm Beach; and Daniel A. Miller of Daniel A. Miller, P.A., Royal Palm Beach",,,,,10782,
pW9v23I4ay0,2D19-3378,2D2019-3378,True,ANGELA W. RUIZ  vs SHERI NELSON PEACOCK,2020-07-08,denied,Denied,True,False,,,False,,False,,,,,,,,,,1275,
pYApZlF1Ri8,2D21 1021,2D2021-1021,True,"TIDEWELL HOSPICE, INC.  vs AGENCY FOR HEALTHCARE ADMINISTRATION, ET AL.",2022-04-20,affirm,Affirmed,True,False,,,False,,False,,,,"LL HOSPICE, INC., Appellant, v. CONTINUUM CARE OF SARASOTA, LLC, Appellee/Cross-Appellant, v. AGENCY FOR HEALTHCARE ADMINISTRATION, Appellee. No. 2D21-1021 April 20, 2022 Appeal from the Agency for Health Care Administration. Jeffrey L. Frehn and Angela D. Miles, Radey Law Firm, P.A., of Tallahassee","LTHCARE ADMINISTRATION, Appellee. No. 2D21-1021 April 20, 2022 Appeal from the Agency for Health Care Administration. Jeffrey L. Frehn and Angela D. Miles, Radey Law Firm, P.A., of Tallahassee, for Appellant. Geoffrey E. Smith, Susan C. Smith, and Sabrina B. Dieguez, Smith & Associates, of Melbourne",,,,,1088,
pdpMnUtOolY,24 0631,2D2024-0631,True,"JOHNSON v. CARROL OAKS HOMEOWNERS ASSOCIATION, INC.",2025-04-23,unknown,,False,False,Northcutt,Northcutt; Kelly; Silberman,False,,False,Silberman,Miriam V. Valkenburg,Hillsborough,," SPLIT SECOND TOWING & TRANSPORT, INC., Appellees. No. 2D2024-0631 April 23, 2025 Appeal from the County Court for Hillsborough County; Miriam V. Valkenburg, Judge. Eduardo A. Maura and Luis F. Quesada of Ayala Law, P.A., Miami, for Appellant. Gregory S. Grossman of Greenberg Nikoloff, P.A., Dunedin",,,,,9311,
pgZ5P20q8Ao,2D19-3394,,False,,,,,,,,,,,,,,,,,,,,,,
pjc6L2tSzpI,23 72,2D2023-0072,True,"ZAHAV REFI, LLC, ZAHAV FLORIDA, LLC, et al v. WHITE HAWK ASSET MANAGEMENT, INC.",2024-04-17,affirm,Affirmed,False,False,Casanueva,Casanueva; Northcutt; Silberman,False,,False,,Melissa M. Polo,Hillsborough,," LLC, Appellants, v. WHITE HAWK ASSET MANAGEMENT, INC., Appellee. No. 2D2023-0072 April 17, 2024 Appeal from the Circuit Court for Hillsborough County; Melissa M. Polo, Judge. Dwayne A. Robinson of Kozyak Tropin & Throckmorton LLP, Miami, for Appellants. Matthew D. Wolf of Ivanov & Wolf, PLLC, Tampa",,,,,14026,
pm8HfL8IJGg,22 3778,2D2022-3778,True,"DERYLS B. FERNANDEZ AND J&D FINANCIAL SOLUTIONS, LLC VS LUIS MORALES AND DAIMY NIETO",2023-12-01,affirm,Affirmed - Per Curiam Affirmed,True,True,,Northcutt; Casanueva; Silberman,False,,False,,Emmett Lamar Battles,Hillsborough,"S B. FERNANDEZ and J&D FINANCIAL SOLUTIONS, LLC, Appellants, v. LUIS MORALES and DAIMY NIETO, Appellees. No. 2D22-3778 December 1, 2023 Appeal from the Circuit Court for Hillsborough County; Emmett Lamar Battles, Judge. Richard T. Fuerst and Brian P. Battaglia of Bleakley Bavol Denman & Grace, Tampa","NIETO, Appellees. No. 2D22-3778 December 1, 2023 Appeal from the Circuit Court for Hillsborough County; Emmett Lamar Battles, Judge. Richard T. Fuerst and Brian P. Battaglia of Bleakley Bavol Denman & Grace, Tampa, for Appellants. Felix G. Montanez of The Law office of Felix G. Montanez, P.A., Tampa",,,,,879,
pp8NhNZnHlo,2D21 95,2D2021-0095,True,"H C A HEALTH SERVICES OF FLORIDA, INC., D/ B/ A BLAKE MEDICAL CENTER  vs BETTY J. BRETT, ET AL",2021-08-25,denied,Denied,True,False,,Silberman; Black; Sleet,False,,False,,,,,,,,,,1354,
ppKy0l3OVng,2D18 409,2D2018-0409,True,"EVA LANA SILVER A/K/A EVA LANA AND MAX LANA  vs PLATO J. ALEXANDER, ET AL.,",2021-10-20,affirm,Affirmed,True,False,,Casanueva; Kelly; Rothstein-Youakim,False,,False,,Jack Day,Pinellas,,"DISTRICT COURT OF APPEAL OF FLORIDA SECOND DISTRICT EVA LANA and MAX LANA, Appellants, v. PLATO J. ALEXANDER, Appellee. No. 2D18-409 October 20, 2021 Appeal from the Circuit Court for Pinellas County; Jack Day, Judge. Eva Lana and Max Lana, pro se. George J. Felos of Felos & Felos, P.A., Dunedin",,,,,761,
pyWcfuEWY24,23 0191,2D2023-0191,True,DELGADO v. STATE OF FLORIDA,2024-06-14,affirm,Affirmed,True,True,,Kelly; Villanti; Lucas,False,,False,,Stephen Mathew Whyte,Manatee,"DISTRICT COURT OF APPEAL OF FLORIDA SECOND DISTRICT ISRRAEL DELGADO, Appellant, v. STATE OF FLORIDA, Appellee. No. 2D2023-0191 June 14, 2024 Appeal from the Circuit Court for Manatee County; Stephen Mathew Whyte, Judge. J. Jervis Wise of Brunvand Wise, P.A., Clearwater","TATE OF FLORIDA, Appellee. No. 2D2023-0191 June 14, 2024 Appeal from the Circuit Court for Manatee County; Stephen Mathew Whyte, Judge. J. Jervis Wise of Brunvand Wise, P.A., Clearwater, for Appellant. Ashley Moody, Attorney General, Tallahassee; Kiersten E. Jensen, Assistant Attorney General, Tampa",,,,,807,
q0GZkCGatkw,22 120,2D2022-0120,True,"VBK SANTOSHI, LLC VS CHICAGO TITLE INSURANCE COMPANY, ET AL.",2023-07-12,affirm,Affirmed - Authored Opinion,False,False,Atkinson,Atkinson,False,,False,,"James M. Barton, II, and Sandra Taylor",Hillsborough,"VBK SANTOSHI, LLC, Appellant, v. CHICAGO TITLE INSURANCE COMPANY; JAI HANUMAN, INC.; and JITENDRA MAKANJI, Appellees. No. 2D22-120 July 12, 2023 Appeal from the Circuit Court for Hillsborough County; James M. Barton, II, and Sandra Taylor, Judges. Sherman M. Brod of Law Office of Sherman Brod, Tampa",,,,,,22250,
q0p7F2oT5Uk,2D20 3486,2D2020-3486,True,CHRISTOPHER VERVILLE  vs NICOLE VERVILLE A/K/A NICOLE MICHELLE DE VOY,2021-12-03,affirm,Affirmed,True,False,,Villanti; Khouzam; Rothstein-Youakim,False,,False,,Thomas Krug,Sarasota,"ISTRICT CHRISTOPHER VERVILLE, Appellant, v. NICOLE VERVILLE, n/k/a NICOLE MICHELLE DeVOY, Appellee. No. 2D20-3486 December 3, 2021 Appeal from the Circuit Court for Sarasota County; Thomas Krug, Judge. Jaime Wallace and Mark C. Dungan of Icard, Merrill, Cullis, Timm, Furen & Ginsberg, P.A., Sarasota","Appellant, v. NICOLE VERVILLE, n/k/a NICOLE MICHELLE DeVOY, Appellee. No. 2D20-3486 December 3, 2021 Appeal from the Circuit Court for Sarasota County; Thomas Krug, Judge. Jaime Wallace and Mark C. Dungan of Icard, Merrill, Cullis, Timm, Furen & Ginsberg, P.A., Sarasota, for Appellant. No appearance",,,,,843,
q3MRcMbkzh0,2D20 2189,2D2020-2189,True,"JENNIFER NORDEN  vs WALMART STORES EAST, L P, ET AL",2021-06-25,affirm,Affirmed,True,False,,Silberman; Black; Lucas,False,,False,,Declan P. Mansfield,Pasco,"DISTRICT COURT OF APPEAL OF FLORIDA SECOND DISTRICT JENNIFER NORDEN, Appellant, v. WALMART STORES EAST, LP, Appellee. No. 2D20-2189 June 25, 2021 Appeal from the Circuit Court for Pasco County; Declan P. Mansfield, Judge. Brian J. Lee of Morgan & Morgan, Jacksonville",,,,,,768,
q3PB1gnvcoA,2D19-2309,2D2019-2309,True,GREGORY FRANK TOTH  vs STEPHANIE MILLER - TOTH,2021-01-06,affirm,Affirmed,True,False,,Khouzam; Rothstein-Youakim; Stargel,False,,False,,,,"ICT GREGORY TOTH, ) ) Appellant, ) ) v. ) Case No. 2D19-2309 ) STEPHANIE MILLER-TOTH, ) ) Appellee. ) ___________________________________) Opinion filed January 6, 2021. Appeal from the Circuit Court for Lee County; G. Keith Cary, Judge. Robert L. Donald of Law Office of Robert L. Donald, Fort Myers","021. Appeal from the Circuit Court for Lee County; G. Keith Cary, Judge. Robert L. Donald of Law Office of Robert L. Donald, Fort Myers, for Appellant. Stacy L. Haverfield of Stacy L. Haverfield, P.A., Cape Coral; and Margaret H. White- Small of Margaret H. White-Small, Attorney at Law, Longboat Key",,,,,1174,
q4uxuUlxAVU,24 0465,2D2024-0465,True,JESMER v. JESMER,2025-02-21,affirm,Affirmed,True,True,,,False,,False,,Jennifer X. Gabbard,Hillsborough,"DISTRICT COURT OF APPEAL OF FLORIDA SECOND DISTRICT JACK JESMER, Appellant, v. JANA JESMER, Appellee. No. 2D2024-0465 February 21, 2025 Appeal from the Circuit Court for Hillsborough County; Jennifer X. Gabbard, Judge. J. Stanford Lifsey, Tampa","DISTRICT COURT OF APPEAL OF FLORIDA SECOND DISTRICT JACK JESMER, Appellant, v. JANA JESMER, Appellee. No. 2D2024-0465 February 21, 2025 Appeal from the Circuit Court for Hillsborough County; Jennifer X. Gabbard, Judge. J. Stanford Lifsey, Tampa, for Appellant. Terence S. Moore, Tampa",,,,,711,
q6wPGrPlJZo,24 0306,2D2024-0306,True,"QOL MEDICAL, LLC v. SHAWNA SCHOENBECK",2026-04-08,affirm,Affirmed.,True,True,,Lucas; Black; Sleet,False,,False,,W. Douglas Baird,Pinellas,"DA SECOND DISTRICT QOL MEDICAL, LLC, Appellant, v. SHAWNA SCHOENBECK, Appellee. No. 2D2024-0306 April 8, 2026 Appeal from the Circuit Court for Pinellas County; W. Douglas Baird, Senior Judge. Kristen M. Fiore of Akerman LLP, Tallahassee; Phillip J. Harris and Emily C. Ayvazian of Akerman LLP, Tampa","ee. No. 2D2024-0306 April 8, 2026 Appeal from the Circuit Court for Pinellas County; W. Douglas Baird, Senior Judge. Kristen M. Fiore of Akerman LLP, Tallahassee; Phillip J. Harris and Emily C. Ayvazian of Akerman LLP, Tampa, for Appellant. Scott L. Terry and Christopher D. Gray of Florin Gray, Lutz",2D2024-0306,https://www.courtlistener.com/opinion/10839190/x/,10839190,11306534,833,
qEUILrzfdvE,25 0620,2D2025-0620,True,BRIAN SCHILLING v. PROGRESSIVE EXPRESS INSURANCE COMPANY,2025-10-03,affirm,Affirmed.,True,True,,Lucas; Black; Atkinson,False,,False,,Susan G. Barthle,Pasco," COURT OF APPEAL OF FLORIDA SECOND DISTRICT BRIAN SCHILLING, Appellant, v. PROGRESSIVE EXPRESS INSURANCE COMPANY, a foreign profit company, Appellee. No. 2D2025-0620 October 3, 2025 Appeal from the Circuit Court for Pasco County; Susan G. Barthle, Judge. George A. Vaka of Vaka Law Group, P.L., Tampa","NY, a foreign profit company, Appellee. No. 2D2025-0620 October 3, 2025 Appeal from the Circuit Court for Pasco County; Susan G. Barthle, Judge. George A. Vaka of Vaka Law Group, P.L., Tampa, for Appellant. Samantha Epstein, Robert O'Malley, and E. Holland Howanitz of Tyson Mendes, LLP, Jacksonville",2D2025-0620,https://www.courtlistener.com/opinion/10751704/x/,10751704,11218289,861,
qGG10VhMIdM,21 3564,2D2021-3564,True,"CONSERVATORY PROPERTIES, INC.  vs JOHN C. DESROSIERS, ET AL.",2023-03-01,affirm,Affirmed,True,False,,Morris; Casanueva; Smith,False,,False,,Lee H. Haworth,Sarasota,"/a/d December 31, 1994; JOANN DESROSIERS; NICHOLAS GLADDING, and DANIELLE GLADDING, Appellees. No. 2D21-3564 March 1, 2023 Appeal from the Circuit Court for Sarasota County; Lee H. Haworth, Senior Judge. David A. Wallace, Amanda R. Kison, and Caroleen B. Brej of Bentley Goodrich Kison P.A., Sarasota","om the Circuit Court for Sarasota County; Lee H. Haworth, Senior Judge. David A. Wallace, Amanda R. Kison, and Caroleen B. Brej of Bentley Goodrich Kison P.A., Sarasota, for Appellant. Martin Garcia and Josh R. Dell of Garciadell P.A.; and Dana J. Watts Ulrich, Scarlett, Watts & Dean, P.A., Sarasota",,,,,1308,
qK-rHrDOUE4,2D22 1325,2D2022-1325,True,"WIELAND CORPORATION  vs VENETIAN MULTI FAMILY, LLC, ET AL.,",2022-10-26,denied,Denied,True,False,,Morris; Casanueva; Villanti,False,,False,,,,,,,,,,1133,
qMKnVPSLZL0,2D19-4313,,False,,,,,,,,,,,,,,,,,,,,,,
q_Ojj66TCMM,2D22 56,2D2022-0056,True,"CATHERINE A. HOLTHAM AND PATRICIA M. HOLTHAM vs IN RE: ESTATE OF FRANK C. HOLTHAM, SR.",2022-12-02,affirm,Affirmed,True,False,,Villanti; Atkinson; Smith,False,,False,,Charles E. Williams,Sarasota,"ive of the Estate of Frank C. Holtham, Sr., deceased, Appellee. No. 2D22-56 December 2, 2022 Appeal from the Circuit Court for Sarasota County; Charles E. Williams, Judge. William E. Boyes of Boyes, Farina & Matwiczyk, P.A., Palm Beach Gardens, and J. Richard Caskey of J. Richard Caskey, P.A., Tampa","2D22-56 December 2, 2022 Appeal from the Circuit Court for Sarasota County; Charles E. Williams, Judge. William E. Boyes of Boyes, Farina & Matwiczyk, P.A., Palm Beach Gardens, and J. Richard Caskey of J. Richard Caskey, P.A., Tampa, for Appellants. Barry F. Spivey of Barry F. Spivey, P.A., Sarasota",,,,,904,
qc9FBzrjbbs,2D19-247,,False,,,,,,,,,,,,,,,,,,,,,,
qdyyZC1hfD4,2D22 588,2D2022-0588,True,"TARA LIBARDI VS PAVIMENTO, INC. AND ENCORE PEO, INC.",2023-06-09,reverse,Reversed - Authored Opinion ~ and remanded. **CORRECTED**,False,False,Northcutt,Northcutt,False,,False,,Amy M. Williams,Pinellas,". PAVIMENTO, INC., a Florida for profit corporation, and ENCORE PEO, INC., a foreign for profit corporation, Appellees. No. 2D22-588 June 9, 2023 Appeal from the Circuit Court for Pinellas County; Amy M. Williams, Judge. Ryan D. Barack and Michelle Erin Nadeau of Kwall Barack Nadeau PLLC, Clearwater",". 2D22-588 June 9, 2023 Appeal from the Circuit Court for Pinellas County; Amy M. Williams, Judge. Ryan D. Barack and Michelle Erin Nadeau of Kwall Barack Nadeau PLLC, Clearwater, for Appellant. Kristen M. Fiore and Phillip J. Harris of Akerman LLP, Tampa, for Appellee Encore PEO, Inc. No appearance",,,,,9906,
qfUL6BFk32k,2D20 3468,2D2020-3468,True,"THE LAW OFFICES OF KANNER & PINTALUGA, P. A.  vs THE LAW OFFICES OF SCHWARTZ & ZONAS, LLP",2021-09-03,affirm,Affirmed,True,False,,Casanueva; Rothstein-Youakim; Atkinson,False,,False,,Lauren Brodie,Collier,"F KANNER & PINTALUGA, P.A., Appellant, v. LAW OFFICES OF SCHWARTZ & ZONAS, LLP, Appellee. No. 2D20-3468 September 3, 2021 Appeal from the Circuit Court for Collier County; Lauren Brodie, Judge. Mahra Sarofsky, Jennifer Rosenblum, and Jonathan S. Glickman of Slusher & Rosenblum, P.A., West Palm Beach","ee. No. 2D20-3468 September 3, 2021 Appeal from the Circuit Court for Collier County; Lauren Brodie, Judge. Mahra Sarofsky, Jennifer Rosenblum, and Jonathan S. Glickman of Slusher & Rosenblum, P.A., West Palm Beach, for Appellant. Alan F. Hamisch and James J. Zonas of Hamisch & Hurvitz, PLLC, Naples",,,,,867,
qffDzqvJ-Bk,24 1992,,False,,,,,,,,,,,,,,,,,,,,,,
qk4YbiebW4E,2D21 3895,2D2021-3895,True,"CONCERT PLANTATION, LLC AND PLANTATION GOLF & COUNTRY CLUB, INC. vs JOHN DORSO, ET AL",2022-12-05,affirm,Affirmed,False,False,Rothstein-Youakim,Rothstein-Youakim,True,,False,,,,,"pa, for Appellant Concert Plantation, LLC; Terrance W. Anderson, Jr., of Nelson Mullins, Boca Raton, and Andrew P. Marcus of Law Office of Andrew P. Marcus, P.A., Fort Myers, for Appellant Plantation Golf and Country Club, Inc. Jennifer Anne Gore Maglio and Benjamin A. Christian, of mctlaw, Sarasota",,,,,23418,
qkwbG9I7fUs,2D20 3408,2D2020-3408,True,"DARIEN PEASE, JR.  vs STATE OF FLORIDA",2022-03-09,affirm,Affirmed,True,False,,Black; Lucas; Atkinson,False,,False,,Mark R. Wolfe,Hillsborough,"F FLORIDA SECOND DISTRICT DARIEN JAROD PEASE, JR., Appellant, v. STATE OF FLORIDA, Appellee. No. 2D20-3408 March 9, 2022 Appeal from the Circuit Court for Hillsborough County; Mark R. Wolfe, Judge. Howard L. Dimmig, II, Public Defender, and Nicholas Martino, Special Assistant Public Defender, Bartow",,,,,,887,
qnbeQPiXLag,23 1718,2D2023-1718,True,"GALVIN v. SUMNER, ADVANCE STORES COMPANY, INC., et al",2024-11-06,affirm,Affirmed,True,True,,Northcutt; Silberman; Kelly,False,,False,,Paul L. Huey,Hillsborough,"SUMNER and ADVANCE STORES COMPANY, INCORPORATED, d/b/a ADVANCE AUTO PARTS, Appellees. No. 2D2023-1718 November 6, 2024 Appeal from the Circuit Court for Hillsborough County; Paul L. Huey, Judge. Samuel Alexander, Misti H. Zaruches Barnett and Michael J. Ellis of Alexander Appellate Law, P.A., DeLand","-1718 November 6, 2024 Appeal from the Circuit Court for Hillsborough County; Paul L. Huey, Judge. Samuel Alexander, Misti H. Zaruches Barnett and Michael J. Ellis of Alexander Appellate Law, P.A., DeLand, for Appellant. Richard W. Ervin and Robert W. Bleakley of Bleakley Bavol Denman & Grace, Tampa",,,,,905,
qo8EIH2jfFc,2D19-4215,2D2019-4215,True,"WILLIAM CHRISTOPHER PFANNKUCH AND KATHY KELLY, AS PERSONAL REPRESENTATIVE OF THE ESTATE OF DYLAN GONZALEZ vs MONICA MOYE REAS AND DALTON REAS",2021-01-20,affirm,Affirmed,True,False,,Morris; Sleet; Lucas,False,,False,,,,,"AS, ) ) Appellees. ) ) Opinion filed January 20, 2021. Appeal from the Circuit Court for Charlotte County; Lisa Porter, Judge. Philip D. Parrish of Philip D. Parrish, P.A., Miami; and Keith S. Brais and Michelle Y. Gurian of Brais Law Firm, Miami, for Appellants. Hinda Klein of Conroy Simberg, Miami",,,,,1390,
qpwjjtglyu0,2D19-2807,2D2019-2807,True,"JONATHAN PRATUS  vs MARZUCCO'S CONSTRUCTION & COATINGS, INC.",2021-01-15,reverse,Reversed and remanded.,False,False,Labrit,Labrit; Casanueva; Villanti,False,,False,,,,"STRICT JONATHAN PRATUS, ) ) Appellant, ) ) v. ) Case No. 2D19-2807 ) MARZUCCO'S CONSTRUCTION ) & COATINGS, INC., ) ) Appellee. ) ) Opinion filed January 15, 2021. Appeal from the Circuit Court for Lee County; Alane C. Laboda, Judge. Alexander Brockmeyer of Boyle, Leonard & Anderson, P.A., Fort Myers","ARZUCCO'S CONSTRUCTION ) & COATINGS, INC., ) ) Appellee. ) ) Opinion filed January 15, 2021. Appeal from the Circuit Court for Lee County; Alane C. Laboda, Judge. Alexander Brockmeyer of Boyle, Leonard & Anderson, P.A., Fort Myers, for Appellant. Robert Anderson of Yeslow & Koeppel, P.A., Fort Myers",,,,,13034,
qrH0oSiBn4A,2D19-3306,2D2019-3306,True,JERRY BAKER AND WENDY BAKER  vs CITIZENS PROPERTY INSURANCE CORP.,2021-02-05,affirm,Affirmed,True,False,,Silberman; Atkinson; Smith,False,,False,,,,,"pellee. ) ___________________________________) Opinion filed February 5, 2021. Appeal from the Circuit Court for Pasco County; Declan P. Mansfield, Judge. Kurt J. Rosales and George A. Vaka of Vaka Law Group, P.L., Tampa, for Appellants. Lauren J. Smith of Luks, Santaniello, Petrillo & Cohen, Stuart",,,,,1106,
qseTPui0z-g,22 3197,2D2022-3197,True,"EMILY RENNHACK VS WALMART STORES EAST, L P, D/B/A WALMART, INC., ET AL.",2023-11-08,affirm,Affirmed - Per Curiam Affirmed,True,True,,Kelly; Villanti; Black,False,,False,,,," to Fla. R. App. P. 9.130 from the Circuit Court for Manatee County; Edward Nicholas, Judge. Bard D. Rockenbach of Burlington & Rockenbach, P.A., West Palm Beach; W. Nelon Kirkland of Dye, Harrison, Kirkland, Petruff & Pratt, PLLC, Bradenton; and Thomas P. Whitaker, Jr. of Kingdom Counsel, Bradenton","n, Kirkland, Petruff & Pratt, PLLC, Bradenton; and Thomas P. Whitaker, Jr. of Kingdom Counsel, Bradenton, for Appellant. Jack R. Reiter and Sydney M. Feldman of GrayRobinson, Miami, for Appellees Wal-Mart Stores East, LP and Wal-Mart Stores, Inc. Trina S. Hearn and Andrew S. Bolin of Bolin Law Group",,,,,1399,
qtb1TB5sdBg,2D21 2795,2D2021-2795,True,"CHARLES DAVIS  vs BANK OF AMERICA, N. A., ET AL.",2022-09-30,mixed,Affirmed in Part/Reversed in Part ; and remanded.,False,False,Silberman,Silberman; Casanueva; Smith,False,,False,,,,,,,,,,18870,
qu7GbE4rGk0,24 1281,2D2024-1281,True,Stoudt v. Hildebrand,2025-06-27,affirm,Affirmed,True,True,,Northcutt; Morris; Moe,False,,False,,Kimberly Sharpe Byrd,Pasco,"DISTRICT COURT OF APPEAL OF FLORIDA SECOND DISTRICT TRACI STOUDT, Appellant, v. PAUL HILDEBRAND, Appellee. No. 2D2024-1281 June 27, 2025 Appeal from the Circuit Court for Pasco County; Kimberly Sharpe Byrd, Judge. Brandon K. Breslow and Kristin A. Norse of Kynes, Markman & Felman, P.A., Tampa","e 27, 2025 Appeal from the Circuit Court for Pasco County; Kimberly Sharpe Byrd, Judge. Brandon K. Breslow and Kristin A. Norse of Kynes, Markman & Felman, P.A., Tampa, for Appellant. Dorothy Venable Fiore of Quintairos, Prieto, Wood & Boyer, P.A., Tampa and Raymond A. Haas of HD Law Partners, Tampa",,,,,848,
qxsO_2_o6Uo,22 2429,2D2022-2429,True,"ELSBERRY, ELSBERRY v. CARPENTER",2024-07-12,affirm,Affirmed,True,True,,Northcutt; Silberman; Kelly,False,,False,,Helene L. Daniel,Hillsborough,"WRENCE ELSBERRY and DAWN ELSBERRY, Appellants, v. GREGORY RANCE MOORE, as personal representative of the Estate of Charles Carpenter, Appellee. No. 2D2022-2429 July 12, 2024 Appeal from the Circuit Court for Hillsborough County; Helene L. Daniel, Judge. Bruce J. Sperry of Sperry Law Firm, Plant City",,,,,,815,
r3m_9UP2WGc,2D19 2836,2D2019-2836,True,"CITY OF NAPLES, FLORIDA AND JILL GASS  vs CHOPS CITY GRILL, INC.",2021-12-29,reverse,Reversed and remanded.,False,False,Silberman,Silberman; Black; Sleet,False,,False,,Hugh D. Hayes,Collier,," from the Circuit Court for Collier County; Hugh D. Hayes, Judge. Christopher D. Donovan, James D. Fox and Sara F. Hall of Roetzel & Andress, LPA, Naples, for Appellant City of Naples. Brian J. Lee of Morgan & Morgan, Jacksonville, for Appellant Jill Gass. Sharon C. Degnan of Kubicki Draper, Orlando",,,,,10694,
r6cRkJE-ZmQ,25 127,2D2025-0127,True,"FIRST ACCEPTANCE INSURANCE COMPANY, INC. v. AUTO GLASS AMERICA, LLC as ASSIGNEE OF KAYLA JOHNSON",2026-03-06,affirm,Affirmed.,True,True,,,False,,False,,Jeremy Randall Griner,Hillsborough," INC., Appellant, v. AUTO GLASS AMERICA, LLC as ASSIGNEE OF KAYLA JOHNSON, Appellee. No. 2D2025-0127 March 6, 2026 Appeal from the County Court for Hillsborough County; Jeremy Randall Griner, Judge. Joseph Clancy and William J. McFarlane, III of McFarlane Law McFarlane, Dolan & Prince, Coral Springs",,2D2025-0127,https://www.courtlistener.com/opinion/10804769/x/,10804769,11271504,919,
r8da22UOHqQ,2D19-4139,,False,,,,,,,,,,,,,,,,,,,,,,
rCAmFPV2ik8,25 0674,2D2025-0674,True,"XYZ 300, LLC, a Florida Limited Liability Company LLC v. CITY OF ST. PETERSBURG",2026-02-04,affirm,Affirmed.,False,False,,Northcutt; Kelly,False,,False,,Thomas M. Ramsberger,Pinellas,"as trustee of the Mirror Lake Land Trust UAD March 20, 2013, Appellant, v. CITY OF ST. PETERSBURG, Appellee. No. 2D2025-0674 February 4, 2026 Appeal from the Circuit Court for Pinellas County; Thomas M. Ramsberger, Judge. Matthew D. Weidner and Jason Michael Kral of Weidner Law, P.A., St. Petersburg"," Appeal from the Circuit Court for Pinellas County; Thomas M. Ramsberger, Judge. Matthew D. Weidner and Jason Michael Kral of Weidner Law, P.A., St. Petersburg, for Appellant. Jackie Kovilaritch, City Attorney, and Joseph P. Kelly, Assistant City Attorney, Office of the City Attorney, St. Petersburg",2D2025-0674,https://www.courtlistener.com/opinion/10783937/x/,10783937,11250575,14177,
rDKUAcaJ5kU,22 1459,2D2022-1459,True,"SALLIE DIENER AND VICTOR RANDOLPH VS CHRISTIAN ZELLER, ET AL.",2023-08-25,affirm,Affirmed - Per Curiam Affirmed,True,True,,,False,,False,,Patricia Ann Muscarella,Pinellas,"LORIDA SECOND DISTRICT SALLIE DIENER and VICTOR RANDOLPH, Appellants, v. CHRISTOPHER ZELLER and INES ZELLER, Appellees. No. 2D22-1459 August 25, 2023 Appeal from the Circuit Court for Pinellas County; Patricia Ann Muscarella, Judge. David Smolker and R. Clay Mathews of Smother Mathews, L.L.P., Tampa","pellees. No. 2D22-1459 August 25, 2023 Appeal from the Circuit Court for Pinellas County; Patricia Ann Muscarella, Judge. David Smolker and R. Clay Mathews of Smother Mathews, L.L.P., Tampa, for Appellants. Christian G. A. Zeller, pro se; and Valeria M. Villaverde of Maney Gordon Zeller, P.A., Tampa",,,,,961,
rFAaRhbakkQ,2D21 178,,False,,,,,,,,,,,,,,,,,,,,,,
rG9z3J6Vxis,23 946,2D2023-0946,True,"MATTAMY TAMPA/SARASOTA, LLC, ET AL. v. HILLSBOROUGH COUNTY, FLORIDA",2024-04-26,affirm,Affirmed,True,True,,Kelly; Rothstein-Youakim; Smith,False,,False,,Jennifer Gabbard,Hillsborough,"BLANTON TRUST, and UNIQUE DEALS, LLC, Appellants, v. HILLSBOROUGH COUNTY, FLORIDA, Appellee. No. 2D2023-0946 April 26, 2024 Appeal from the Circuit Court for Hillsborough County; Jennifer Gabbard, Judge. Scott A. McLaren; Marie A. Borland; and Shane T. Costello of Hill, Ward & Henderson, P.A., Tampa","24 Appeal from the Circuit Court for Hillsborough County; Jennifer Gabbard, Judge. Scott A. McLaren; Marie A. Borland; and Shane T. Costello of Hill, Ward & Henderson, P.A., Tampa, for Appellants. Mary Dorman; Ernesto Mayor; Stephen M. Todd; and Linda Shaljani of Office of the County Attorney, Tampa",,,,,1080,
rOSYTlDoDo4,25 3039,2D2025-3039,True,"CONSTANCE KERRIGAN v. DEBORAH KERRIGAN PAGE, as personal representative of",2026-07-08,reverse,Reversed and remanded.,False,False,Smith,Smith,False,,False,,Brian Gnage,Pasco," as personal representative of the Estate of John Edward Kerrigan, deceased, Appellee, No. 2D2025-3039 July 8, 2026 Appeal from the Circuit Court for Pasco County; Brian Gnage, Judge. Allison M. Perry of Florida Appeals, P.A., Tampa, and Russell G. Marlowe of Russell G. Marlowe P.A., New Port Richey","of John Edward Kerrigan, deceased, Appellee, No. 2D2025-3039 July 8, 2026 Appeal from the Circuit Court for Pasco County; Brian Gnage, Judge. Allison M. Perry of Florida Appeals, P.A., Tampa, and Russell G. Marlowe of Russell G. Marlowe P.A., New Port Richey, for Appellant. Brooke Elvington, Dunedin",2D2025-3039,https://www.courtlistener.com/opinion/10918386/x/,10918386,11385921,5490,
rPMnu4VfG7I,2D19-2783,2D2019-2783,True,JAMES WARE  vs STATE OF FLORIDA,2021-02-19,affirm,Affirmed,True,False,,,False,,False,,,," ) ) Appellant, ) ) v. ) Case No. 2D19-2783 ) STATE OF FLORIDA, ) ) Appellee. ) ) Opinion filed February 19, 2021. Appeal from the Circuit Court for Hillsborough County; Michelle D. Sisco, Judge. Howard L. Dimmig, II, Public Defender, and Benedict P. Kuehne, Special Assistant Public Defender, Bartow",,,,,,1141,
rPshDFOgVNI,22 3669,2D2022-3669,True,MALIK COLEMAN AND SHALAMAR COLEMAN VS SECURITY FIRST INSURANCE COMPANY,2024-03-08,affirm,Affirmed - Per Curiam Affirmed,True,True,,Northcutt; Silberman; Kelly,False,,False,,Paul Lee Huey,Hillsborough,"DISTRICT COURT OF APPEAL OF FLORIDA SECOND DISTRICT MALIK COLEMAN AND SHALAMAR COLEMAN, Appellants, v. SECURITY FIRST INSURANCE COMPANY, Appellee. No. 2D22-3669 March 8, 2024 Appeal from the Circuit Court for Hillsborough County; Paul Lee Huey, Judge. Chad A. Barr of Chad Barr Law, Altamonte Springs","AN, Appellants, v. SECURITY FIRST INSURANCE COMPANY, Appellee. No. 2D22-3669 March 8, 2024 Appeal from the Circuit Court for Hillsborough County; Paul Lee Huey, Judge. Chad A. Barr of Chad Barr Law, Altamonte Springs, for Appellants. Tara M. McDonald of Security First Insurance Company, Ormond Beach",,,,,788,
rUvNYl-5KNg,2D19-2273,,False,,,,,,,,,,,,,,,,,,,,,,
rVlg-m1CpPQ,23 59,2D2023-0059,True,"SKRE HOMES, LLC VS DENNIS MCLEAN",2023-06-16,denied,Denied - PC Denied,True,False,,Villanti; Black; Smith,False,,False,,,,,,,,,,845,
rXQQ5gmYhFI,23 0205,2D2023-0205,True,"Evanston Insurance Company v. Hyman, Sonny Glasbrenner, Inc., et al",2024-12-04,affirm,Affirmed,False,False,Labrit,Labrit; Casanueva; Silberman,False,,False,Silberman,Amy M. Williams,Pinellas,"NNY GLASBRENNER, INC., Appellees. No. 2D2023-0205 December 4, 2024 Appeal from the Circuit Court for Pinellas County; Amy M. Williams, Judge. Kristen D. Perkins, Jordan H. Lewis, and Nicole Castano of Kennedys CMK LLP, Miami (withdrew after briefing); Maureen G. Pearcy of Paul R. Pearcy, P.A., Miami","rdan H. Lewis, and Nicole Castano of Kennedys CMK LLP, Miami (withdrew after briefing); Maureen G. Pearcy of Paul R. Pearcy, P.A., Miami, for Appellant. Nancy G. Cook of Weinberg Wheeler Hudgins Gunn & Dial LLC, Orlando, and Gary J. Toman of Weinberg Wheeler Hudgins Gunn & Dial LLC, Atlanta, Georgia",,,,,10349,
r_q-HmqIvlU,2D18-3053,2D2018-3053,True,JOSHUA TANNER  vs STATE OF FLORIDA,2021-01-08,reverse,Reversed and remanded.,False,False,Morris,Morris; Silberman; Lucas,False,,False,,,,,"on filed January 8, 2021. Appeal from the Circuit Court for Charlotte County; George C. Richards, Judge. Christopher H. Brown of Brown, Suarez, Rios & Weinberg, P.A., Fort Myers, for Appellant. Ashley Moody, Attorney General, Tallahassee, and Katherine Coombs Cline, Assistant Attorney General, Tampa",,,,,27162,
raRAx_dKxdM,2D18-4434,2D2018-4434,True,TERRELL LEMAR WILLIAMS  vs STATE OF FLORIDA,2021-03-10,affirm,Affirmed,True,False,,Villanti; Rothstein-Youakim; Atkinson,False,,False,,,,"FLORIDA SECOND DISTRICT TERRELL LEMAR WILLIAMS, ) ) Appellant, ) ) v. ) Case No. 2D18-4434 ) STATE OF FLORIDA, ) ) Appellee. ) ) Opinion filed March 10, 2021. Appeal from the Circuit Court for Polk County; Jalal A. Harb, Judge. Christopher E. Cosden of Law Office of Christopher E. Cosden, Fort Myers","pellee. ) ) Opinion filed March 10, 2021. Appeal from the Circuit Court for Polk County; Jalal A. Harb, Judge. Christopher E. Cosden of Law Office of Christopher E. Cosden, Fort Myers, for Appellant. Ashley Moody, Attorney General, Tallahassee, and Chelsea N. Simms, Assistant Attorney General, Tampa",,,,,1165,
rarXMrUNRLY,24 0001,2D2024-0001,True,CORBIN v. MCDANIEL,2024-06-14,affirm,Affirmed,True,True,,Kelly; Villanti; Lucas,False,,False,,,,"DISTRICT COURT OF APPEAL OF FLORIDA SECOND DISTRICT TRUDY CORBIN, Appellant v. DIANE McDANIEL, Appellee. No. 2D2024-0001 June 14, 2024 Appeal pursuant to Fla. R. App. P. 9.130 from the Circuit Court for Pinellas County; Patricia A. Muscarella, Judge. Drew Corbin, Palm Harbor",,,,,,775,
rcou8aj4SDY,2D20 1024,2D2020-1024,True,"MARCOS K. DASILVA AND WILLIAM COMTOIS  vs DEUTSCHE BANK NATIONAL TRUST COMPANY, AS TRUSTEE, ET AL.",2021-09-15,affirm,Affirmed,True,False,,,False,,False,,Jack R. Thompson,Lee,"Y # 2; UNKNOWN PARTY # 3; AND UNKNOWN PARTY # 4 THE NAMES BEING FICTITIOUS TO ACCOUNT FOR PARTIES IN POSSESSION, Appellees. No. 2D20-1024 September 15, 2021 Appeal from the Circuit Court for Lee County; Jack R. Thompson, Judge. James R. Ackley of Law Offices of James R. Ackley, P.A., West Palm Beach",,,,,,1849,
rf9msVdcKXY,2D21 2181,2D2021-2181,True,"GLORIA PREISS  vs WELLS FARGO BANK, N. A., ET AL",2022-08-26,affirm,Affirmed,True,False,,Morris; Khouzam; Black,False,,False,,Cheryl Thomas,Hillsborough,"GLORIA PREISS, Appellant, v. WELLS FARGO BANK, N.A., AS SUCCESSOR BY MERGER TO WACHOVIA BANK, N.A., Appellee. No. 2D21-2181 August 26, 2022 Appeal from the Circuit Court for Hillsborough County; Cheryl Thomas, Judge. Richard W. Ervin and J. Ronald Denman of Bleakley Bavol Denman & Grace, P.A., Tampa"," 2D21-2181 August 26, 2022 Appeal from the Circuit Court for Hillsborough County; Cheryl Thomas, Judge. Richard W. Ervin and J. Ronald Denman of Bleakley Bavol Denman & Grace, P.A., Tampa, for Appellant. Kathleen D. Kilbride, Sara F. Holladay, and Emily Y. Rottmann, of McGuireWoods LLP, Jacksonville",,,,,902,
rfYT9soxsDc,23 1935,2D2023-1935,True,"ADVOCATES & ATTORNEYS OF KENNEDY LAW GROUP, P. A. v. HENDRIK UITERWYK, P.A., et al",2024-09-20,affirm,Affirmed,True,True,,Northcutt; Kelly; Khouzam,False,,False,,Darren D. Farfante,Hillsborough,"SON, ESQ. d/b/a ABRAHAMSON AND UITERWYK, a Florida Partnership, Appellees. No. 2D2023-1935 September 20, 2024 Appeal from the Circuit Court for Hillsborough County; Darren D. Farfante, Judge. Jodi L. Corrigan of Jodi Corrigan, P.A., Clearwater; and Gregory S. Roe of Gregory S. Roe, P.A., Spring Hill",,,,,,2008,
rhFFbnKOIrI,2D21 1346,2D2021-1346,True,"NOEL VINCENT THOMAS  vs NORTH CAROLINA MUTUAL LIFE INSURANCE COMPANY, ET AL.",2021-12-15,affirm,Affirmed,True,False,,Casanueva; Khouzam; Stargel,False,,False,,Miriam Valkenburg,Hillsborough,,"Appellant, v. NORTH CAROLINA MUTUAL LIFE INSURANCE COMPANY and MICHAEL LAWRENCE, Appellees. No. 2D21-1346 December 15, 2021 Appeal from the County Court for Hillsborough County; Miriam Valkenburg, Judge. Noel Vincent Thomas, pro se. Carlos L. de Zayas and Debbie G. Maken of Lydecker Diaz, LLP, Miami",,,,,790,
rnzJ8YY7zdE,23 0493,2D2023-0493,True,Hart v. State of Florida,2025-11-07,reverse,Reversed and remanded with directions; conflict certified.,False,False,Northcutt,Northcutt,False,,False,,Laura E. Ward,Hillsborough,"OURT OF APPEAL OF FLORIDA SECOND DISTRICT NATHAN SHIRL HART, Appellant, v. STATE OF FLORIDA, Appellee. No. 2D2023-0493 November 7, 2025 Appeal from the Circuit Court for Hillsborough County; Laura E. Ward, Judge. Lisa B. McLean, Public Defender, and Richard N. Asfar, Assistant Public Defender, Tampa","ames Uthmeier, Attorney General; Henry C. Whitaker, Solicitor General (withdrew after briefing); Alison Elena Preston, Deputy Solicitor General (withdrew after briefing); and Jeffrey Paul DeSousa, Chief Deputy Solicitor General, Tallahassee; and William C. Shelhart, Assistant Attorney General, Tampa",,,,,45673,
roMj-p2HR6Q,2D21 278,2D2021-0278,True,MARYANN FABRIZIO  vs STEVEN FABRIZIO,2022-02-25,mixed,Affirmed in Part/Reversed in Part ; remanded.,False,False,,,False,,False,,Peter Ramsberger,Pinellas,," Appellant, v. STEVEN FABRIZIO, Appellee. No. 2D21-278 February 25, 2022 Appeal from the Circuit Court for Pinellas County; Peter Ramsberger, Judge. J. Andrew Crawford of J. Andrew Crawford, P.A., St. Petersburg, for Appellant. Davis S. Ristoff of The Law Office of David S. Ristoff, PLLC, Clearwater",,,,,3747,
rpfXrDuGeB0,23 1073,2D2023-1073,True,"O'DOYLE RULES, LLC v. FRIEDBERG, ESQ., et al",2024-06-21,affirm,Affirmed,True,True,,Black; Atkinson; Labrit,False,,False,,Melissa M. Polo,Hillsborough,"m the Circuit Court for Hillsborough County; Melissa M. Polo, Judge. Bradley A. Muhs and Eric S. Koenig of Trenam, Kemker, Scharf, Barkin, Frye, O'Neill, & Mullis, P.A., St. Petersburg (withdrew after briefing); Steven L. Brannock of Brannock Berman & Seider, Tampa (substituted as counsel of record)","e. Bradley A. Muhs and Eric S. Koenig of Trenam, Kemker, Scharf, Barkin, Frye, O'Neill, & Mullis, P.A., St. Petersburg (withdrew after briefing); Steven L. Brannock of Brannock Berman & Seider, Tampa (substituted as counsel of record), for Appellant. Todd M. Hoepker of Todd M. Hoepker, P.A., Orlando",,,,,1050,
rsD4ZLlhnjg,2D21 1727,2D2021-1727,True,"LIFSEY REAL ESTATE AND HOLDING INC.  vs VICTORY LOFTS AT CHANNELSIDE CONDOMINIUM ASSOC., INC.",2021-11-19,dismissed,Dismissed,True,False,,Kelly; Casanueva; Stargel,False,,False,,,,,,,,,,910,
s1SYT9AzhQo,2D20-598,2D2020-0598,True,"SCOTT ROSEN, ESTATE OF: ESTEBAN MANUEL EMESTO vs GULF COAST FARMS, INC.",2021-04-23,affirm,Affirmed,True,False,,Khouzam; Villanti; Smith,False,,False,,,,," ) Appellee. ) ) Opinion filed April 23, 2021. Appeal from the Circuit Court for Lee County; Keith R. Kyle, Judge. Philip D. Parrish of Philip D. Parrish, P.A., Miami; and Brent L. Probinsky of Brent L. Probinsky, P.A., Sarasota, for Appellant. John M. Miller of Boy Agnew Potanovic, PLLC, Fort Myers",,,,,1231,
s1aFYoH0i1c,2D20-38,,False,,,,,,,,,,,,,,,,,,,,,,
s6NF4hhzFTA,22 1239,2D2022-1239,True,"ELKINS v. PAC WIREGRASS RANCH, LLC, D/ B/ A HORIZON WIREGRASS RANCH",2024-05-10,affirm,Affirmed,True,True,,Lucas; Atkinson; Smith,False,,False,,Kent Compton,Pasco,,"ELKINS, Appellant, v. PAC WIREGRASS RANCH d/b/a HORIZON WIREGRASS RANCH, Appellee. No. 2D2022-1239 May 10, 2024 Appeal from the County Court for Pasco County; Kent Compton, Judge. Sabrina Elkins, pro se. Darren J. Ayoub, Ryan R. McCain, and Donna S. Barfield of Barfield McCain, P.A., West Palm Beach",,,,,802,
s79b5c5az1k,24 0531,2D2024-0531,True,KOZIAK v. STATE OF FLORIDA,2025-05-23,affirm,Affirmed,True,True,,,False,,False,,Frederick P. Mercurio,Manatee,," No. 2D2024-0531 May 23, 2025 Appeal from the Circuit Court for Manatee County; Frederick P. Mercurio, Judge. Michael Ufferman of Michael Ufferman Law Firm, P.A., Tallahassee, for Appellant. James Uthmeier, Attorney General, Tallahassee, and Wendy Buffington, Senior Assistant Attorney General, Tampa",,,,,921,
s8IqltXyXy0,2D19-3174,2D2019-3174,True,"ROBERT A. HERCE, ESQ.  vs FRANCES MAINES",2021-03-12,reverse,Reversed and remanded.,False,False,,Morris; Lucas,False,,False,,,,,") Case No. 2D19-3174 ) FRANCES MAINES f/k/a FRANCES ) M. HERCE, ) ) Appellee. ) ) Opinion filed March 12, 2021. Appeal from the Circuit Court for Hillsborough County; Denise A. Pomponio and Melissa M. Polo, Judges. Robert A. Herce, pro se. Ellen E. Ware and Bridget Remington of Ware Law Group, Tampa",,,,,19053,
sASNIyMO2o0,2D19-4433,,False,,,,,,,,,,,,,,,,,,,,,,
sDEaqBYSG7Q,21 2451,2D2021-2451,True,"WAYMON TK MILLEDGE SWILLEY, III VS STATE OF FLORIDA",2023-10-06,affirm,Affirmed - Per Curiam Affirmed,True,True,,Morris; Smith; Labrit,False,,False,,Michael F. Andrews,Pinellas,"I, Appellant, v. STATE OF FLORIDA, Appellee. No. 2D21-2451 October 6, 2023 Appeal from the Circuit Court for Pinellas County; Michael F. Andrews, Judge. Howard L. Dimmig, II, Public Defender; Benedict P. Kuehne and Michael T. Davis of Kuehne Davis Law, P.A., Special Assistant Public Defender, Bartow","ounty; Michael F. Andrews, Judge. Howard L. Dimmig, II, Public Defender; Benedict P. Kuehne and Michael T. Davis of Kuehne Davis Law, P.A., Special Assistant Public Defender, Bartow, for Appellant. Ashley Moody, Attorney General, Tallahassee, and Laurie Benoit-Knox, Assistant Attorney General, Tampa",,,,,910,
sEfYVZxfPFI,22 1856,2D2022-1856,True,SURGRET URANIA DOSS VS DEPARTMENT OF REVENUE O/B/O MONICA A. SMALLWOOD,2023-05-17,affirm,Affirmed - Per Curiam Affirmed,True,True,,Kelly; Rothstein-Youakim; Atkinson,False,,False,,Matthew Smith,Hillsborough,,"MENT OF REVENUE o/b/o MONICA A. SMALLWOOD, Appellee. No. 2D22-1856 May 17, 2023 Appeal from the Circuit Court for Hillsborough County; Matthew Smith, Judge. Surgret Urania Doss, pro se. Ashley Moody, Attorney General, Tallahassee, and Toni C. Bernstein, Senior Assistant Attorney General, Tallahassee",,,,,805,
sIXSMNLbdsI,23 0826,2D2023-0826,True,"GOLDBOOK LTD., FRED LASSWELL, INC. v. ALLY WESTSHORE, LLC",2024-11-20,affirm,Affirmed,True,True,,Morris; Black; Smith,False,,False,,Melissa M. Polo,Hillsborough,"DISTRICT GOLDBOOK LTD. and FRED LASSWELL, INC., Appellants, v. ALLY WESTSHORE, LLC, Appellee. No. 2D2023-0826 November 20, 2024 Appeal from the Circuit Court for Hillsborough County; Melissa M. Polo, Judge. Shannon L. Troutman and Brandon S. Vesely of The Florida Appellate Firm, P.A., St. Petersburg","-0826 November 20, 2024 Appeal from the Circuit Court for Hillsborough County; Melissa M. Polo, Judge. Shannon L. Troutman and Brandon S. Vesely of The Florida Appellate Firm, P.A., St. Petersburg, for Appellants. Marie A. Borland, Mark M. Wall, and A. Evan Dix of Hill, Ward & Henderson, P.A., Tampa",,,,,850,
sIxH4bLNwnM,22 4168,2D2022-4168,True,"YOUTH AND FAMILY ALTERNATIVES, INC. v. D. T., D. T. 2",2024-05-10,reverse,Reversed and remanded with directions.,False,False,Northcutt,Northcutt; Khouzam; Labrit,False,,False,,Kimberly Sharpe Byrd,Pasco,"s permanent guardian, D.T. 2, Appellee. No. 2D2022-4168 May 10, 2024 Appeal from the Circuit Court for Pasco County; Kimberly Sharpe Byrd, Judge. Dorothy Venable DiFiore of Quintairos, Prieto, Wood & Boyer, P.A., Tampa, and Lisa J. Augspurger and Allison E. Bunker of Bush & Augspurger, P.A., Orlando"," for Pasco County; Kimberly Sharpe Byrd, Judge. Dorothy Venable DiFiore of Quintairos, Prieto, Wood & Boyer, P.A., Tampa, and Lisa J. Augspurger and Allison E. Bunker of Bush & Augspurger, P.A., Orlando, for Appellant. Lelia M. M. Schleier and Stacie J. Schmerling of Justice for Kids, Ft. Lauderdale",,,,,11683,
sNA1P1O2fbo,24 2810,2D2024-2810,True,Godwin v. Michelini,2025-08-20,dismissed,Dismissed; question certified.,False,False,Morris,Morris; Northcutt; Moe,False,,False,,,,,,,,,,12128,
sOPwhH1fb5Y,2D19 3549,2D2019-3549,True,"VIRGINIA SOWARDS  vs PHUSION PROJECTS, LLC, D/B/A DRINK FOUR BREWING COMPANY, ET AL.",2021-07-07,affirm,Affirmed,True,False,,,False,,False,,Emily A. Peacock,Hillsborough,"DISTRIBUTING COMPANY; and SYNERGY FLAVORS, INC. Appellees. No. 2D19-3549 July 7, 2021 Appeal from the Circuit Court for Hillsborough County; Emily A. Peacock, Judge. Jason A. Herman of Herman & Wells, P.A., Pinellas Park; and Matthew D. Powell, Robert J. Johnson, and K. Mitch Espat of MattLaw, Tampa","for Hillsborough County; Emily A. Peacock, Judge. Jason A. Herman of Herman & Wells, P.A., Pinellas Park; and Matthew D. Powell, Robert J. Johnson, and K. Mitch Espat of MattLaw, Tampa, for Appellant. Aaron W. Proulx of Barnett & Chistolini, PLLC; and William G.K. Smoak of Smoak Trial Lawyers, Tampa",,,,,1239,
sP1EQhasyMo,2D19-3011,,False,,,,,,,,,,,,,,,,,,,,,,
sY_AVXG2DJw,2D21 2919,2D2021-2919,True,"J. M. HAYS, INC., AND JAMES MICHAEL HAYS  vs PETER DENG",2022-05-13,affirm,Affirmed,True,False,,Black; Lucas; Atkinson,False,,False,,Phyllis R. Galen,Sarasota,"DISTRICT COURT OF APPEAL OF FLORIDA SECOND DISTRICT J.M. HAYS, INC. and JAMES MICHAEL HAYS, Appellants, v. PETER DENG, Appellee. No. 2D21-2919 May 13, 2022 Appeal from the County Court for Sarasota County; Phyllis R. Galen, Judge. Paul L. Kutcher of Paul L. Kutcher, P.A., Brandon","EAL OF FLORIDA SECOND DISTRICT J.M. HAYS, INC. and JAMES MICHAEL HAYS, Appellants, v. PETER DENG, Appellee. No. 2D21-2919 May 13, 2022 Appeal from the County Court for Sarasota County; Phyllis R. Galen, Judge. Paul L. Kutcher of Paul L. Kutcher, P.A., Brandon, for Appellants. Greg Horowitz, Sarasota",,,,,765,
sa4I5dhNTuQ,2D20 2757,2D2020-2757,True,"CHARLES E. GITHLER, I I I  vs PHILIP J. GRANDE, ET AL",2022-03-02,affirm,Affirmed,True,False,,Northcutt; Silberman; Villanti,False,,False,,Hunter W. Carroll,Sarasota,"ration, Appellants, v. PHILLIP J. GRANDE, MARTA A. GRANDE, and SPOT LINK, LLC, formerly known as Spot Link, Inc., a Florida corporation, Appellees. No. 2D20-2757 March 2, 2022 Appeal from the Circuit Court for Sarasota County; Hunter W. Carroll, Judge. Daniel M. Samson of Samson Appellate Law, Miami","rmerly known as Spot Link, Inc., a Florida corporation, Appellees. No. 2D20-2757 March 2, 2022 Appeal from the Circuit Court for Sarasota County; Hunter W. Carroll, Judge. Daniel M. Samson of Samson Appellate Law, Miami, for Appellants. Kelley Geraghty Price of Dentons Cohen & Grfigsby, P.C., Naples",,,,,997,
sfCC75IhSYk,23 2247,2D2023-2247,True,STONE v. STONE,2024-06-28,affirm,Affirmed,True,True,,Sleet; Casanueva; Khouzam,False,,False,,Julie L. Sercus,Pinellas,,", Appellant, v. STACEY L. STONE, Appellee. No. 2D2023-2247 June 28, 2024 Appeal from the Circuit Court for Pinellas County; Julie L. Sercus, Judge. Stephanie J. Libbey of K. Dean Kantaras, P.A., Palm Harbor, for Appellant. Stanford R. Solomon and Laura H. Howard of The Solomon Law Group, P.A., Tampa",,,,,802,
sgy__z5I2ZQ,2D19 3039,2D2019-3039,True,"MERITUS CONSTRUCTION, LLC AND SUNSTONE CONSTRUCTION, LLC  vs HOA OF HORATIO SOUTH TOWNHOMES ASSOCIATION, INC., ET AL",2020-07-08,affirm,Affirmed,True,False,,Morris; Sleet; Lucas,False,,False,,,,"MCDONALD ROODING & ) CONSTRUCTION, INC.; W PAINTING ) SERVICES ASSOCIATES, CORP.; ) and UNKNOWN THIRD-PARTY ) DEFENDANT I, ) ) Appellees. ) ) ) Opinion filed July 8, 2020. Appeal from the Circuit Court for Hillsborough County; E. Lamar Battles, Judge. Andrew A. Labbe of Groelle & Salmon, P.A., Tampa","SOCIATES, CORP.; ) and UNKNOWN THIRD-PARTY ) DEFENDANT I, ) ) Appellees. ) ) ) Opinion filed July 8, 2020. Appeal from the Circuit Court for Hillsborough County; E. Lamar Battles, Judge. Andrew A. Labbe of Groelle & Salmon, P.A., Tampa, for Appellants. Mark T. Snelson of Baird Law, PLLC, Winter Park",,,,,1707,
sijhJji64To,23 2319,2D2023-2319,True,"A & A HOUSING INC. v. SAFEBUILT FLORIDA, LLC",2025-01-29,affirm,Affirmed,True,True,,,False,,False,,George Jirotka,Pinellas,"FLORIDA SECOND DISTRICT A & A HOUSING, INC., Appellant, v. SAFEBUILT FLORIDA, LLC, Appellee. No. 2D2023-2319 January 29, 2025 Appeal from the Circuit Court for Pinellas County; George Jirotka, Judge. Daniel E. Nordby of Shutts & Bowen LLP, Tallahassee; and Elise M. Engle of Shutts & Bowen LLP, Tampa","2319 January 29, 2025 Appeal from the Circuit Court for Pinellas County; George Jirotka, Judge. Daniel E. Nordby of Shutts & Bowen LLP, Tallahassee; and Elise M. Engle of Shutts & Bowen LLP, Tampa, for Appellant. Amanda H. Wasserman and Michael A. Rosenberg of Cole, Scott & Kissane, P.A., Plantation",,,,,848,
sjzocrPNrd4,2D18 4170,2D2018-4170,True,"EUGENIO VELAZQUEZ  vs LOGISTEC USA, INC., ET AL.",2021-04-21,affirm,Affirmed,True,False,,,False,,False,,,,"LIFT and ) MANATEE COUNTY PORT ) AUTHORITY, ) ) Appellees. ) ) Opinion filed April 21, 2021. Appeal from the Circuit Court for Manatee County; Lon Arend, Judge. Wendy S. Loquasto and Susan W. Fox, of Fox & Loquasto, LLC, Tallahassee, and Carlos R. Diez-Arguelles of Arguelles & Tejedor, P.A., Orlando","t Court for Manatee County; Lon Arend, Judge. Wendy S. Loquasto and Susan W. Fox, of Fox & Loquasto, LLC, Tallahassee, and Carlos R. Diez-Arguelles of Arguelles & Tejedor, P.A., Orlando, for Appellant. Jerry D. Hamilton, Schuyler Smith, and Michael J. Dono of Hamilton, Miller & Birthisel, LLP, Miami",,,,,1686,
sk5KubW37D4,2D19-4291,,False,,,,,,,,,,,,,,,,,,,,,,
sswD6JtGn0s,22 1076,2D2022-1076,True,"JAMES GIEDER VS FAWN RIDGE MAINTENANCE ASSOCIATION, INC.",2023-09-15,affirm,Affirmed - Per Curiam Affirmed,True,True,,Northcutt; Casanueva; Khouzam,False,,False,,J. Logan Murphy,Hillsborough,"ISTRICT COURT OF APPEAL OF FLORIDA SECOND DISTRICT JAMES P. GIEDER, Appellant, v. FAWN RIDGE MAINTENANCE ASSOCIATION, INC., Appellee. No. 2D22-1076 September 15, 2023 Appeal from the County Court for Hillsborough County; J. Logan Murphy, Judge. Daniel A. Bushell of Bushell Law, P.A., Fort Lauderdale","AINTENANCE ASSOCIATION, INC., Appellee. No. 2D22-1076 September 15, 2023 Appeal from the County Court for Hillsborough County; J. Logan Murphy, Judge. Daniel A. Bushell of Bushell Law, P.A., Fort Lauderdale, for Appellant. John J. Cavaliere, III, and Francis E. Friscia of Friscia & Ross, P.A., Tampa",,,,,805,
syTzqpvZt_U,24 0677 & 0678 & 0891 & 0896,2D2024-0677,True,"MILLS v. KINNAN, KINNAN, et al",2025-02-14,affirm,Affirmed,True,True,,Northcutt; Khouzam; Atkinson,False,,False,,,,"Board of Manatee County, Appellees. No. 2D2024-0677 February 14, 2025 Appeal pursuant to Fla. R. App. P. 9.130 from the Circuit Court for Manatee County; Hunter W. Carroll, Judge. David Appleman Wallace of Bentley Goodrich Kison P.A., Sarasota, and Robert Keith Robinson of Rob Robinson Attorney, PA,"," Appeal pursuant to Fla. R. App. P. 9.130 from the Circuit Court for Manatee County; Hunter W. Carroll, Judge. David Appleman Wallace of Bentley Goodrich Kison P.A., Sarasota, and Robert Keith Robinson of Rob Robinson Attorney, PA, , for Appellant. Jennifer L. Seymore of Seymore Justice, Tallahassee",,,,,1412,
szEcy6De-6g,22 3208,2D2022-3208,True,"ALBERTA SPYKER VS AJAX MORTGAGE LOAN TRUST 2021-G, ET AL.",2023-11-03,affirm,Affirmed - Per Curiam Affirmed,True,True,,Northcutt; Morris; Black,False,,False,,Emmett Lamar Battles,Hillsborough,"ional Association as Indenture Trustee, Appellee, and Bay to Gulf Holdings, LLC, Intervenor/Appellee. No. 2D22-3208 November 3, 2023 Appeal from the Circuit Court for Hillsborough County; Emmett Lamar Battles, Judge. Charles R. Gallagher III of Gallagher & Associates Law Firm, P.A., Saint Petersburg","pellee. No. 2D22-3208 November 3, 2023 Appeal from the Circuit Court for Hillsborough County; Emmett Lamar Battles, Judge. Charles R. Gallagher III of Gallagher & Associates Law Firm, P.A., Saint Petersburg, for Appellant. Stanford R. Solomon and Laura H. Howard of The Solomon Law Group, P.A., Tampa",,,,,1172,
szRJCplzGGg,24 1849,2D2024-1849,True,"Mid-America Apartments, LTD v. Tracz",2025-09-12,reverse,Reversed and remanded.,False,False,Khouzam,Khouzam; Black; Moe,False,,False,,,,"Appellants, v. JOSHUA TRACZ, Appellee. No. 2D2024-1849 September 12, 2025 Appeal pursuant to Fla. R. App. P. 9.130 from the Circuit Court for Hillsborough County; Laura E. Ward, Judge. Ezequiel Lugo of Banker Lopez Gassler, P.A., Tampa; and Eleanor H. Sills of Banker Lopez Gassler, P.A., Tallahassee","t to Fla. R. App. P. 9.130 from the Circuit Court for Hillsborough County; Laura E. Ward, Judge. Ezequiel Lugo of Banker Lopez Gassler, P.A., Tampa; and Eleanor H. Sills of Banker Lopez Gassler, P.A., Tallahassee, for Appellants. Madeleine C. Vaughn and Stephen A. Barnes of Barnes Trial Group, Tampa",,,,,9001,
t1eA6q_XWP4,24 1014,,False,,,,,,,,,,,,,,,,,,,,,,
t1tIUfp32a4,25 0589,2D2025-0589,False,,,,,,,,,,,,,,,,,,,,,,
t5eAiT76xTM,2D21 144 & 147,2D2021-0144,True,"SYNERGY CONTRACTING GROUP, INC., A/ A/ O ANNE DORRELL vs FEDNAT INSURANCE COMPANY, F/ K/ A FEDERATED NATIONAL INSURANCE COMPANY",2021-12-10,reverse,Reversed and remanded.,False,False,Lucas,Lucas; Atkinson; Labrit,False,,False,,,,,,,,,,17844,
t6BcYI9Jizo,2D21 3004,2D2021-3004,True,"SARASOTA COUNTY  vs GILBANE BUILDING COMPANY, ET AL.",2022-08-12,affirm,Affirmed,True,False,,Silberman; Sleet; Rothstein-Youakim,False,,False,,Stephen M. Walker,Sarasota," MILLS GILBANE, Appellee. No. 2D21-3004 August 12, 2022 Appeal from the Circuit Court for Sarasota County; Stephen M. Walker, Judge. Bora S. Kayan, Deputy County Attorney, Scott T. Bossard, Assistant County Attorney, and Frederick J. Elbrecht, County Attorney, Office of the County Attorney, Sarasota","ourt for Sarasota County; Stephen M. Walker, Judge. Bora S. Kayan, Deputy County Attorney, Scott T. Bossard, Assistant County Attorney, and Frederick J. Elbrecht, County Attorney, Office of the County Attorney, Sarasota, for Appellant. Thomas H. Dart and Ryan W. Owen of Adams and Reese LLP, Sarasota",,,,,935,
t8-buGqEmUU,21 3443,2D2021-3443,True,KARCEWSKI v. STATE OF FLORIDA,2024-09-13,affirm,Affirmed,False,True,,Northcutt; Silberman; Morris,False,,False,,Laura E. Ward,Hillsborough,"DISTRICT COURT OF APPEAL OF FLORIDA SECOND DISTRICT BRODERICK KARCEWSKI, Appellant, v. STATE OF FLORIDA, Appellee. No. 2D2021-3443 September 13, 2024 Appeal from the Circuit Court for Hillsborough County; Laura E. Ward, Judge. Olivia M. Goodman and Rachael E. Reese of O'Brien Hatfield, P.A., Tampa"," No. 2D2021-3443 September 13, 2024 Appeal from the Circuit Court for Hillsborough County; Laura E. Ward, Judge. Olivia M. Goodman and Rachael E. Reese of O'Brien Hatfield, P.A., Tampa, for Appellant. Ashley Moody, Attorney General, Tallahassee, and Sonia C. Lawson, Assistant Attorney General, Tampa",,,,,3590,
tB71KOtRUUA,2D20 2332,2D2020-2332,True,"CRITICAL INTERVENTION SERVICES, INC.  vs TAMPA ELECTRIC CO., ET AL",2021-12-03,dismissed,Dismissed,True,False,,,False,,False,,Richard A. Nielsen,Hillsborough,"ES, INC., Appellant, v. TAMPA ELECTRIC COMPANY; TECO ENERGY, INC.; and TAMPA BAY PIPELINE CORPORATION, Appellees. No. 2D20-2332 December 3, 2021 Appeal from the Circuit Court for Hillsborough County; Richard A. Nielsen, Judge. Mark D. Tinker and Rhianna L. Busch of Cole, Scott & Kissane, P.A., Tampa","ber 3, 2021 Appeal from the Circuit Court for Hillsborough County; Richard A. Nielsen, Judge. Mark D. Tinker and Rhianna L. Busch of Cole, Scott & Kissane, P.A., Tampa, for Appellant. Elbert L. Martin, IV, Charles C. Lane, and Geneva K. Hernandez of Lau, Lane, Pieper, Conley & McCreadie, P.A., Tampa",,,,,981,
tCekRg4zBoU,22 988,2D2022-0988,True,"KIMBERLY ANN O' BRIEN, ET AL  vs PRIDE ENTERPRISE, LLP, ET AL",2023-02-22,affirm,Affirmed,True,False,,Northcutt; Black; Labrit,False,,False,,Amy M. Williams,Pinellas,"s, v. PRIDE ENTERPRISE, LLP, a Florida Limited Liability Partnership d/b/a SANDS OF TREASURE ISLAND, Appellee. No. 2D22-988 February 22, 2023 Appeal from the Circuit Court for Pinellas County; Amy M. Williams, Judge. Neil Rose, Hollywood; and Walter L. Grantham, Jr., of Darrigo and Diaz, P.A., Tampa","22-988 February 22, 2023 Appeal from the Circuit Court for Pinellas County; Amy M. Williams, Judge. Neil Rose, Hollywood; and Walter L. Grantham, Jr., of Darrigo and Diaz, P.A., Tampa, for Appellants. Catherine M. Verona, Robert M. Stoler, and Abraham T. Oxner of Stoller Russell Keener Verona, Tampa",,,,,1276,
tENharaJDz0,23 0192,2D2023-0192,True,VASTAG v. STATE OF FLORIDA,2024-12-13,affirm,Affirmed,True,True,,Morris; Atkinson; Labrit,False,,False,,Lon Arend,Manatee,,,,,,,922,
tER9SqV7xUw,2D20 3432,2D2020-3432,True,"STATE OF FLORIDA  vs GULF COAST TRANSPORTATION , INC., ET AL",2022-10-07,reverse,Reversed and remanded.,False,False,Atkinson,Atkinson,False,,False,,,,,,,,,,84159,
tF-pLOQKXPk,2D19-3352,2D2019-3352,True,FLORIDA PENINSULA INSURANCE COMPANY  vs ANTONIO SANTIAGO AND RAMONA ARIAS,2021-02-05,affirm,Affirmed,True,False,,Northcutt; Rothstein-Youakim; Labrit,False,,False,,,,,,,,,,1351,
tFTOj_ygcDs,2D19-1082,2D2019-1082,True,"THE NORTHERN TRUST COMPANY,  vs THE ESTATE OF CHARLES P. WALKER, I I I",2021-01-06,dismissed,Dismissed,False,False,Smith,Smith; Northcutt; Black,False,,False,,,,"and as ) trustee of the Charles P. Walker Trust ) u/a/d May 10, 1991, as amended and ) restated, ) ) Appellees. ) ) Opinion filed January 6, 2021. Appeal from the Circuit Court for Sarasota County; Charles E. Williams, Judge. David A. Wallace and Caroleen B. Brej of Bentley & Bruning, P.A., Sarasota","arles E. Williams, Judge. David A. Wallace and Caroleen B. Brej of Bentley & Bruning, P.A., Sarasota, for Appellant. Susan J. Silverman, Sarasota, for Appellee Rebecca Cooper Walker, individually and as trustee of the Charles P. Walker Trust u/a/d May 10, 1991, as amended and restated. No appearance",,,,,17930,
tS73YUtEMAw,23 2703,2D2023-2703,True,GRIFFIN v. STATE OF FLORIDA,2025-08-13,affirm,Affirmed,True,True,,Lucas; Silberman; Villanti,False,,False,,Christine Ann Marlewski,Hillsborough,"YRON EUGENE GRIFFIN, Appellant, v. STATE OF FLORIDA Appellee. No. 2D2023-2703 August 13, 2025 Appeal from the Circuit Court for Hillsborough County; Christine Ann Marlewski, Judge. Patrick B. Calcutt of Calcutt & Calcutt, P.A., Americus, Georgia, and Alison P. Mitchell of McLean Mitchell, LLC, Tampa","t for Hillsborough County; Christine Ann Marlewski, Judge. Patrick B. Calcutt of Calcutt & Calcutt, P.A., Americus, Georgia, and Alison P. Mitchell of McLean Mitchell, LLC, Tampa for Appellant. James Uthmeier, Attorney General, Tallahassee, and Krystle Celine Cacci, Assistant Attorney General, Tampa",,,,,903,
tTiODCdf-vU,24 0251,2D2024-0251,True,WALDO v. STATE OF FLORIDA,2024-12-13,affirm,Affirmed,True,True,,Silberman; Kelly; Villanti,False,,False,,Keith Meyer,Pinellas,,"ORIDA, Appellee. No. 2D2024-0251 December 13, 2024 Appeal from the Circuit Court for Pinellas County; Keith Meyer, Judge. J. Andrew Crawford of J. Andrew Crawford, P.A., St. Petersburg, for Appellant. Ashley Moody, Attorney General, Tallahassee, and Tayna Alexander, Assistant Attorney General, Tampa",,,,,816,
tXedxSsbsUo,23 2374,2D2023-2374,True,MCKINON v. STATE OF FLORIDA,2024-11-22,affirm,Affirmed,True,True,,Villanti; Black; Labrit,False,,False,,Dana Moss,Sarasota,"RICT COURT OF APPEAL OF FLORIDA SECOND DISTRICT ANDREW THEOPILUS McKINON, Appellant, v. STATE OF FLORIDA, Appellee. No. 2D2023-2374 November 22, 2024 Appeal from the Circuit Court for Sarasota County; Dana Moss, Judge. Jason S. Downs and Tyler J. Murphy of Murphy & Downs Law Offices, P.A., Melbourne",". 2D2023-2374 November 22, 2024 Appeal from the Circuit Court for Sarasota County; Dana Moss, Judge. Jason S. Downs and Tyler J. Murphy of Murphy & Downs Law Offices, P.A., Melbourne, for Appellant. Ashley Moody, Attorney General, Tallahassee, and Marena S. Ramirez, Assistant Attorney General, Tampa",,,,,838,
teCpziFwVNE,22 635,2D2022-0635,True,GRAMMATAS GRAMMATAS  vs STATE OF FLORIDA,2023-01-27,affirm,Affirmed,True,False,,Silberman; Rothstein-Youakim; Labrit,False,,False,,Frank I. Grey,Pasco,"DISTRICT COURT OF APPEAL OF FLORIDA SECOND DISTRICT GRAMMATAS GRAMMATAS, Appellant, v. STATE OF FLORIDA, Appellee. No. 2D22-635 January 27, 2023 Appeal from the County Court for Pasco County; Frank I. Grey, Judge. Thomas C. Grajek, Lakeland","MATAS, Appellant, v. STATE OF FLORIDA, Appellee. No. 2D22-635 January 27, 2023 Appeal from the County Court for Pasco County; Frank I. Grey, Judge. Thomas C. Grajek, Lakeland, for Appellant. Ashley Moody, Attorney General, Tallahassee, and Linsey Sims- Bohnenstiehl, Assistant Attorney General, Tampa",,,,,795,
tfYqTd8SZfE,22 3541,2D2022-3541,True,GILLIAM v. STATE OF FLORIDA,2024-05-22,affirm,Affirmed,True,True,,,False,,False,,Laura E. Ward,Hillsborough,,"ppellee. No. 2D2022-3541 May 22, 2024 Appeal from the Circuit Court for Hillsborough County; Laura E. Ward, Judge. Katherine Earle Yanes of Kynes, Markman, & Felman, P.A., Tampa, for Appellant. Ashley Moody, Attorney General, Tallahassee, and Cerese Crawford Taylor, Assistant Attorney General, Tampa",,,,,913,
tg2hBoMECh0,2D20 1409,2D2020-1409,True,SALVADOR CARBAJAL GARCIA  vs STATE OF FLORIDA,2021-11-19,affirm,Affirmed,True,False,,Northcutt; Silberman; Lucas,False,,False,,Bruce E. Kyle,Lee,,"t, v. STATE OF FLORIDA, Appellee. No. 2D20-1409 November 19, 2021 Appeal from the Circuit Court for Lee County; Bruce E. Kyle, Judge. Keith W. Upson of The Upson Law Group, P.L., Naples, for Appellant. Ashley Moody, Attorney General, Tallahassee, and Chris Phillips, Assistant Attorney General, Tampa",,,,,810,
thJjPYxQyP4,2D19-4646,2D2019-4646,True,S. H. Y.  vs P. G.,2021-03-26,reverse,Reversed and remanded,False,False,Smith,Smith,False,,False,,,,"ED IN THE DISTRICT COURT OF APPEAL OF FLORIDA SECOND DISTRICT S.H.Y., ) ) Appellant, ) ) v. ) Case No. 2D19-4646 ) P.G., ) ) Appellee. ) ) Opinion filed March 26, 2021. Appeal from the Circuit Court for Hillsborough County; Denise A. Pomponio, Judge. Mark A. Sessums of Sessums Law Group, P.A., Tampa","nt, ) ) v. ) Case No. 2D19-4646 ) P.G., ) ) Appellee. ) ) Opinion filed March 26, 2021. Appeal from the Circuit Court for Hillsborough County; Denise A. Pomponio, Judge. Mark A. Sessums of Sessums Law Group, P.A., Tampa, for Appellant. Kim A. Hamill of Older, Lundy & Alvarez, Attorneys at Law, Tampa",,,,,20720,
tq3yrMOL4LM,2D20 2613,2D2020-2613,True,"GULF MARINE REPAIR CORPORATION VS BOB HENRIQUEZ, AS PROPERTY APPRAISER",2023-07-07,affirm,Affirmed - Authored Opinion,False,False,Northcutt,Northcutt,False,,False,,Martha J. Cook,Hillsborough,"ate of Florida Department of Revenue, Appellees. No. 2D20-2613 July 7, 2023 Appeal from the Circuit Court for Hillsborough County; Martha J. Cook, Judge. Marie A. Borland and Robert E. V. Kelley, Jr., of Hill, Ward & Henderson, P.A., Tampa, and Chris W. Altenbernd of Banker Lopez Gassler P.A., Tampa","rcuit Court for Hillsborough County; Martha J. Cook, Judge. Marie A. Borland and Robert E. V. Kelley, Jr., of Hill, Ward & Henderson, P.A., Tampa, and Chris W. Altenbernd of Banker Lopez Gassler P.A., Tampa, for Appellant. William D. Shepherd of Hillsborough County Property Appraiser's Office, Tampa",,,,,52490,
tsVifObL6-8,2D21 359,2D2021-0359,True,"GEICO GENERAL INSURANCE CO.  vs GLASSCO, INC., ET AL.,",2022-08-03,affirm,Affirmed,True,False,,Northcutt; Rothstein-Youakim; Stargel,False,,False,,Miriam V. Valkenburg,Hillsborough,"FORD, RICARDO CAMACHO, D. TANOO, N. JOSEPH, J. KEVINS, INAIRA LAMBOY, A. MALDONADO, C. MARKS, and D. MATZ, Appellees. No. 2D21-359 August 3, 2022 Appeal from the County Court for Hillsborough County; Miriam V. Valkenburg, Judge. Jonathan Franklin and Troy Lovell of Franklin Legal Group, P.A., Miami;",,,,,,988,
txhgjm1-44Q,2D19 4378,2D2019-4378,True,JOSEPH ZAVALNAK  vs STATE OF FLORIDA,2021-05-12,affirm,Affirmed,True,False,,Casanueva; Villanti; Sleet,False,,False,,,,,,,,,,1199,
tzm2CoJdDyE,2D19-3834,2D2019-3834,True,"ROLAND M. GIBSON, JR. AND SABRINA R. GIBSON  vs U. S. BANK NATIONAL ASSOCIATION, ET AL",2021-02-05,affirm,Affirmed,True,False,,Northcutt; Rothstein-Youakim; Labrit,False,,False,,,,,"n Mutual ) Mortgage Pass-Through Certificates ) WMALT 2007-OA5, ) ) Appellee. ) ) Opinion filed February 5, 2021. Appeal from the Circuit Court for Manatee County; Charles P. Sniffen, Judge. Roland M. Gibson, Jr., and Sabrina R. Gibson, pro se. Allison Morat of Bitman O'Brien & Morat PLLC, Lake Mary",,,,,1449,
u-ZyJTGhZiE,2D20-587,2D2020-0587,True,"HERITAGE PROPERTY AND CASUALTY INSURANCE COMPANY  vs SUPERIOR CONTRACTING & ENVIRONMENTAL SPECIALTIES, LLC, A/A/O VILLAGES AT STELLA MARIS COA 2700, INC.",2021-03-26,reverse,Reversed and remanded for further proceedings,False,False,Smith,Smith; Lucas; Rothstein-Youakim,False,,False,,,,"pinion filed March 26, 2021. Appeal pursuant to Fla. R. App. P. 9.130 from the Circuit Court for Collier County; Lauren L. Brodie, Judge. Kara Rockenbach Link and David A. Noel of Link & Rockenbach, PA, West Palm Beach; and Jeffrey A. Rubinton and Udoka O. Nwosu of Rubinton & Associates, P.A., Tampa","die, Judge. Kara Rockenbach Link and David A. Noel of Link & Rockenbach, PA, West Palm Beach; and Jeffrey A. Rubinton and Udoka O. Nwosu of Rubinton & Associates, P.A., Tampa, for Appellant. George A. Vaka and Kurt J. Rosales of Vaka Law Group, Tampa; and Mark A. Dombrosky of Smith & Thompson, Tampa",,,,,12217,
u4n289tQsEU,25 1729,2D2025-1729,False,,,,,,,,,,,,,,,,,,,,,,
u7w-Sc1mMLA,22 3569,2D2022-3569,True,RODRIGUEZ-MARTIN v. STATE OF FLORIDA,2025-02-19,affirm,Affirmed,True,True,,Northcutt; Villanti; Morris,False,,False,,Samantha L. Ward,Hillsborough,,"d L. Redfearn of Longwell Lawyers, Orlando (withdrew after briefing); Dayna Maeder of Law Offices of Dayna Maeder, LLC, Orlando (substituted as counsel of record), for Appellant/Cross-Appellee. John Uthmeier, Attorney General, Tallahassee, and Nicole Rochelle Smith, Assistant Attorney General, Tampa",,,,,984,
uBBzx0p2jBM,2D20 1166,2D2020-1166,True,"CHRIS CHESNEY  vs HSBC BANK USA, NATIONAL ASSOCIATION, AS TRUSTEE",2021-05-12,affirm,Affirmed,True,False,,Lucas; Atkinson; Labrit,False,,False,,,,"OND DISTRICT CHRIS CHESNEY, ) ) Appellant, ) ) v. ) Case No. 2D20-1166 ) HSBC BANK USA, NATIONAL ) ASSOCIATION, as Trustee, ) ) Appellee. ) ) Opinion filed May 12, 2021. Appeal from the Circuit Court for Pasco County; Declan P. Mansfield, Judge. Lee Segal of Segal & Schuh Law Group, P.L., Clearwater","as Trustee, ) ) Appellee. ) ) Opinion filed May 12, 2021. Appeal from the Circuit Court for Pasco County; Declan P. Mansfield, Judge. Lee Segal of Segal & Schuh Law Group, P.L., Clearwater, for Appellant. Kathleen D. Kilbride, Sara F. Holladay, and Emily Y. Rottmann of McGuirewoods LLP, Jacksonville",,,,,1193,
uEiqt1fIlhM,24 2283,2D2024-2283,True,,2026-05-29,affirm,Affirmed.,False,False,Atkinson,Atkinson; Northcutt; Rothstein-Youakim,False,,False,,,,,"p. P. 9.130 from the Circuit Court for Sarasota County; Stephen M. Walker, Judge. Shea T. Moxon and Thomas J. Seider, Brannock Berman & Seider, Tampa; Kevin B. Woods, Woods Trial Law, Tampa, for Appellant/Cross- Appellee. Warren B. Kwavnick, The Law Office of Warren B. Kwavnick, PLLC, Pembroke Pines",2D2024-2283,https://www.courtlistener.com/opinion/10866176/x/,10866176,11333627,20062,
uG3pmuysYRs,2D20-1525,2D2020-1525,True,"CHARLOTTE 650, L L C  vs PHILLIP RUCKS CITRUS NURSERY, INC.",2021-04-21,reverse,Reversed and remanded.,False,False,Labrit,Labrit; Silberman; Black,False,,False,,,,"RUCKS CITRUS NURSERY, ) INC., a Florida corporation, ) ) Appellee. ) ___________________________________) Opinion filed April 21, 2021. Appeal from the Circuit Court for Polk County; Catherine I. Combee, Judge. Kristie Hatcher-Bolin, Mark N. Miller, and Adam M. Miller of GrayRobinson, P.A., Lakeland","_____________________) Opinion filed April 21, 2021. Appeal from the Circuit Court for Polk County; Catherine I. Combee, Judge. Kristie Hatcher-Bolin, Mark N. Miller, and Adam M. Miller of GrayRobinson, P.A., Lakeland, for Appellant. Douglas A. Lockwood, III, of Straughn & Turner, P.A., Winter Haven",,,,,16194,
uJFGXtA8mes,2D21 2761,2D2021-2761,True,ELICIA GOLDBERG  vs KATHY TAM AND DAVID TAM,2022-12-28,affirm,Affirmed,True,False,,Morris; Sleet; Lucas,False,,False,,Thomas M. Ramsberger,Pinellas,"DISTRICT COURT OF APPEAL OF FLORIDA SECOND DISTRICT ELICIA GOLDBERG, Appellant, v. KATHY TAM and DAVID TAM, Appellees. No. 2D21-2761 December 28, 2022 Appeal from the Circuit Court for Pinellas County; Thomas M. Ramsberger, Judge. Andrew J. Plagge of Denmon Pearlman, St. Petersburg","om the Circuit Court for Pinellas County; Thomas M. Ramsberger, Judge. Andrew J. Plagge of Denmon Pearlman, St. Petersburg, for Appellant. DeeAnn J. McLemore and Charles W. Hall of Banker Lopez Gassler P.A., St. Petersburg; and Ezequiel Lugo and Sarah Lahlou-Amine of Banker Lopez Gassler P.A., Tampa",,,,,874,
uMG2qB3n0hQ,23 0044,2D2023-0044,True,Moschella v. State of Florida,2025-04-09,reverse,Reversed and remand for dismissal of the charges.,False,True,,Northcutt; Kelly; Khouzam,False,,False,,Frederick P. Mercurio,Manatee,,"ppellee. No. 2D2023-0044 April 9, 2025 Appeal from the Circuit Court for Manatee County; Frederick P. Mercurio, Judge. Michael Ufferman of Michael Ufferman Law Firm, P.A., Tallahassee, for Appellant. James Uthmeier, Attorney General, Tallahassee, and David Campbell, Assistant Attorney General, Tampa",,,,,3650,
uS52e2C7tbE,2D19-3280,2D2019-3280,True,"LINDA MYERS  vs HYDRAULIC HOSE OF HILLSBOROUGH, L L C, ET AL",2020-09-16,affirm,Affirmed,True,False,,Northcutt; Morris; Lucas,False,,False,,,,"ase No. 2D19-3280 ) HYDRAULIC HOSE OF HILLSBOROUGH, ) LLC, and BRIAN O'DONNELL, ) ) Appellees. ) ) Opinion filed September 16, 2020. Appeal from the Circuit Court for Hillsborough County; Robert A. Foster, Jr., and Ralph C. Stoddard, Judges. Craig L. Berman, of Berman Law Firm, P.A, Saint Petersburg","iled September 16, 2020. Appeal from the Circuit Court for Hillsborough County; Robert A. Foster, Jr., and Ralph C. Stoddard, Judges. Craig L. Berman, of Berman Law Firm, P.A, Saint Petersburg for Appellant. Robert J. Aranda, and Edward B, Kerr, of Campbell, Trohn, Tamayo, and Aranda, P.A., Lakeland",,,,,1108,
uVjgfXv3Z_U,24 0475,2D2024-0475,True,"MHC HOLDINGS, INC. v. PHYSICIAN PARTNERS, LLC",2024-12-06,affirm,Affirmed,True,True,,Villanti; Black; Labrit,False,,False,,,," INC., Appellant, v. PHYSICIAN PARTNERS, LLC, Appellee. No. 2D2024-0475 December 6, 2024 Appeal pursuant to Fla. R. App. P. 9.130 from the Circuit Court for Hillsborough County; Paul L. Huey, Judge. Stacy D. Blank, Paul McDermott, Nicole B. Rankin and Avery A. Holloman of Holland & Knight LLP, Tampa","p. P. 9.130 from the Circuit Court for Hillsborough County; Paul L. Huey, Judge. Stacy D. Blank, Paul McDermott, Nicole B. Rankin and Avery A. Holloman of Holland & Knight LLP, Tampa, for Appellant. Diana N. Evans, B. Ben Dachepalli and Michael J. Birnkrant of Bradley Arant Boult Cummings LLP, Tampa",,,,,900,
uWmq_CuaCJg,2D20 1355,2D2020-1355,True,"JOHN MICHAEL COSENTINO   vs SARASOTA COUNTY, FL, ET AL",2021-06-11,affirm,Affirmed,False,False,Rothstein-Youakim,Rothstein-Youakim; Lucas; Atkinson,False,,False,,Andrea McHugh,Sarasota,,"eal from the Circuit Court for Sarasota County; Andrea McHugh, Judge. John Michael Cosentino, pro se. Janelle A. Weber of Manta Law, Tampa, (withdrew after briefing) for Appellant Reopen Beach Road, Inc. Frederick J. Elbrecht, County Attorney, and David M. Pearce, Assistant County Attorney, Sarasota",,,,,12942,
uXdiLZZtuBQ,22 642,2D2022-0642,True,JEFFREY MURPHY VS STATE OF FLORIDA,2023-07-26,reverse,Reversed - Per Curiam Opinion ~ and remanded.,False,True,,Casanueva; Kelly; Khouzam,False,,False,,Philip J. Federico,Pinellas," OF FLORIDA SECOND DISTRICT JEFFREY MURPHY, Appellant, v. STATE OF FLORIDA, Appellee. No. 2D22-642 July 26, 2023 Appeal from the Circuit Court for Pinellas County; Philip J. Federico, Judge. Sara Mollo, Public Defender; Maria DeLiberato and Stacey M. Schroeder, Assistant Public Defenders, Clearwater","ircuit Court for Pinellas County; Philip J. Federico, Judge. Sara Mollo, Public Defender; Maria DeLiberato and Stacey M. Schroeder, Assistant Public Defenders, Clearwater, for Appellant. Ashley Moody, Attorney General, Tallahassee, and Katherine Coombs Cline, Senior Assistant Attorney General, Tampa",,,,,10550,
ucoGa0G1Db0,23 1315,2D2023-1315,True,"MHC CORTEZ VILLAGE, LLC v. CORTEZ ROAD INVESTMENTS AND FINANCE, INC., SOUTHWEST FLORIDA WATER MANAGEMENT",2024-05-03,affirm,Affirmed,True,True,,Northcutt; Khouzam; Morris,False,,False,,,,"TER MANAGEMENT DISTRICT, Appellees. No. 2D2023-1315 May 3, 2024 Appeal from the Governing Board of the Southwest Florida Water Management District. Daniel E. Nordby and Elise M. Engle of Shutts & Bowen LLP, Tallahassee; and Matthew R. Chait and Devon A. Woolard of Shutts & Bowen LLP, West Palm Beach","of the Southwest Florida Water Management District. Daniel E. Nordby and Elise M. Engle of Shutts & Bowen LLP, Tallahassee; and Matthew R. Chait and Devon A. Woolard of Shutts & Bowen LLP, West Palm Beach, for Appellant. Susan Roeder Martin of Nason, Yeager, Gerson, Harris & Fumero, P.A., Boca Raton",,,,,1175,
ufqplTmUxvo,2D20-406,2D2020-0406,True,EDELMIRO DUARTE  vs SNAP-ON INCORPORATED,2021-02-24,affirm,Affirmed,True,False,,,False,,False,,,,"ECOND DISTRICT EDELMIRO DUARTE, ) ) Appellant, ) ) v. ) Case No. 2D20-406 ) SNAP-ON INC. and NORMAN MULLINS, ) ) Appellees. ) ) Opinion filed February 24, 2021. Appeal from the Circuit Court for Lee County; Joseph C. Fuller, Jr., Judge. Benjamin D. Lusk of Lusk, Drasites & Tolisano, P.A., Cape Coral","6 ) SNAP-ON INC. and NORMAN MULLINS, ) ) Appellees. ) ) Opinion filed February 24, 2021. Appeal from the Circuit Court for Lee County; Joseph C. Fuller, Jr., Judge. Benjamin D. Lusk of Lusk, Drasites & Tolisano, P.A., Cape Coral, for Appellant. Lissette Gonzalez of Cole, Scott & Kissane, P.A., Miami",,,,,1314,
uhQ6WUUnR2s,22 4019,2D2022-4019,True,"ENGLEWOOD COMMUNITY HOSPITAL, INC., SARASOTA DOCTORS HOSPITAL, INC. v. SARASOTA COUNTY, VENICE HMA, LLC, et al",2024-07-31,mixed,Affirmed in part; reversed in part; remanded with instructions.,False,False,Atkinson,Atkinson; Morris; Black,False,,False,,,,,"Associates, Melbourne, for Appellant Venice HMA, LLC, d/b/a Venice Regional Medical Center. Frederick J. Elbrecht, County Attorney, and Karl A. Senkow, Chief Deputy County Attorney, Office of the County Attorney, Sarasota; Raymond T. Elligett, Jr., and Amy S. Farrior of Buell & Elligett, P.A., Tampa",,,,,52065,
uifBV2hbeSc,22 1890,2D2022-1890,True,"CARA A. SURDI VS RONEN, LLC",2023-06-16,affirm,Affirmed - Per Curiam Affirmed,True,True,,Casanueva; Khouzam; Atkinson,False,,False,,Susan G. Barthle,Pasco,,"NANT #1; and UNKNOWN TENANT #2, Appellees. No. 2D22-1890 June 16, 2023 Appeal from the Circuit Court for Pasco County; Susan G. Barthle, Judge. Michael Alex Wasylik of Ricardo & Wasylik, P.L., Dade City, for Appellant. Matthew R. Feluren and Anthony R. Smith of Tiffany & Bosco, P.A., Fort Lauderdale",,,,,1161,
uoBg4UShvkI,25 0898,2D2025-0898,True,SCOTT REED v. JALINA SABATOSE f/k/a JALINA REED,2025-11-14,affirm,Affirmed.,True,True,,,False,,False,,,,"DISTRICT COURT OF APPEAL OF FLORIDA SECOND DISTRICT SCOTT REED, Appellant, v. JALINA SABATOSE f/k/a JALINA REED, Appellee. No. 2D2025-0898 November 14, 2025 Appeal from the Circuit Court form Manatee County; Charles P. Sniffen, Judge. Jorge Martinez of Mackey Law Group, P.A., Bradenton","ICT SCOTT REED, Appellant, v. JALINA SABATOSE f/k/a JALINA REED, Appellee. No. 2D2025-0898 November 14, 2025 Appeal from the Circuit Court form Manatee County; Charles P. Sniffen, Judge. Jorge Martinez of Mackey Law Group, P.A., Bradenton, for Appellant. Teresa O. Prescott of Hunter Law, P.A., Tampa",2D2025-0898,https://www.courtlistener.com/opinion/10751925/x/,10751925,11218510,762,
upvwwwK2sVA,23 655,,False,,,,,,,,,,,,,,,,,,,,,,
uuAhGVKP4nI,22 3333,2D2022-3333,True,VINCENT ROBERSON VS STATE OF FLORIDA,2023-10-04,affirm,Affirmed - Per Curiam Affirmed,True,True,,Kelly; Villanti; Black,False,,False,,Joseph A. Bulone,Pinellas,,", Appellee. No. 2D22-3333 October 4, 2023 Appeal from the Circuit Court for Pinellas County; Joseph A. Bulone, Judge. J. Andrew Crawford of J. Andrew Crawford, P.A., St. Petersburg, for Appellant. Ashley Moody, Attorney General, Tallahassee, and James A. Hellickson, Assistant Attorney General, Tampa",,,,,817,
uv5B59B-vTY,22 3316,2D2022-3316,True,JOHN ANDREOPOULOS VS LILIANA ANDREOPOULOS,2023-12-20,affirm,Affirmed - Per Curiam Affirmed,True,True,,,False,,False,,David R. Ellis,Pinellas,"DISTRICT COURT OF APPEAL OF FLORIDA SECOND DISTRICT JOHN ANDREOPOULOS, Appellant, v. LILIANA ANDREOPOULOS, Appellee. No. 2D22-3316 December 20, 2023 Appeal from the Circuit Court for Pinellas County; David R. Ellis, Judge. Stanford R. Solomon and Laura H. Howard of The Solomon Law Group, P.A., Tampa","Appellee. No. 2D22-3316 December 20, 2023 Appeal from the Circuit Court for Pinellas County; David R. Ellis, Judge. Stanford R. Solomon and Laura H. Howard of The Solomon Law Group, P.A., Tampa, for Appellant. Brandon S. Vesely and Shannon Troutman of The Florida Appellate Firm, P.A., St. Petersburg",,,,,820,
uyYhB3DO2aY,2D18-3537,2D2018-3537,True,"BUCK - LEITER PALM AVE. DEVELOPMENT, L L C  vs CITY OF SARASOTA",2021-03-17,affirm,Affirmed,True,False,,Northcutt; Casanueva; Atkinson,False,,False,,,,,"nigliaro of Carlton Fields, P.A., Tampa; Thomas E. Leiter of The Leiter Group Attorneys & Counselors, Peoria, Illinois; and Edmund S. Whitson III of Adams & Reese LLP, Tampa, for Appellant/Cross-Appellee. David A. Wallace, Morgan R. Bentley, And Brian D. Goodrich of Bentley & Bruning, P.A., Sarasota",,,,,1313,
v1q-z-6v7_M,22 3338,2D2022-3338,True,HOSSEIN AFGHANI VS OLD REPUBLIC NATIONAL TITLE INSURANCE COMPANY,2023-06-23,affirm,Affirmed - Per Curiam Affirmed,True,True,,Morris; Silberman; Sleet,False,,False,,Caroline Tesche Arkin,Hillsborough,"RICT COURT OF APPEAL OF FLORIDA SECOND DISTRICT HOSSEIN AFGANHI, Appellant, v. OLD REPUBLIC NATIONAL TITLE INSURANCE COMPANY, Appellee. No. 2D22-3338 June 23, 2023 Appeal from the Circuit Court for Hillsborough County; Caroline Tesche Arkin, Judge. Michael A. Linsky of Michael A. Linsky, P.A., Tampa",,,,,,795,
v4QcrhzlrKw,2D20-454,2D2020-0454,True,R. S.  vs S. K.,2021-03-12,reverse,Reversed and remanded for further proceedings.,False,False,Northcutt,Northcutt,False,,False,,,,"COURT OF APPEAL OF FLORIDA SECOND DISTRICT R.S., ) ) Appellant, ) ) v. ) Case No. 2D20-454 ) S.K., ) ) Appellee. ) ________________________________ ) Opinion filed March 12, 2021. Appeal from the Circuit Court for Polk County; Reinaldo Ojeda, Judge. Jean M. Henne of Jean M. Henne, P.A., Winter Haven"," ) ) v. ) Case No. 2D20-454 ) S.K., ) ) Appellee. ) ________________________________ ) Opinion filed March 12, 2021. Appeal from the Circuit Court for Polk County; Reinaldo Ojeda, Judge. Jean M. Henne of Jean M. Henne, P.A., Winter Haven, for Appellant. Scott K. Spivack of Spivack Law, P.A. Lakeland",,,,,6185,
v5yer3CxH_I,2D20 56,2D2020-0056,True,"DOLORES KEELER, INDIVIDUALLY AND AS PERSONAL REPRESENTATIVE OF THE ESTATE OF ROBERT LEVESQUE vs ANDREW'S FLORIST ON 4TH STREET NORTH, INC., ET AL",2021-05-14,affirm,Affirmed,True,False,,Casanueva; Villanti; Sleet,False,,False,,,,"ay 14, 2021. Appeal pursuant to Fla. R. App. P. 9.130 from the Circuit Court for Pinellas County; Thomas H. Minkoff, Judge. John S. Mills and Helen Peacock Roberson (withdrew after briefing) of Bishop & Mills, PLLC, Jacksonville; and Courtney Brewer and Jonathan Martin of Bishop & Mills, Tallahassee","Pinellas County; Thomas H. Minkoff, Judge. John S. Mills and Helen Peacock Roberson (withdrew after briefing) of Bishop & Mills, PLLC, Jacksonville; and Courtney Brewer and Jonathan Martin of Bishop & Mills, Tallahassee, for Appellant. Brent Steinberg and Brandon Cathey of Swope, Rodante P.A., Tampa",,,,,1742,
vGEGCKtxIrI,2D21 360,2D2021-0360,True,"THE SOLOMON LAW GROUP, P. A.  vs DOVENMUEHLE MORTGAGE, INC.",2021-12-08,reverse,Reversed and remanded with instructions.,False,False,Lucas,Lucas; Villanti; Smith,False,,False,,Emily Peacock,Hillsborough," APPEAL OF FLORIDA SECOND DISTRICT THE SOLOMON LAW GROUP, P.A., Appellant, v. DOVENMUEHLE MORTGAGE, INC., Appellee. No. 2D21-360 December 8, 2021 Appeal from the Circuit Court for Hillsborough County; Emily Peacock, Judge. Stanford R. Solomon and Laura H. Howard of The Solomon Law Group, P.A., Tampa","lee. No. 2D21-360 December 8, 2021 Appeal from the Circuit Court for Hillsborough County; Emily Peacock, Judge. Stanford R. Solomon and Laura H. Howard of The Solomon Law Group, P.A., Tampa, for Appellant. Gary S. Rosner, Evan S. Rosenberg, and Timothy R. Scolaro of Ritter Chusid, LLP, Coral Springs",,,,,12686,
vJTb0FItntk,2D18-5120,2D2018-5120,True,"UNITED SERVICES AUTOMOBILE ASSOCIATION  vs ROBYN L. REY, ET AL",2020-08-05,reverse,Reversed and remanded.,False,False,Lucas,Lucas; Casanueva; Smith,False,,False,,,,"TION, a foreign corporation, ) ) Appellant, ) v. ) Case No. 2D18-5120 ) ROBYN L. REY, ALICIA CRUZ and ) CONSUELO MOLINA, ) ) Appellees. ) ) Opinion filed August 5, 2020. Appeal from the Circuit Court for Hillsborough County; Elizabeth G. Rice, Judge. Ezequiel Lugo of Banker, Lopez and Gassler, Tampa","N L. REY, ALICIA CRUZ and ) CONSUELO MOLINA, ) ) Appellees. ) ) Opinion filed August 5, 2020. Appeal from the Circuit Court for Hillsborough County; Elizabeth G. Rice, Judge. Ezequiel Lugo of Banker, Lopez and Gassler, Tampa, for Appellant. George A. Vaka and Nancy A. Lauten of Vaka Law Group, Tampa",,,,,15894,
vN7Ibid555Q,2D20 3594,2D2020-3594,True,GERHARD KALKE  vs ALICIA KALKE,2021-12-29,affirm,Affirmed,False,False,Rothstein-Youakim,Rothstein-Youakim; Casanueva; Kelly,False,,False,,Cynthia Newtown,Pinellas,"DISTRICT COURT OF APPEAL OF FLORIDA SECOND DISTRICT GERHARD G. KALKE, Appellant, v. ALICIA E. KALKE, Appellee. No. 2D20-3594 December 29, 2021 Appeal from the Circuit Court for Pinellas County; Cynthia Newtown, Judge. Jane H. Grossman, St. Petersburg",", Appellant, v. ALICIA E. KALKE, Appellee. No. 2D20-3594 December 29, 2021 Appeal from the Circuit Court for Pinellas County; Cynthia Newtown, Judge. Jane H. Grossman, St. Petersburg, for Appellant. Stephen D. Gregg and Peter N. Meros of Meros, Smith, Lazzara, Brennan & Brennan, P.A., St. Petersburg",,,,,7776,
vQq7aRsTHOY,2D19-1844,2D2019-1844,True,ALFRED RANARD JENKINS  vs STATE OF FLORIDA,2021-03-05,affirm,Affirmed,True,False,,Villanti; Rothstein-Youakim; Atkinson,False,,False,,,,"FRED RANARD JENKINS, ) ) Appellant, ) ) v. ) Case No. 2D19-1844 ) STATE OF FLORIDA, ) ) Appellee. ) ) Opinion filed March 5, 2021. Appeal from the Circuit Court for Polk County; Jalal A. Harb, Judge. Howard L. Dimmig, II, Public Defender, and Alice B. Copek, Special Assistant Public Defender, Bartow",,,,,,1200,
vRIiBEOfNbE,2D22 358,2D2022-0358,True,"LEE COUNTY  vs MINUS FORTY TECHNOLOGIES CORP. USA, ET AL",2022-06-15,affirm,Affirmed,True,False,,Black; Rothstein-Youakim; Smith,False,,False,,,,,". 2D22-358 June 15, 2022 Appeal pursuant to Fla. R. App. P. 9.130 from the Circuit Court for Lee County; Joseph C. Fuller, Jr., Judge. Jennifer S. Gutmore, Assistant County Attorney, Fort Myers, for Appellant. Daniel J. Fleming and Kevin D. Tragesser of Johnson Pope Bokor Ruppel & Burns, LLP , Tampa",,,,,1292,
vSN-ejQQmcM,2D20 3040,2D2020-3040,True,"AUDREY A BRYAN  vs GARY FERNALD, AS ADMINISTRATOR, ET AL",2021-08-18,affirm,Affirmed,True,False,,Northcutt; Atkinson; Smith,False,,False,,Pamela A. Campbell,Pinellas,"ppellant, v. GARY M. FERNALD, as administrator ad litem; and EDWARD JOHN, as the surviving spouse, Appellees. No. 2D20-3040 August 18, 2021 Appeal from the Circuit Court for Pinellas County; Pamela A. Campbell, Judge. Heather A. DeGrave and Stuart Jay Levine of Walters Levine Lozano & DeGrave, Tampa","llees. No. 2D20-3040 August 18, 2021 Appeal from the Circuit Court for Pinellas County; Pamela A. Campbell, Judge. Heather A. DeGrave and Stuart Jay Levine of Walters Levine Lozano & DeGrave, Tampa, for Appellant. Shaun M. Cummings, Wil H. Florin, and John J. Hart of Florin Roebig, P.A., Palm Harbor",,,,,900,
vTDiWB5ld8k,2D18-5104,,False,,,,,,,,,,,,,,,,,,,,,,
vU_AqwQy_yk,22 2858,2D2022-2858,True,MICHAEL DEFURIA VS STATE OF FLORIDA,2023-10-25,affirm,Affirmed - Per Curiam Affirmed,True,True,,Casanueva; Lucas; Labrit,False,,False,,Philip J. Federico,Pinellas,,"pellee. No. 2D22-2858 October 25, 2023 Appeal from the Circuit Court for Pinellas County; Philip J. Federico, Judge. Michael Ufferman of Michael Ufferman Law Firm, P.A., Tallahassee, for Appellant. Ashley Moody, Attorney General, Tallahassee, and Jonathan P. Hurley, Assistant Attorney General, Tampa",,,,,828,
vYhKoEcvBcY,2D21 931,2D2021-0931,True,"PRAKASH M. PATEL  vs US BANK NA AS LEGAL TITLE TRUSTEE FOR TRUMAN 2012 SC2 TITLE TRUST, ET AL",2022-11-09,affirm,Affirmed,True,False,,Northcutt; Casanueva; Khouzam,False,,False,,Paul L. Huey,Hillsborough,,"aving or claiming to have any right, title or interest in the property herein described, Appellees. No. 2D21-931 November 9, 2022 Appeal from the Circuit Court for Hillsborough County; Paul L. Huey, Judge. Prakash Patel, pro se. Adam A. Diaz and Roy Diaz of Diaz Anselmo & Associates P.A., Plantation",,,,,1242,
val8t4eNFg0,24 0382,2D2024-0382,True,"Johns Hopkins All Children's Hospital,  Inc. v. Kowalski, Kowalski, et al",2025-10-29,reverse,Reversed and remanded with instructions.,False,False,Black,Black,False,,False,,Hunter W. Carroll,Sarasota,"ircuit Court for Sarasota County; Hunter W. Carroll, Judge. Derek M. Stikeleather, Carrie J. Williams, and M. Peggy Chu of Goodell, DeVries, Leech & Dann, LLP, Baltimore, Maryland; Chris W. Altenbernd of Banker Lopez Gassler P.A., Tampa; and Eleanor H. Sills of Banker Lopez Gassler P.A., Tallahassee","lle; Gregory A. Anderson and Jennifer C. Anderson of Anderson Glenn, LLP, Jacksonville; Seldon J. Childers and Nicholas P. Whitney of Childers Law, LLC, Gainesville (substituted as counsel for record); and Raymond T. Elligett, Jr. and Amy S. Farrior of Buell Elligett Farrior & Faircloth, P.A., Tampa",,,,,88558,
vcaQPI7ea6k,2D19-133,2D2019-0133,True,"ROBERT DIPALMA  vs STATE, DEPARTMENT OF MANAGEMENT SERVICES, DIVISION OF RETIREMENT",2020-06-24,affirm,Affirmed without prejudice,False,False,,,False,,False,,,,"AL OF FLORIDA SECOND DISTRICT ROBERT DiPALMA, ) ) Appellant, ) ) v. ) Case No. 2D19-133 ) DEPARTMENT OF MANAGEMENT ) SERVICES DIVISION OF ) RETIREMENT, ) ) Appellee. ) ) Opinion filed June 24, 2020. Appeal from the Department of Management Services. Anthony V. Falzon of Anthony V. Falzon P.A., Miami","T OF MANAGEMENT ) SERVICES DIVISION OF ) RETIREMENT, ) ) Appellee. ) ) Opinion filed June 24, 2020. Appeal from the Department of Management Services. Anthony V. Falzon of Anthony V. Falzon P.A., Miami, for Appellant. Sean W. Gellis, Deputy General Counsel, Office of the General Counsel, Tallahassee",,,,,1276,
vfq_jWg-7cY,22 1808,2D2022-1808,True,"WAL-MART STORES EAST, LP. VS AHMAD AL HINDI",2023-10-18,affirm,Affirmed - Per Curiam Affirmed,True,True,,Silberman; Villanti; Rothstein-Youakim,False,,False,,Christopher C. Nash,Hillsborough,,"County; Christopher C. Nash, Judge. Jack R. Reiter and Sydney M. Feldman of GrayRobinson, P.A., Miami, for Appellant. David M. Caldevilla of de la Parte, Gilbert, McNamara & Caldevilla, P.A., Tampa; Jeffrey Gordon of Maney Gordon Trial Lawers, Tampa; and Mark H. Wright of Mark H. Wright, PLLC, Tampa",,,,,981,
vgh-3ugE-oA,22 1394 & 3196 & 2869,2D2022-1394,True,"KOZEL v. KOZEL, THE GOKANA TRUST, 3601 SETAI, LLC, et al",2024-11-20,affirm,Affirmed,True,True,,Silberman; Black; Rothstein-Youakim,False,,False,,,,"1394 November 20, 2024 Appeal pursuant to Fla. R. App. P. 9.130 from the Circuit Court for Sarasota County; Kimberly C. Bonner, Judge. Joseph T. Eagleton and Steven L. Brannock of Brannock Berman & Seider, Tampa; and Jeffrey D. Fisher and Zachary R. Potter of Fisher Potter Hodas, PL, West Palm Beach","ph T. Eagleton and Steven L. Brannock of Brannock Berman & Seider, Tampa; and Jeffrey D. Fisher and Zachary R. Potter of Fisher Potter Hodas, PL, West Palm Beach, for Appellant. John G. Crabtree, Charles M. Auslander, Brian C. Tackenberg, and Linda A. Wells of Crabtree & Auslander, LLC, Key Biscayne",,,,,1134,
vhKXTFqFess,23 0489,2D2023-0489,True,"DOUGHERTY v. HABERMAN, SCOVILL, et al",2024-06-26,affirm,Affirmed,True,True,,Sleet; Casanueva; Khouzam,False,,False,,Hunter W. Carroll,Sarasota,,"EATHER NICHOLE RHOADSANDERS; VIKTORIA FAYE GAVRE; DOES 1-100, Appellees. No. 2D2023-0489 June 26, 2024 Appeal from the Circuit Court for Sarasota County; Hunter W. Carroll, Judge. Kristen Dougherty, pro se. Shannon L. Troutman and Brandon S. Vesely of The Florida Appellate Firm, P.A., St. Petersburg",,,,,1730,
vlWVZekXDC0,23 1369,2D2023-1369,True,PANARO v. STATE OF FLORIDA,2024-12-13,reverse,Reversed and remanded for further proceedings.,False,False,Rothstein-Youakim,Rothstein-Youakim; Villanti; Black,False,,False,,Dorothy Vaccaro,Pinellas,"DISTRICT COURT OF APPEAL OF FLORIDA SECOND DISTRICT STEPHEN LAWRENCE PANARO, Appellant, v. STATE OF FLORIDA, Appellee. No. 2D2023-1369 December 13, 2024 Appeal from the County Court for Pinellas County; Dorothy Vaccaro, Judge. J. Jervis Wise of Brunvand Wise, P.A., Clearwater","F FLORIDA, Appellee. No. 2D2023-1369 December 13, 2024 Appeal from the County Court for Pinellas County; Dorothy Vaccaro, Judge. J. Jervis Wise of Brunvand Wise, P.A., Clearwater, for Appellant. Ashley Moody, Attorney General, Tallahassee, and Nicole Rochelle Smith, Assistant Attorney General, Tampa",,,,,12439,
vmUkvpuojwU,23 1342,2D2023-1342,True,"AMERICAN INFOAGE, LLC v. GF LAKE, LLC",2024-05-03,affirm,Affirmed,True,True,,,False,,False,,Darren D. Farfante,Hillsborough,"ty company, Appellant, v. GF LAKE, LLC, a Florida limited liability company, Appellee. No. 2D2023-1342 May 3, 2024 Appeal from the Circuit Court for Hillsborough County; Darren D. Farfante, Judge. Aaron M. Clark of Gamble Clark LLP, Atlanta, Georgia, and R. Gale Porter of Porter Law Group LLC, Tampa","ounty; Darren D. Farfante, Judge. Aaron M. Clark of Gamble Clark LLP, Atlanta, Georgia, and R. Gale Porter of Porter Law Group LLC, Tampa, for Appellant. W. Gregory Golson of Mechanik Nuccio Hearne & Wester, P.A., Tampa, and Raymond T. Elliget, Jr. and Amy S. Farrior of Buell & Elligett, P.A., Tampa",,,,,983,
vn3YyMtifxQ,25 0342,2D2025-0342,True,"MONIER RAHALL v. INXS V, LLC; INXS VI, LLC; INXS VII, LLC; JJJ FAMILY LLLP; SENSIBLE",2026-03-11,affirm,Affirmed.,True,True,,Khouzam; Morris; Black,False,,False,,Melissa M. Polo,Hillsborough,"C; JJJ FAMILY LLLP; SENSIBLE PROPERTY MANAGEMENT, INC.; DANIEL FEINMAN; SHERRILL MICKEY; DAVID LOWREY; and PEER TITLE, INC., Appellees. No. 2D2025-0342 March 11, 2026 Appeal from the Circuit Court for Hillsborough County; Melissa M. Polo, Judge. Jawdet I. Rubaii of Jawdet I. Rubaii, P.A., Clearwater","it Court for Hillsborough County; Melissa M. Polo, Judge. Jawdet I. Rubaii of Jawdet I. Rubaii, P.A., Clearwater, for Appellant. Tracy S. Carlin, Steven L. Brannock, and Sarah B. Roberge of Brannock Berman & Seider, Tampa; and Jeffrey P. Lieser and William E. Roberts of Lieser Skaff Alexander, Tampa",2D2025-0342,https://www.courtlistener.com/opinion/10807058/x/,10807058,11273796,1275,
vpYV9hy0qIs,2D20-2184,2D2020-2184,True,F. FRED PEZESHKAN  vs MANHATTAN CONSTRUCTION FLORIDA INC.,2021-03-26,reverse,Reversed and remanded,False,False,Black,Black; Casanueva; Villanti,False,,False,,,,,,,,,,14556,
vrlx7jW13uE,2D20-192,2D2020-0192,True,DEPARTMENT OF HIGHWAY SAFETY AND MOTOR VEHICLES  vs RICHARD ALAN CHAKRIN,2020-10-14,granted,Granted ; order quashed.,False,False,,Kelly; Black,False,,False,,,,,,,,,,42633,
vt7JbluZ_PA,23 2567,2D2023-2567,True,"VAZQUEZ, VAZQUEZ v. SAFEPOINT INSURANCE COMPANY",2025-04-02,affirm,Affirmed,True,True,,Kelly; Villanti; Rothstein-Youakim,False,,False,,Emily A. Peacock,Hillsborough,"EAL OF FLORIDA SECOND DISTRICT FLORMARIE VAZQUEZ and YULY VAZQUEZ, Appellants, v. SAFEPOINT INSURANCE COMPANY, Appellee. No. 2D2023-2567 April 2, 2025 Appeal from the Circuit Court for Hillsborough County; Emily A. Peacock, Judge. Mark A. Nation and Paul W. Pritchard of The Nation Law Firm, Longwood","URANCE COMPANY, Appellee. No. 2D2023-2567 April 2, 2025 Appeal from the Circuit Court for Hillsborough County; Emily A. Peacock, Judge. Mark A. Nation and Paul W. Pritchard of The Nation Law Firm, Longwood, for Appellants. Patrick M. Chidnese and Frieda C. Lindroth of Bickford & Chidnese, LLP, Tampa",,,,,865,
vuWBnWEaoZk,23 1190,2D2023-1190,True,KEETLEY v. STATE OF FLORIDA,2025-02-21,affirm,Affirmed,True,True,,Kelly; Khouzam; Atkinson,False,,False,,Christopher C. Sabella,Hillsborough,"T OF APPEAL OF FLORIDA SECOND DISTRICT MICHAEL KEETLEY, Appellant, v. STATE OF FLORIDA, Appellee No. 2D2023-1190 February 21, 2025 Appeal from the Circuit Court for Hillsborough County; Christopher C. Sabella, Judge. Deborah A. Goins and Richard Escobar of Escobar, Michaels & Associates, P.A., Tampa","2025 Appeal from the Circuit Court for Hillsborough County; Christopher C. Sabella, Judge. Deborah A. Goins and Richard Escobar of Escobar, Michaels & Associates, P.A., Tampa, for Appellant. James Uthmeier, Attorney General, Tallahassee, and Wendy Buffington, Senior Assistant Attorney General, Tampa",,,,,861,
w4Uq3t2_6hI,24 2463,2D2024-2463,True,"Simek, Simek v. Heritage Property & Casualty Insurance Company",2025-10-01,reverse,Reversed and remanded.,False,False,,Khouzam; Sleet,False,,False,,,,", Appellants, v. HERITAGE PROPERTY & CASUALTY INSURANCE COMPANY, Appellee. No. 2D2024-2463 October 1, 2025 Appeal pursuant to Fla. R. App. P. 9.130 from the Circuit Court for Hillsborough County; Melissa Polo, Judge. Sandford B. Kinne and Jeremy D. Bailie of Weber, Crabb & Wein, P.A., St. Petersburg","ANY, Appellee. No. 2D2024-2463 October 1, 2025 Appeal pursuant to Fla. R. App. P. 9.130 from the Circuit Court for Hillsborough County; Melissa Polo, Judge. Sandford B. Kinne and Jeremy D. Bailie of Weber, Crabb & Wein, P.A., St. Petersburg, for Appellants. Angela C. Flowers of Kubicki Draper, Ocala",,,,,6963,
wA45igFnEqE,23 2543,2D2023-2543,True,ITURRIA v. STATE OF FLORIDA,2024-12-06,affirm,Affirmed,True,True,,,False,,False,,Gregory G. Groger,Pasco,,,,,,,925,
wChlqwj6xfg,22 2653,2D2022-2653,True,"GREENSPIRE GLOBAL, INC. AND STEVEN M. KNAUSS VS SARASOTA GREEN GROUP, LLC",2023-06-23,reverse,Reversed - Authored Opinion ~ and remanded.,False,False,Northcutt,Northcutt,False,,False,,,,", and STEVEN M. KNAUSS, Appellants, v. SARASOTA GREEN GROUP, LLC, Appellee. No. 2D22-2653 June 23, 2023 Appeal pursuant to Fla. R. App. P. 9.130 from the Circuit Court for Manatee County; Edward Nicholas, Judge. James L. Essenson, Barbara J. Welch, and Matthew J. Kelly of Essenson Law Firm, Sarasota",,,,,,7300,
wDfKbb1fUDg,2D21 490,2D2021-0490,True,"DEPT. OF CHILDREN & FAMILIES  vs FLORIDA PUBLIC EMPLOYEES COUNCIL 79, AMERICAN FEDERATION OF STATE, COUNTY, AND MUNICIPAL EMPLOYEES",2021-11-05,affirm,Affirmed,True,False,,,False,,False,,Emmett L. Battles,Hillsborough,"REN AND FAMILIES, Appellant, v. FLORIDA PUBLIC EMPLOYEES COUNCIL 79, AMERICAN FEDERATION OF STATE, COUNTY, AND MUNICIPAL EMPLOYEES, Appellee. No. 2D21-490 November 5, 2021 Appeal from the Circuit Court for Hillsborough County; Emmett L. Battles, Judge. Deanne Fields, Assistant General Counsel, Tampa","ERICAN FEDERATION OF STATE, COUNTY, AND MUNICIPAL EMPLOYEES, Appellee. No. 2D21-490 November 5, 2021 Appeal from the Circuit Court for Hillsborough County; Emmett L. Battles, Judge. Deanne Fields, Assistant General Counsel, Tampa, for Appellant. Osnat K. Rind of Phillips, Richard & Rind, P.A., Miami",,,,,842,
wEFSNU2y7ZI,24 0982,2D2024-0982,False,,,,,,,,,,,,,,,,,,,,,,
wGcVllq7ne8,2D21 430,2D2021-0430,True,"BOB GUALTIERI, SHERIFF OF PINELLAS COUNTY  vs CATHERINE RUTENBECK, ET AL",2022-03-11,affirm,Affirmed,True,False,,Atkinson,True,,False,,,,,"March 11, 2022 Appeal pursuant to Fla. R. App. P. 9.130 from the Circuit Court for Pinellas County; Thane B. Covert, Judge. Jason G. Gordillo, Pinellas County Sheriff's Office, Largo, for Appellant. Richard A. Filson of Filson & Penge, P.A., Sarasota; and Adam Brum of Morgan & Morgan, St. Petersburg",,,,,1281,
wIFUv3w2cX0,25 1817,2D2025-1817,True,MATTHEW THOMAS DUNCAN v. ELLEN PATRICIA WALLS,2026-06-03,affirm,Affirmed.,True,True,,,False,,False,,Emily A. Peacock,Hillsborough,,"nt, v. ELLEN PATRICIA WALLS, Appellee. No. 2D2025-1817 June 3, 2026 Appeal from the Circuit Court for Hillsborough County; Emily A. Peacock, Judge. Ethan A. Arthur of Wicker Smith O'Hara, McCoy & Ford, P.A., Tampa, for Appellant. Dane Canaan Heptner of Salter, Healy, Rivera & Heptner, St. Petersburg",2D2025-1817,https://www.courtlistener.com/opinion/10869462/x/,10869462,11336919,803,
wP2iFHvzvvU,2D19-2574,2D2019-2574,True,"5 F, L L C  vs BRUCE N. HAWTHORNE AND CATHLEEN A. HAWTHORNE",2021-02-26,affirm,Affirmed,False,False,Sleet,Sleet; Casanueva; Atkinson,False,,False,,,," ) v. ) Case No. 2D19-2574 ) BRUCE N. HAWTHORNE and ) CATHLEEN A. HAWTHORNE, ) ) Appellees. ) ) Opinion filed February 26, 2021. Appeal from the Circuit Court for Lee County; Keith R. Kyle, Judge. David M. Levin and Jason A. Lessinger of Icard, Merrill, Cullis, Timm, Furen & Ginsburg, P.A., Sarasota",,,,,,13829,
wPQIlOot6tw,23 1366,2D2023-1366,True,"MCCLAMMA v. GLASS, COMMISSIONER",2024-03-27,reverse,Reversed - Authored Opinion ~ and remanded.,False,False,Morris,Morris; Sleet; Labrit,False,,False,,Lawrence M. Lefler,Hillsborough,,"RK GLASS, COMMISSIONER, DEPARTMENT OF LAW ENFORCEMENT, Appellee. No. 2D23-1366 March 27, 2024 Appeal from the Circuit Court for Hillsborough County; Lawrence M. Lefler, Judge. Kyle E. McClamma, pro se. Ashley Moody, Attorney General, Tallahassee, and Caitlin Wilcox, Assistant Attorney General, Tampa",,,,,19233,
wT35oOa7Y-4,22 2107,2D2022-2107,True,"GEICO INDEMNITY INSURANCE COMPANY v. SHAZAM AUTO GLASS, LLC, LOPEZ",2024-08-30,affirm,Affirmed,True,True,,,False,,False,,Lisa A. Allen,Hillsborough,,"ugherty, Tampa, and Jonathan Franklin of Franklin Legal Group, PA, Miami, for Appellant/Cross- Appellee. David M. Caldevilla of de la Parte, Gilbert, McNamara, & Caldevilla, P.A., Tampa; and Keith P. Ligori, Meaghann Ligori, Thomas McFadyen, and Torrey Clifford Taylor of Ligori & Ligori, P.A., Tampa",,,,,1099,
wTYlnXHcGZc,24 1076,2D2024-1076,True,"THEODORE, THEODORE v. PERRY, PERRY, JR., ET AL.",2024-12-27,affirm,Affirmed,True,True,,,False,,False,,,,"Y, SR.; DORIS L. PERRY; MYRTLE PERRY GARDNER; EUGENE PERRY; and IDA PATRICIA PERRY; THEIR ASSIGNS AND HEIRS, Appellees. No. 2D2024-1076 December 27, 2024 Appeal pursuant to Fla. R. App. P. 9.130 from the Circuit Court for Hillsborough County; Christopher C. Nash, Judge. Jean-Jacques A. Darius, Tampa",,,,,,1112,
wTvkeZvB2Ow,2D20 2209,2D2020-2209,True,BLAKE TAYLOR FLOOD  vs MARK A. FLOOD,2021-12-03,affirm,Affirmed,True,False,,Villanti; Khouzam; Rothstein-Youakim,False,,False,,Keith Meyer,Pinellas,,,,,,,829,
w_Ssy_5THjY,2D21 2575,2D2021-2575,True,"ADS BUILDING CONTRACTORS, LLC, ET AL  vs VICTOR FORREST STIMANS",2022-03-25,denied,Denied,True,False,,Morris; Sleet; Smith,False,,False,,,,,,,,,,808,
w_xN4aRv6xY,22 3760,2D2022-3760,True,MANATEE COUNTY SCHOOL BOARD VS KATRINA CHRISTENSEN,2023-10-06,affirm,Affirmed - Per Curiam Affirmed,True,True,,Casanueva; Khouzam; Rothstein-Youakim,False,,False,,Charles P. Sniffen,Manatee," BRADENTON COUNCIL ON AGING, LLC, d/b/a RIVERFRONT NURSING AND REHABILITATION CENTER, a Florida corporation, Appellees. No. 2D22-3760 October 6, 2023 Appeal from the Circuit Court for Manatee County; Charles P. Sniffen, Judge. James C. Valenti and Samuel J. Hensel of James C. Valenti, P.A., Lakeland","-3760 October 6, 2023 Appeal from the Circuit Court for Manatee County; Charles P. Sniffen, Judge. James C. Valenti and Samuel J. Hensel of James C. Valenti, P.A., Lakeland, for Appellant. Susan J. Silverman, Sarasota; and Melton H. Little and Erin M. Brosious of Kallins, Little & Brosious, Palmetto",,,,,1174,
wcQ5k4CkrLU,2D19-2889,2D2019-2889,True,"KENNETH IRVIN, JR.  vs L J'S PACKAGE & LOUNGE INC. D/B/A L J'S LOUNGE, ET AL",2021-03-10,affirm,Affirmed,False,False,Atkinson,Atkinson; Northcutt; Casanueva,False,,False,,,,"JR., ) ) Appellant, ) ) v. ) Case No. 2D19-2889 ) LJ'S PACKAGE & LOUNGE ) INC. d/b/a LJ'S LOUNGE and ) KENNETH R. SALLADAY, ) ) Appellees. ) ) Opinion filed March 10, 2021. Appeal from the Circuit Court for Lee County; Alane Laboda, Judge. Dan R. Stengle of Associates & Bruce L. Scheiner, Fort Myers"," ) INC. d/b/a LJ'S LOUNGE and ) KENNETH R. SALLADAY, ) ) Appellees. ) ) Opinion filed March 10, 2021. Appeal from the Circuit Court for Lee County; Alane Laboda, Judge. Dan R. Stengle of Associates & Bruce L. Scheiner, Fort Myers, for Appellant. Alexandra Valdes of Cole, Scott & Kissane, P.A., Miami",,,,,16928,
wdBYmqaozvI,22 1430,2D2022-1430,True,"DEPT. OF CHILDREN & FAMILIES VS V. D. C. AND S. C., ON BEHALF OF L. X. C., A MINOR",2023-09-15,affirm,Affirmed - Per Curiam Affirmed,True,True,,Northcutt; Casanueva; Khouzam,False,,False,,Charles E. Williams,Sarasota,"ND DISTRICT DEPARTMENT OF CHILDREN AND FAMILIES, Appellant, v. V.D.C. and S.C., on behalf of L.X.C., a minor, Appellee. No. 2D22-1430 September 15, 2023 Appeal from the Circuit Court for Sarasota County; Charles E. Williams, Judge. Thomas M. Gonzalez and Natasha T. Khoyi of GrayRobinson, P.A., Tampa","5, 2023 Appeal from the Circuit Court for Sarasota County; Charles E. Williams, Judge. Thomas M. Gonzalez and Natasha T. Khoyi of GrayRobinson, P.A., Tampa, for Appellant. Thomas J. Seider of Brannock Humphries & Berman, Tampa; and Damian D. Mallard and Alan L. Perez of Mallard Perez, PLLC, Sarasota",,,,,886,
whptoOUXW1M,24 1634,2D2024-1634,True,"Ambler, d/b/a Ambler Law Group v. Bayfront Same Day Surgery Center, LLC, Bayfront Anesthesia Services, P. A., et al",2025-07-18,affirm,Affirmed; remanded with instructions.,False,False,Morris,Morris; Northcutt; Villanti,False,,False,,,," A. DAVIS, individually, as the spouse of ERNEST DWAYNE DAVIS, Appellees. No. 2D2024-1634 July 18, 2025 Appeal pursuant to Fla. R. App. P. 9.130 from the Circuit Court for Pinellas County; Thomas M. Ramsberger, Judge. Samuel J. Salario, Jr., and Caroline May Poor of Lawson Huck Gonzalez, PLLC, Tampa","Fla. R. App. P. 9.130 from the Circuit Court for Pinellas County; Thomas M. Ramsberger, Judge. Samuel J. Salario, Jr., and Caroline May Poor of Lawson Huck Gonzalez, PLLC, Tampa, for Appellant. Isaac R. Ruiz-Carus, Mac A. Greco, Jr., and Andrew J. Wozniak of Greco, Wozniak, & Ruiz-Carus, P.A., Tampa",,,,,4703,
wj5v8RweYs8,23 1766,2D2023-1766,True,"SILLAWAY, SILLAWAY, et al v. BRANDON CROSSROADS BOWL INC., BOJE ENTERPRISES",2024-05-22,dismissed,Dismissed,False,True,,Northcutt; Khouzam; Morris,False,,False,,,,,,,,,,1483,
wmk-xxNjLyk,25 1092,2D2025-1092,False,,,,,,,,,,,,,,,,,,,,,,
wmnSeKrTlY0,23 1762,2D2023-1762,True,"KOCH INVESTMENTS FLORIDA, LLC VS CRUZ BAY PROPERTIES, INC., ET AL.",2024-02-16,affirm,Affirmed - Per Curiam Affirmed,True,True,,Silberman; Villanti; Labrit,False,,False,,,,"RIDA, LLC, Appellant, v. CRUZ BAY PROPERTIES, INC. and HTN TRUST INC., as trustee of the 1465 Watermill Circle Land Trust, Appellees. No. 2D23-1762 February 16, 2024 Appeal pursuant to Fla. R. App. P. 9.130 from the County Court for Pinellas County; Edwin B. Jagger, Judge. Roy C. Skelton, Clearwater"," as trustee of the 1465 Watermill Circle Land Trust, Appellees. No. 2D23-1762 February 16, 2024 Appeal pursuant to Fla. R. App. P. 9.130 from the County Court for Pinellas County; Edwin B. Jagger, Judge. Roy C. Skelton, Clearwater, for Appellant. Erik De L'Etoile of De L'Etoile Law Firm, P.A., Tampa",,,,,1000,
wnDUxGJm6NU,2D19 4784,2D2019-4784,True,CHRISTIAN FLORES  vs STATE OF FLORIDA,2021-05-12,affirm,Affirmed,True,False,,,False,,False,,,,"ICT COURT OF APPEAL OF FLORIDA SECOND DISTRICT CHRISTIAN FLORES, ) ) Appellant, ) ) v. ) Case No. 2D19-4784 ) STATE OF FLORIDA, ) ) Appellee. ) ) Opinion filed May 12, 2021. Appeal from the Circuit Court for Collier County; Joseph G. Foster, Judge. Keith W. Upson of The Upson Law Group, P.L., Naples",,,,,,1170,
wnbfq2BUdyw,2D22 952,,False,,,,,,,,,,,,,,,,,,,,,,
wqjAFlHx7iI,24 2891,2D2024-2891,True,"ASSOCIATED RECEIVABLES FUNDING, INC. v. ADVANCE TECHNOLOGY SOLUTIONS OF GEORGIA, LLC;",2025-10-24,affirm,Affirmed.,True,True,,Northcutt; Black; Atkinson,False,,False,,Laura E. Ward,Hillsborough,,"KINS; CITIBANK, N.A.; and IDC TECHNOLOGIES, INC., Appellees. No. 2D2024-2891 October 24, 2025 Appeal from the Circuit Court for Hillsborough County; Laura E. Ward, Judge. Alexander B. Cvercko of Cvercko & Associates, PA, Jacksonville, for Appellant. Donald A. Mihokovich of Adams and Reese LLP, Tampa",2D2024-2891,https://www.courtlistener.com/opinion/10751806/x/,10751806,11218391,924,
wvJBbX0tzqo,25 0233,2D2025-0233,True,YOANNER VAZQUEZ-CARRILLO v. STATE OF FLORIDA,2026-04-08,affirm,Affirmed.,True,True,,Silberman; Atkinson; Labrit,False,,False,,Joshua Riba,Pasco,," FLORIDA, Appellee. No. 2D2025-0233 April 8, 2026 Appeal from the Circuit Court for Pasco County; Joshua Riba, Judge. Adriana C. Corso of Escobar, Michaels & Associates, Tampa, for Appellant. James Uthmeier, Attorney General, Tallahassee, and Katherine Coombs Cline, Assistant Attorney General, Tampa",2D2025-0233,https://www.courtlistener.com/opinion/10839184/x/,10839184,11306528,823,
wvUG-0Legxc,23 2631,2D2023-2631,True,"QUAY SARASOTA MASTER ASSOCIATION, INC., QUAY VENTURE, LLC, et al v. KT SARASOTA SOUTH, LLC, KT SARASOTA QUAY, LLC, et al",2025-06-04,affirm,Affirmed,True,True,,Morris; Lucas; Smith,False,,False,,Hunter W. Carroll,Sarasota,"Brannock Berman & Seider, Tampa; Scott A. McLaren and Shane T. Costello of Hill, Ward & Henderson, P.A., Tampa; Steven D. Hutton, Przemyslaw L. Dominko and Tyler Brand Stall of Hutton, Dominko, Swaim & Stall, PLLC, Sarasota; and Christene M. Ertl of Fisher, Tousey, Leas & Ball, P.A., Saint Augustine","inko, Swaim & Stall, PLLC, Sarasota; and Christene M. Ertl of Fisher, Tousey, Leas & Ball, P.A., Saint Augustine, for Appellants. David A. Wallace, Morgan R. Bentley and Ashley E. Gaillard of Bentley Goodrich Kison, P.A., Sarasota; Robert K. Lincoln of Law Office of Robert K. Lincoln, P.A., Sarasota",,,,,1720,
ww5sGdSL8kg,2D21 543,2D2021-0543,True,BARRY EDWIN TWIGG  vs AMANDA JEAN TWIGG,2022-05-06,mixed,Affirmed in Part/Reversed in Part ; remanded.,False,False,Black,Black; Lucas; Atkinson,False,,False,,Christine A. Marlewski,Hillsborough,,"WIN TWIGG, Appellant, v. AMANDA JEAN TWIGG n/k/a Amanda Harper, Appellee. No. 2D21-543 May 6, 2022 Appeal from the Circuit Court for Hillsborough County; Christine A. Marlewski, Judge. Barry E. Twigg, pro se. Lisa A. Westberry of Westberry Law Group LLC, Tampa; and LeesaAnn Dodds of Dodds Law, Tampa",,,,,4266,
wwYkO77kqVI,2D21 3869,2D2021-3869,True,"JOHNS HOPKINS ALL CHILDREN'S HOSPITAL, INC.  vs JACK KOWALSKI, INDIVIDUALLY AND ON BEHALF OF HIS CHILDREN, ET AL",2022-10-07,denied,Denied,True,False,,Kelly; Khouzam; Sleet,False,,False,,,,,,,,,,1215,
wwtb3WxUpxs,2D17 4504,2D2017-4504,True,"CALVIN DELEON TURNER, JR.  vs STATE OF FLORIDA",2019-09-27,affirm,Affirmed,True,False,,,False,,False,,,,"JR., ) ) Appellant, ) ) v. ) Case No. 2D17-4504 ) STATE OF FLORIDA, ) ) Appellee. ) ) Opinion filed September 27, 2019. Appeal from the Circuit Court for Sarasota County; Charles E. Roberts, Judge. Howard L. Dimmig, II, Public Defender, and David B. Falstad, Special Assistant Public Defender, Bartow",,,,,,1205,
wyR7dLYjv40,22 2697,2D2022-2697,True,"RALPH CHARETTE VS THE ESTATE OF JOHN P. MARTIN, ET AL",2023-08-23,affirm,Affirmed - Per Curiam Affirmed,True,True,,Sleet; Villanti; Black,False,,False,,Vivian T. Corvo,Hillsborough,"JOHN ROBERTS, as personal representative of the Estate of John P. Martin, deceased and WILLIAM K. LOVELACE, Appellees. No. 2D22-2697 August 23, 2023 Appeal from the Circuit Court for Hillsborough County; Vivian T. Corvo, Judge. John A. Anthony and John W. Landkammer of Anthony & Partners, LLC, Tampa","artin, deceased and WILLIAM K. LOVELACE, Appellees. No. 2D22-2697 August 23, 2023 Appeal from the Circuit Court for Hillsborough County; Vivian T. Corvo, Judge. John A. Anthony and John W. Landkammer of Anthony & Partners, LLC, Tampa, for Appellant. David C. Gibbs, III of Gibbs Law Firm, P.A., Largo",,,,,1074,
x0ZRwhzNzcM,2D22 1250,2D2022-1250,True,"C. G.-L.  vs IN RE: GUARDIANSHIP OF: N.I.G., M. G. AND A. G.",2022-12-21,affirm,Affirmed,True,False,,Silberman; Kelly; Lucas,False,,False,,Richard A. Weis,Hillsborough,"DISTRICT COURT OF APPEAL OF FLORIDA SECOND DISTRICT C.G.-L., Appellant, v. M.G., A.G., and In re Guardianship of N.G., Appellee. No. 2D22-1250 December 21, 2022 Appeal from the Circuit Court for Hillsborough County; Richard A. Weis, Judge. Amanda C. Cummins of AC Cummins Law, St. Petersburg","Appellee. No. 2D22-1250 December 21, 2022 Appeal from the Circuit Court for Hillsborough County; Richard A. Weis, Judge. Amanda C. Cummins of AC Cummins Law, St. Petersburg, for Appellant. Janelle A. Weber of Manta Law, Tampa; and Sy-Woei Hao and Andrew J. Mirabole of Andrew J. Mirabole, P.A., Tampa",,,,,1089,
x2WVD0HqEdg,24 2941,2D2024-2941,True,,,affirm,Affirmed.,True,True,,Lucas; Kelly; Smith,False,,False,,Joseph Anthony Bulone,Pinellas,,"ATE OF FLORIDA, Appellee. NO. 2D2024-2941 March 27, 2026 Appeal from the Circuit Court for Pinellas County; Joseph Anthony Bulone, Judge. J. Jervis Wise of Brunvand and Wise Law Group, Clearwater, for Appellant. James Uthmeier, Attorney General, and William A. Leto, Assistant Attorney General, Tampa",2D2024-2941,https://www.courtlistener.com/opinion/10824577/x/,10824577,11291349,814,
xDrJpk5OqQ8,23 2315,2D2023-2315,True,"SMITH v. THE SCHOOL BOARD OF HILLSBOROUGH COUNTY, FLORIDA",2025-05-21,reverse,Reversed and remanded with instructions.,False,False,Khouzam,Khouzam; Moe,False,,True,Moe,,,"DISTRICT COURT OF APPEAL OF FLORIDA SECOND DISTRICT JARVIS SMITH, Appellant, v. THE SCHOOL BOARD OF HILLSBOROUGH COUNTY, Appellee. No. 2D2023-2315 May 21, 2025 Appeal from the School Board of Hillsborough County. Branden Vicari of Herdman & Vicari, P.A., Clearwater","ARD OF HILLSBOROUGH COUNTY, Appellee. No. 2D2023-2315 May 21, 2025 Appeal from the School Board of Hillsborough County. Branden Vicari of Herdman & Vicari, P.A., Clearwater, for Appellant. Kristen M. Fiore of Akerman, LLP, Tallahassee; and Phillip J. Harris and Emily C. Ayvazian, Akerman, LLP, Tampa",,,,,9392,
xIxYhs1Qa-A,2D21 1674,2D2021-1674,True,"GEDIMINAS PAKALNIS  vs BLEAKLEY, BAVOL, DENMAN & GRACE, P. A.",2022-06-17,affirm,Affirmed,True,False,,,False,,False,,,,,"LEY, BAVOL, DENMAN & GRACE, P. A., Appellee. No. 2D21-1674 June 17, 2022 Appeal pursuant to Fla. R. App. P. 9.130 from the Circuit Court for Hillsborough County; Paul L. Huey, Judge. Gediminas Pakalnis, pro se. Richard W. Ervin, IV and J. Ronald Denman of Bleakley, Bavol, Denman & Grace, P.A., Tampa",,,,,780,
xJILrezNfZE,2D19-4644,2D2019-4644,True,"KATALIN KOZMA  vs DEUTSCHE BANK TRUST COMPANY AMERICAS, AS TRUSTEE",2021-04-14,affirm,Affirmed,True,False,,Atkinson; Stargel; Labrit,False,,False,,,,,"rcuit Court for Sarasota County; Maria Ruhl, Judge. Jacqulyn Mack-Majka of Mack Law Firm Chartered, Englewood, for Appellant. C.H. Houston, III (withdrew after briefing), Kathleen D. Kilbride (substituted as counsel of record), Sara F. Holladay, and Emily Y. Rottmann of McGuirewood LLP, Jacksonville",,,,,1418,
xKhoyuhdAQU,22 2702,2D2022-2702,True,CARLOS BERUFF VS FLORIDA COMMISSION ON ETHICS,2023-08-25,affirm,Affirmed - Per Curiam Affirmed,True,True,,,False,,False,,,,"DISTRICT COURT OF APPEAL OF FLORIDA SECOND DISTRICT CARLOS BERUFF, Appellant, v. FLORIDA COMMISSION ON ETHICS, Appellee. No. 2D22-2702 August 25, 2023 Appeal from the Florida Commission on Ethics. Mark Herron and Douglas M. Smith of Messer Caparello, P.A., Tallahassee","orida Commission on Ethics. Mark Herron and Douglas M. Smith of Messer Caparello, P.A., Tallahassee, for Appellant. Ashley Moody, Attorney General, and Melody A. Hadley, Assistant Attorney General, Tallahassee, and Steven J. Zuilkowski and Joseph C. Burns of Florida Commission on Ethics, Tallahassee",,,,,919,
xLOA9MxIJzs,2D19-3215,,False,,,,,,,,,,,,,,,,,,,,,,
xMZyIBO0aYk,23 533,2D2023-0533,True,"VERONICA RAMOS AND ERVIN LOPEZ VS ELIZABETH PEREZ-DIAZ, D. M. D., ET AL.",2024-03-22,affirm,Affirmed - Per Curiam Affirmed,True,True,,Casanueva; Silberman; Black,False,,False,,Charles Sniffen,Manatee," v. ELIZABETH PEREZ-DIAZ, D.M.D. n/k/a Elizabeth Perks, D.M.D.; and JJP HEALTHCARE INTERNATIONAL, INC., Appellees. No. 2D23-533 March 22, 2024 Appeal from the Circuit Court for Manatee County; Charles Sniffen, Judge. Donna Greenspan Solomon of Solomon Appeals, Mediation & Arbitration, Ft. Lauderdale"," HEALTHCARE INTERNATIONAL, INC., Appellees. No. 2D23-533 March 22, 2024 Appeal from the Circuit Court for Manatee County; Charles Sniffen, Judge. Donna Greenspan Solomon of Solomon Appeals, Mediation & Arbitration, Ft. Lauderdale, for Appellants. Elizabeth S. Wheeler of Berg & Wheeler, P.A., Brandon",,,,,989,
xOtqrDnKBEY,2D19-3901,,False,,,,,,,,,,,,,,,,,,,,,,
xW20el06oZc,22 1532,2D2022-1532,True,"WILMINGTON SAVINGS FUND SOCIETY, FSB, D/B/A VS JENNIFER M. PAYTON, ASBEL ESTATES HOMEOWNERS ASSOCIATION,",2023-06-16,reverse,Reversed - Authored Opinion ~ and remanded for further proceedings.,False,False,Rothstein-Youakim,Rothstein-Youakim; Northcutt; Khouzam,False,,False,,Susan G. Barthle,Pasco," JENNIFER M. PAYTON; ASBEL ESTATES HOMEOWNERS ASSOCIATION, INC.; EDMUND J. PAYTON; and UNKNOWN TENANT IN POSSESSION OF THE SUBJECT PROPERTY, Appellees. No. 2D22-1532 June 16, 2023 Appeal from the Circuit Court for Pasco County; Susan G. Barthle, Judge. Michael W. Smith of Burr & Forman, LLP, Orlando",".; EDMUND J. PAYTON; and UNKNOWN TENANT IN POSSESSION OF THE SUBJECT PROPERTY, Appellees. No. 2D22-1532 June 16, 2023 Appeal from the Circuit Court for Pasco County; Susan G. Barthle, Judge. Michael W. Smith of Burr & Forman, LLP, Orlando, for Appellant. Matthew D. Wolf of Ivanov & Wolf, PLLC, Tampa",,,,,9739,
xWNhaueEeOM,2D20 2870,2D2020-2870,True,DEBRA R. MONTEROSSO  vs JAMES A. MONTEROSSO,2021-12-15,affirm,Affirmed,True,False,,,False,,False,,Scott H. Cupp,Collier,"OF FLORIDA SECOND DISTRICT DEBRA R. MONTEROSSO, n/k/a DEBRA R. WARD, Appellant, v. JAMES A. MONTEROSSO and NATIONAL DEFAULT REALTY, LLC, Appellees. No. 2D20-2870 December 15, 2021 Appeal from the Circuit Court for Collier County; Scott H. Cupp, Judge. Allison M. Perry of Florida Appeals, P.A., Tampa",,,,,,749,
xZqz4lKTjFw,21 1574,2D2021-1574,True,"STEPHANIE PIO VS LUKE'S LANDSCAPING, INC., ET AL.",2023-07-12,affirm,Affirmed - Authored Opinion,False,False,Morris,Morris; Kelly; Labrit,False,,False,,Linda R. Allan and Cynthia J. Newton,Pinellas,", Appellant, v. LUKE'S LANDSCAPING, INC.; SIMON CAPITAL GP; and MACY'S FLORIDA STORES, LLC, Appellees. No. 2D21-1574 July 12, 2023 Appeal from the Circuit Court for Pinellas County; Linda R. Allan and Cynthia J. Newton, Judges. Robert J. Healy, Jr., of Salter, Healy, Rivera & Heptner, St. Petersburg","CY'S FLORIDA STORES, LLC, Appellees. No. 2D21-1574 July 12, 2023 Appeal from the Circuit Court for Pinellas County; Linda R. Allan and Cynthia J. Newton, Judges. Robert J. Healy, Jr., of Salter, Healy, Rivera & Heptner, St. Petersburg, for Appellant. Ezequiel Lugo of Banker Lopez Gassler P.A., Tampa",,,,,1371,
xa4fWpMSDlc,25 0803,2D2025-0803,True,"PJS CONSULTING, INC.; PAUL J. SIERRA v. GINA SIERRA",2026-04-15,denied,Denied.,False,True,,Northcutt; Morris; Smith,False,,False,,,,,,2D2025-0803,https://www.courtlistener.com/opinion/10843197/x/,10843197,11310553,2293,
xk1LDbv4npQ,2D18-4153,,False,,,,,,,,,,,,,,,,,,,,,,
xkOS_ue0TqA,23 2182,2D2023-2182,True,"WENDEL v.  TRUSTEES OF MEASE HOSPITAL, INC., D/B/A MEASE COUNTRYSIDE HOSPITAL",2025-05-28,affirm,Affirmed,True,True,,,False,,False,,George M. Jirotka,Pinellas,,,,,,,787,
xnLzCGwD7Q8,24 1251,2D2024-1251,True,"Hourglass Entertainment, LLC, Stingrays Bar & Grill, et al v. NRG Investments, Inc.",2025-07-16,mixed,"Affirmed in part, reversed in part; remanded with directions.",False,False,Labrit,Labrit; Silberman; Kelly,False,,False,,Emily A. Peacock,Hillsborough,"INGRAYS BAR & GRILL; DENISE CARLASCIO; and ERIC MATUS, Appellants, v. NRG INVESTMENTS, INC., Appellee. No. 2D2024-1251 July 16, 2025 Appeal from the Circuit Court for Hillsborough County; Emily A. Peacock, Judge. Michael J. Labbee and Tyler A. Hayden of Phillips, Hayden & Labbee, LLP, St. Petersburg",", v. NRG INVESTMENTS, INC., Appellee. No. 2D2024-1251 July 16, 2025 Appeal from the Circuit Court for Hillsborough County; Emily A. Peacock, Judge. Michael J. Labbee and Tyler A. Hayden of Phillips, Hayden & Labbee, LLP, St. Petersburg, for Appellants. Rory B. Weiner of Rory B. Weiner, P.A., Brandon",,,,,6753,
xq3k8Wbrw9w,2D21 1910,2D2021-1910,True,"WILLIAM NEWT HUDSON  vs NATIONSTAR MORTGAGE, LLC D/B/A MR. COOPER",2022-11-04,affirm,Affirmed,True,False,,,False,,False,,George M. Jirotka,Pinellas,"RT OF APPEAL OF FLORIDA SECOND DISTRICT WILLIAM NEWT HUDSON, Appellant, v. NATIONSTAR MORTGAGE, LLC d/b/a MR. COOPER, Appellee. No. 2D21-1910 November 4, 2022 Appeal from the Circuit Court for Pinellas County; George M. Jirotka, Judge. Wm. Newt Hudson of Law Office of Wm. Newt Hudson, Tarpon Springs"," d/b/a MR. COOPER, Appellee. No. 2D21-1910 November 4, 2022 Appeal from the Circuit Court for Pinellas County; George M. Jirotka, Judge. Wm. Newt Hudson of Law Office of Wm. Newt Hudson, Tarpon Springs, for Appellant. Steven L. Force and Ashley Arenas-DeCubas of De Cubas & Lewis, P.A., Coral Springs",,,,,800,
xtwgWTPiw5k,2D21 3085,2D2021-3085,True,"JOHN SHIM, M. D.  vs ROBERT G. CREWS AND CHAD CHRONISTER, SHERIFF OF HILLSBOROUGH COUNTY",2022-06-10,denied,Denied,True,False,,,False,,False,,,,,,,,,,1007,
xv0omg2Agk4,25 1862,2D2025-1862,True,JONATHAN A. FROST v. STATE OF FLORIDA,2026-05-27,affirm,Affirmed.,True,True,,,False,,False,,Michelle Sisco,Hillsborough,," Appellee. No. 2D2025-1862 May 27, 2026 Appeal from the Circuit Court for Hillsborough County; Michelle Sisco, Judge. Terry P. Roberts of Law Office of Terry P. Roberts, Tallahassee, for Appellant. James Uthmeier, Attorney General, Tallahassee, and Cynthia Richards, Assistant Attorney General, Tampa",2D2025-1862,https://www.courtlistener.com/opinion/10864723/x/,10864723,11332168,827,
xvx1xg-aHqU,24 2137,2D2024-2137,True,"Simon, Cherry Bekaert, LLP v. Keris-Rubinson",2025-07-25,affirm,Affirmed,True,True,,Kelly; Khouzam; Atkinson,False,,False,,,,"b-trusts thereunder, Appellees. No. 2D2024-2137 July 25, 2025 Appeal pursuant to Fla. R. App. P. 9.130 from the Circuit Court for Hillsborough County; Darren David Farfante, Judge. H. Steven Vogel of Dickinson Wright, PLLC, Ft. Lauderdale, and K. Scott Hamilton of Dickinson Wright, PLLC, Detroit, MI",,,,,,1087,
xyMV-wjWX94,25 1204,2D2025-1204,True,"TOM LAM and DEBORAH MURPHY LAM v. MODERN TAMPA BAY HOMES, INC.",2026-04-08,reverse,Reversed and remanded.,False,False,Morris,Morris; Atkinson,False,,True,Atkinson,Rebecca L. Hamilton,Pinellas,"DISTRICT COURT OF APPEAL OF FLORIDA SECOND DISTRICT TOM LAM and DEBORAH MURPHY LAM, Appellants, v. MODERN TAMPA BAY HOMES, INC., Appellee. No. 2D2025-1204 April 8, 2026 Appeal from the Circuit Court for Pinellas County; Rebecca L. Hamilton, Judge. James Patterson of Harder Law, Lutz","s, v. MODERN TAMPA BAY HOMES, INC., Appellee. No. 2D2025-1204 April 8, 2026 Appeal from the Circuit Court for Pinellas County; Rebecca L. Hamilton, Judge. James Patterson of Harder Law, Lutz, for Appellants. Robert E. Biasotti and Brandon S. Vesely of The Florida Appellate Firm, P.A., St. Petersburg",2D2025-1204,https://www.courtlistener.com/opinion/10839191/x/,10839191,11306535,8154,
y1VuMGtPxO4,2D19 4087,2D2019-4087,True,JOHN FESH  vs STATE OF FLORIDA,2021-09-29,reverse,Reversed and remanded.,False,False,Khouzam,Khouzam,False,,False,,Robert Branning,Lee,"DISTRICT COURT OF APPEAL OF FLORIDA SECOND DISTRICT JOHN FESH, Appellant, v. STATE OF FLORIDA, Appellee. No. 2D19-4087 September 29, 2021 Appeal from the Circuit Court for Lee County; Robert Branning, Judge. Michael Ufferman of Michael Ufferman Law Firm, P.A., Tallahassee",,,,,,16810,
y9hk8KDsm_g,23 0400,2D2023-0400,True,PAYLAN v. TIMES PUBLISHING COMPANY,2025-06-18,affirm,Affirmed,True,True,,Sleet; Kelly; Atkinson,False,,False,,Melissa M. Polo,Hillsborough,"DISTRICT COURT OF APPEAL OF FLORIDA SECOND DISTRICT DR. CHRISTINA PAYLAN, Appellant, v. TIMES PUBLISHING COMPANY, JESSICA VANDER VELDE and JOE CHILDS, Appellees. No. 2D2023-0400 June 18, 2025 Appeal from the Circuit Court for Hillsborough County; Melissa M. Polo, Judge. Eric O. Husby, Land O Lakes"," Appellant, v. TIMES PUBLISHING COMPANY, JESSICA VANDER VELDE and JOE CHILDS, Appellees. No. 2D2023-0400 June 18, 2025 Appeal from the Circuit Court for Hillsborough County; Melissa M. Polo, Judge. Eric O. Husby, Land O Lakes, for Appellant. Alison M. Steele of Alison M. Steele, P.A., St. Petersburg",,,,,805,
yBWqsc7Xw3U,23 218,2D2023-0218,True,"WILLIAM GAY VS JOHN B. HENDRICKS, ET AL.",2024-02-07,affirm,Affirmed - Per Curiam Affirmed,True,True,,Northcutt; Casanueva; Lucas,False,,False,,Lauren C. Laughlin,Pinellas,"the Mayor and Commissioners of the City of MADEIRA BEACH, a municipality of the State of Florida, Appellees. No. 2D23-218 February 7, 2024 Appeal from the Circuit Court for Pinellas County; Lauren C. Laughlin, Judge. Marcy I. LaHart of Marcy I. LaHart PA, Micanopy; and Kenneth Weiss, Treasure Island","of the State of Florida, Appellees. No. 2D23-218 February 7, 2024 Appeal from the Circuit Court for Pinellas County; Lauren C. Laughlin, Judge. Marcy I. LaHart of Marcy I. LaHart PA, Micanopy; and Kenneth Weiss, Treasure Island, for Appellant. Andrew J. Salzman of Unice Salzman Jensen, P.A., Trinity",,,,,1204,
yE8W_CY9T_s,2D18-3776,,False,,,,,,,,,,,,,,,,,,,,,,
yInFZQGQ54A,24 0003,2D2024-0003,True,"Kistner v. Lowery, Lowery, et al.",2025-04-11,reverse,Reversed and remanded.,False,False,Atkinson,Atkinson; Sleet; Villanti,False,,False,,George M. Jirotka,Pinellas," v. MARIE J. LOWERY; PATRICIA LOWERY; and WALTER B. SHURDEN, as personal representative of the Estate of PATRICK PATRICCA, deceased, Appellees. No. 2D2024-0003 April 11, 2025 Appeal from the Circuit Court for Pinellas County; George M. Jirotka, Judge. Lee L. Haas of Haas & Castillo, PLLC, Clearwater","RICK PATRICCA, deceased, Appellees. No. 2D2024-0003 April 11, 2025 Appeal from the Circuit Court for Pinellas County; George M. Jirotka, Judge. Lee L. Haas of Haas & Castillo, PLLC, Clearwater, for Appellant. Steven W. Moore, Largo; and Daniel J. Grieco of Law Office of Daniel J. Grieco, P.A., Largo",,,,,12842,
yKdy8UHKBNY,2D19-3537,2D2019-3537,True,R. J. REYNOLDS TOBACCO COMPANY  vs JANICE DURRANCE JONES AND JULIAN DALE DURRANCE,2022-04-20,mixed,Affirmed in Part/Reversed in Part ; remanded.  ON REMAND FROM THE SUPREME COURT OF FLORIDA,False,False,,,False,,False,,Martha J. Cook,Hillsborough,"onal representatives for the Estate of Dorothy Watson Durrance, Appellees. No. 2D19-3537 April 20, 2022 Appeal from the Circuit Court for Hillsborough County; Martha J. Cook, Judge. Marie A. Borland and Troy A. Fuhrman of Hill Ward Henderson, Tampa; and Jason T. Burnette, Jones Day, Atlanta, Georgia","gia, for Appellant. David J. Sales and Daniel R. Hoffman of David J. Sales, P.A., Sarasota; James W. Gustafson, Jr., Brian R. Denney, Laurie J. Briggs, and T. Hardee Bass, III, of Searcy Denney Scarola Barnhart & Shipley, P.A., West Palm Beach; and Hutch Pinder of Whittmore Law Group, St. Petersburg",,,,,6689,
yPSd5ztKoPY,23 0732,2D2023-0732,True,UNIVERSAL PROPERTY & CASUALTY INSURANCE COMPANY v. WALSH,2024-06-28,affirm,Affirmed,True,True,,Sleet; Casanueva; Khouzam,False,,False,,Amy Williams,Pinellas,"DISTRICT COURT OF APPEAL OF FLORIDA SECOND DISTRICT UNIVERSAL PROPERTY & CASUALTY INSURANCE COMPANY, Appellant, v. SAMUEL JAMES WALSH, Appellee. No. 2D2023-0732 June 28, 2024 Appeal from the Circuit Court for Pinellas County; Amy Williams, Judge. Andrew A. Labbe of Groelle & Salmon, P.A., Tampa","AL PROPERTY & CASUALTY INSURANCE COMPANY, Appellant, v. SAMUEL JAMES WALSH, Appellee. No. 2D2023-0732 June 28, 2024 Appeal from the Circuit Court for Pinellas County; Amy Williams, Judge. Andrew A. Labbe of Groelle & Salmon, P.A., Tampa, for Appellant. Mark A. Nation of The Nation Law Firm, Longwood",,,,,804,
yPdp2Tcj0t4,2D20 2850,2D2020-2850,True,"RHODES TUCKER PHOENIX CHARTERED, D/B/A RHODES TUCKER  vs 2407 PERIWINKLE SANIBEL, LLC AND DARAYES MOBED",2021-10-20,affirm,Affirmed,True,False,,Northcutt; Silberman; Sleet,False,,False,,,,,". Nos. 2D20-2850 2D21-6 CONSOLIDATED October 20, 2021 Appeal pursuant to Fla. R. App. P. 9.130 from the Circuit Court for Lee County; Joseph C. Fuller, Judge. Christopher J. DeCosta of Mahshie & DeCosta, P.A., Fort Myers, for Appellant. Scott J. Hertz of Alois Roland Lubell & Morgan PLLC, Fort Myers",,,,,988,
yTO4ASrxwds,2D16 3329,2D2016-3329,True,JOSEPH MATTHEW KELLEY  vs STATE OF FLORIDA,2018-11-21,affirm,Affirmed,True,False,,,False,,False,,,,"HEW KELLEY, ) ) Appellant, ) ) v. ) Case No. 2D16-3329 ) STATE OF FLORIDA, ) ) Appellee. ) ) Opinion filed November 21, 2018. Appeal from the Circuit Court for Lee County; J. Frank Porter, Judge. Howard L. Dimmig, II, Public Defender, and Benedict P. Kuehne, Special Assistant Public Defender, Bartow",", 2018. Appeal from the Circuit Court for Lee County; J. Frank Porter, Judge. Howard L. Dimmig, II, Public Defender, and Benedict P. Kuehne, Special Assistant Public Defender, Bartow, for Appellant. Pamela Jo Bondi, Attorney General, Tallahassee, and Peter Koclanes, Assistant Attorney General, Tampa",,,,,1188,
yaLZg8i6sOM,25 2791,2D2025-2791,True,,,denied,Denied.,False,True,,Kelly; Morris; Sleet,False,,False,,,,,,2D2025-2791,https://www.courtlistener.com/opinion/10869456/x/,10869456,11336913,1056,
ydBdnUvFkdY,24 1635,2D2024-1635,True,"Nationwide Insurance Company Of America v. Auto Glass America, LLC, May",2025-09-05,reverse,Reversed and remanded.,False,True,,Morris; Rothstein-Youakim,False,,False,,,,"URANCE COMPANY OF AMERICA, Appellant, v. AUTO GLASS AMERICA, LLC, a/a/o NICK MAY, Appellee. No. 2D2024-1635 September 5, 2025 Appeal pursuant to Fla. R. App. P. 9.130 from the County Court for Hillsborough County; James Salvatore Giardina, Judge. Petra L. Justice of Banker Lopez Gassler, P.A., Tampa",,,,,,11449,
yfxCgVqGt7M,25 1042,2D2025-1042,True,"COMMUNITY REDEVELOPMENT AGENCY OF THE CITY OF v. CRUM PROPERTIES II, LLC",2026-01-14,affirm,Affirmed.,True,True,,Northcutt; Silberman; Kelly,False,,False,,,,"R, FLORIDA, Appellant, v. CRUM PROPERTIES II, LLC, Appellee. No. 2D2025-1042 January 14, 2026 Appeal pursuant to Fla. R. App. P. 9.130 from the Circuit Court for Pinellas County; Michael F. Andrews, Judge. Jack R. Reiter, Robert Johnson, Robert C. Weill, and Eric Yesner, of GrayRobinson, P.A., Miami","m the Circuit Court for Pinellas County; Michael F. Andrews, Judge. Jack R. Reiter, Robert Johnson, Robert C. Weill, and Eric Yesner, of GrayRobinson, P.A., Miami, for Appellant. Jenea M. Reed, Coral del mar Lopez, and Ryan M. Wolis of Stearns Weaver Miller Weissler Alhadeff & Sitterson, P.A., Miami",2D2025-1042,https://www.courtlistener.com/opinion/10774283/x/,10774283,11240868,966,
yhnaqtvggJw,2D21 259,2D2021-0259,True,"BAIN COMPLETE WELLNESS, LLC, A/ A/ O KERRI MCDOUGALD vs GARRISON PROPERTY & CASUALTY INSURANCE COMPANY",2022-12-14,mixed,Affirmed in Part/Reversed in Part and remanded.,False,False,Atkinson,Atkinson; Silberman; Smith,False,,False,,Joelle Ann Ober,Hillsborough,"ELLNESS, LLC, as assignee of KERRI McDOUGALD, Appellant, v. GARRISON PROPERTY & CASUALTY INSURANCE COMPANY, a foreign corporation, Appellee. No. 2D21-259 December 14, 2022 Appeal from the County Court for Hillsborough County; Joelle Ann Ober, Judge. Xavier J. Jackman of Westchase Legal Center, Tampa","ANY, a foreign corporation, Appellee. No. 2D21-259 December 14, 2022 Appeal from the County Court for Hillsborough County; Joelle Ann Ober, Judge. Xavier J. Jackman of Westchase Legal Center, Tampa, for Appellant. Rebecca Delaney, Stephen B. Farkas, and Scott W. Dutton of Dutton Law Group, PA, Tampa",,,,,28848,
ykeMrGlXvzU,25 0191,2D2025-0191,True,ROY MATTHEWS v. LANDMARK TOWERS AT SAND KEY CONDOMINIUM,2025-11-19,affirm,Affirmed.,True,True,,,False,,False,,Amy Williams,Pinellas,"DISTRICT COURT OF APPEAL OF FLORIDA SECOND DISTRICT ROY MATTHEWS, Appellant, v. LANDMARK TOWERS AT SAND KEY CONDOMINIUM ASSOCIATION, INC., Appellee. No. 2D2025-0191 November 19, 2025 Appeal from the Circuit Court for Pinellas County; Amy Williams, Judge. Brian J. Lee of Morgan & Morgan, Jacksonville","TOWERS AT SAND KEY CONDOMINIUM ASSOCIATION, INC., Appellee. No. 2D2025-0191 November 19, 2025 Appeal from the Circuit Court for Pinellas County; Amy Williams, Judge. Brian J. Lee of Morgan & Morgan, Jacksonville, for Appellant. Paul A. Milberg and Benjamin I. Lazarus of Kelly Kronenberg, P.A., Tampa",2D2025-0191,https://www.courtlistener.com/opinion/10751971/x/,10751971,11218556,815,
ylEB33dQqnE,24 2222,2D2024-2222,True,EDUARDO MARIN v. JANE ROBYN MARIN,2025-10-15,mixed,"Reversed in part, affirmed in part, and remanded.",False,False,Black,Black; Northcutt; Morris,False,,False,,Maria Ruhl,Sarasota,"DISTRICT COURT OF APPEAL OF FLORIDA SECOND DISTRICT EDUARDO MARIN, Appellant, v. JANE ROBYN MARIN, Appellee. No. 2D2024-2222 October 15, 2025 Appeal from the Circuit Court for Sarasota County; Maria Ruhl, Judge. Eric R. Maier of Older Lundy Koch & Martino, Tampa","T COURT OF APPEAL OF FLORIDA SECOND DISTRICT EDUARDO MARIN, Appellant, v. JANE ROBYN MARIN, Appellee. No. 2D2024-2222 October 15, 2025 Appeal from the Circuit Court for Sarasota County; Maria Ruhl, Judge. Eric R. Maier of Older Lundy Koch & Martino, Tampa, for Appellant. Kathi B. Halvorsen, Sarasota",2D2024-2222,https://www.courtlistener.com/opinion/10751733/x/,10751733,11218318,9636,
ymP1kxXO6Jg,2D18 4134,2D2018-4134,True,"MANATEE COUNTY PORT AUTHORITY  vs EUGENIO VELAZQUEZ, JOSE RODRIGUEZ, LOGISTEC USA, INC. FRESH QUEST, INC., ET AL",2021-04-21,affirm,Affirmed,True,False,,,False,,False,,,,"AZQUEZ; FRESH QUEST, INC.; ) and SOUTHERN STATES MATERIAL ) HANDLING, INC. d/b/a SOUTHERN ) STATES TOYOTA LIFT, ) ) Appellees. ) ) Opinion filed April 21, 2021. Appeal from the Circuit Court for Manatee County; Lon Arend, Judge. Frank J. Sioli and Sergio Blanco-Herrera of Sioli Alexander Pino, Miami","Appellees. ) ) Opinion filed April 21, 2021. Appeal from the Circuit Court for Manatee County; Lon Arend, Judge. Frank J. Sioli and Sergio Blanco-Herrera of Sioli Alexander Pino, Miami, for Appellant. Jerry D. Hamilton, Schuyler Smith, and Michael J. Dono of Hamilton, Miller & Birthisel, LLPP, Miami",,,,,1573,
ypbDDOsR3Qc,22 1458,2D2022-1458,True,SHAUN WYRICH VS STATE OF FLORIDA,2023-09-01,reverse,Reversed - Authored Opinion ~ and remanded.,False,False,Smith,Smith; Villanti; Black,False,,False,,Mary M. Handsel,Pasco,,"LORIDA, Appellee. No. 2D22-1458 September 1, 2023 Appeal from the Circuit Court for Pasco County; Mary M. Handsel, Judge. J. Andrew Crawford of J. Andrew Crawford, P.A., St. Petersburg, for Appellant. Ashley Moody, Attorney General, Tallahassee, and Sonia C. Lawson, Assistant Attorney General, Tampa",,,,,15646,
ysBZ-Jpq9LA,2D22 368,2D2022-0368,True,"JOE N. PEREZ  vs KIMBERLY ANN PEREZ MOORE, INDIVIDUALLY AND AS CO-PERSONAL REPRESENTATIVE OF THE ESTATE OF SHIRLEY M. PEREZ, DECEASED, ET AL.",2022-11-23,affirm,Affirmed,True,False,,Villanti; Lucas; Rothstein-Youakim,False,,False,,Melissa M. Polo,Hillsborough,"ividually and as co-personal representative of the Estate of Shirley M. Perez, deceased; and BRAD PEREZ, Appellees. No. 2D22-368 November 23, 2022 Appeal from the Circuit Court for Hillsborough County; Melissa M. Polo, Judge. Wm. Fletcher Belcher of Law Office of Wm. Fletcher Belcher, St. Petersburg","AD PEREZ, Appellees. No. 2D22-368 November 23, 2022 Appeal from the Circuit Court for Hillsborough County; Melissa M. Polo, Judge. Wm. Fletcher Belcher of Law Office of Wm. Fletcher Belcher, St. Petersburg, for Appellant. J. Richard Caskey and Athanasios Poulakidas, of J. Richard Caskey, P.A., Tampa",,,,,1530,
yt4qXP68cbE,2D20 120,2D2020-0120,True,"LAWRENCE BRAWLEY  vs DONALD A. SMITH, M. D., ET AL",2021-08-18,affirm,Affirmed,True,False,,Kelly; Villanti; Atkinson,False,,False,,Cheryl Thomas,Hillsborough,"ITY OF SOUTH FLORIDA BOARD OF TRUSTEES, Appellees. No. 2D20-120 August 18, 2021 Appeal from the Circuit Court for Hillsborough County; Cheryl Thomas, Judge. Michael J. Trentalange of Trentalange & Kelley, P.A., Tampa, and Kristin A. Norse and Stuart C. Markman of Kynes, Markman & Felman, P.A., Tampa","t for Hillsborough County; Cheryl Thomas, Judge. Michael J. Trentalange of Trentalange & Kelley, P.A., Tampa, and Kristin A. Norse and Stuart C. Markman of Kynes, Markman & Felman, P.A., Tampa, for Appellant. Amy L. Dilday and Mark Hartig of McCumber, Daniels, Buntz, Hartig, Puig & Ross, P.A., Tampa",,,,,1115,
yvb-80gtIag,24 1806,2D2024-1806,True,"THE FLORIDA CENTER FOR GOVERNMENT ACCOUNTABILITY, INC.; v. CHRISTIAN ZIEGLER; BRIDGET ZIEGLER; OFFICE OF THE STATE",2026-09-02,reverse,Reversed and remanded with directions.,False,False,,Northcutt; Villanti,False,,True,Villanti,Hunter W. Carroll,Sarasota,,,2D2024-1806,https://www.courtlistener.com/opinion/10964718/x/,10964718,11432329,63627,
ywV5zccOKkc,22 1482,2D2022-1482,True,"ANNE MCQUEEN VS CAROLE BASKIN, ET AL",2023-11-17,mixed,Affirmed in Part/Reversed in Part - Authored Opinion ~ ; remanded.,False,False,Lucas,Lucas; Casanueva; Rothstein-Youakim,False,,False,,Jennifer X. Gabbard,Hillsborough,"N, Appellant, v. CAROLE BASKIN, Appellee. No. 2D22-1482 November 17, 2023 Appeal from the Circuit Court for Hillsborough County; Jennifer X. Gabbard, Judge. Allison Morat and Ronnie Bitman of Bitman, O'Brien & Morat, PLLC, Lake Mary; John M. Phillips and Amy M. Hanna of Phillips & Hunt, Jacksonville",,,,,,39503,
yyNRT85HYQo,2D19-495,2D2019-0495,True,BRIAN TUCK  vs STATE OF FLORIDA,2020-11-18,affirm,Affirmed,True,False,,,False,,False,,,,"EAL OF FLORIDA SECOND DISTRICT BRIAN TUCK, ) ) Appellant, ) ) v. ) Case No. 2D19-495 ) STATE OF FLORIDA, ) ) Appellee. ) ) Opinion filed November 18, 2020. Appeal from the Circuit Court for Lee County; Joseph C. Fuller, Jr., Judge. Michael Ufferman of the Michael Ufferman Law Firm, P.A., Tallahassee",,,,,,1213,
yyPKc1wxMsc,24 1964,2D2024-1964,True,HAROLD GREENAKER and LISA GREENAKER v. UNIVERSAL PROPERTY & CASUALTY INSURANCE,2026-05-08,reverse,Reversed and remanded.,False,False,Atkinson,Atkinson; Lucas; Black,False,,False,,Emily Ann Peacock,Hillsborough,"PPEAL OF FLORIDA SECOND DISTRICT HAROLD GREENAKER and LISA GREENAKER, Appellants, v. UNIVERSAL PROPERTY & CASUALTY INSURANCE COMPANY, Appellee. No. 2D2024-1964 May 8, 2026 Appeal from the Circuit Court for Hillsborough County; Emily Ann Peacock, Judge. Mark A. Nation of The Nation Law Firm, Longwood","PERTY & CASUALTY INSURANCE COMPANY, Appellee. No. 2D2024-1964 May 8, 2026 Appeal from the Circuit Court for Hillsborough County; Emily Ann Peacock, Judge. Mark A. Nation of The Nation Law Firm, Longwood, for Appellants. David A. Noel and Kara Rockenbach Link of Link & Rockenbach, PA, West Palm Beach",2D2024-1964,https://www.courtlistener.com/opinion/10856215/x/,10856215,11323612,37418,
z-CvO5zXTGI,24 0446,2D2024-0446,True,"CLARKE v. J. F. SINK & SONS, INC.",2025-04-02,affirm,Affirmed,True,True,,Khouzam; Lucas; Smith,False,,False,,Thomas M. Ramsberger,Pinellas,"DISTRICT COURT OF APPEAL OF FLORIDA SECOND DISTRICT DEREK CLARKE, Appellant, v. J. F. SINK & SONS, INC., Appellee. No. 2D2024-0446 April 2, 2025 Appeal from the Circuit Court for Pinellas County; Thomas M. Ramsberger, Judge. Brian James Lee of Morgan & Morgan, PLLC, Jacksonville",,,,,,787,
z1X7NMjvd-M,2D19-3089,2D2019-3089,True,JAMES S. WEBB  vs PEGGY J. WEBB,2020-08-28,affirm,Affirmed,False,False,Lucas,Lucas; Casanueva; Smith,False,,False,,,,,"-3089 ) PEGGY J. WEBB, ) ) Appellee. ) ) Opinion filed August 28, 2020. Appeal from the Circuit Court for Collier County; Scott H. Cupp, Judge. Michael M. Shemkus and E.F. Murphy of Long, Murphy & Zung, P.A., Naples, for Appellant. Mark V. Silverio and Parker R. Hall of Silverio & Hall, P.A., Naples",,,,,20113,
z6nLHr_DQ54,21 2806,2D2021-2806,True,"GOVERNMENT EMPLOYEES INSURANCE COMPANY  vs SHAZAM AUTO GLASS, LLC, A/A/O NICOLE KONOPKA",2023-02-24,affirm,Affirmed,True,False,,Northcutt; Khouzam; Black,False,,False,,Miriam Valkenburg,Hillsborough,"SS, LLC, A/A/O Carl Talbert, Appellees. No. 2D21-2806, 2D21-2807, 2D21-2809, 2D21-2810 CONSOLIDATED February 24, 2023 Appeal from the County Court for Hillsborough County; Miriam Valkenburg, Judge. Lindsey R. Trowell, Ariane J. Smith, and Chloe A. Orta of Smith, Gambrell & Russell, LLP, Jacksonville",", Judge. Lindsey R. Trowell, Ariane J. Smith, and Chloe A. Orta of Smith, Gambrell & Russell, LLP, Jacksonville, for Appellant. David M. Caldevilla of de la Parte & Gilbert, P.A., Tampa; and Keith P. Ligori, Meaghann Ligori, Thomas McFadyen, and Torrey Clifford Taylor of Ligori & Ligori, P.A., Tampa",,,,,1205,
z7mY_NKucAU,25 0618,2D2025-0618,True,"LAUREN KOHEN and JOSH KOHEN v. PROMISE TO JET ENTERPRISES, LLC, a Florida limited",2026-02-20,affirm,Affirmed.,True,True,,Lucas; Northcutt; Villanti,False,,False,,Michael F. Andrews,Pinellas,"OND DISTRICT LAUREN KOHEN and JOSH KOHEN, Appellants, v. PROMISE TO JET ENTERPRISES, LLC, a Florida limited liability company, Appellee. No. 2D2025-0618 February 20, 2026 Appeal from the Circuit Court for Pinellas County; Michael F. Andrews, Judge. Michael J. Park of Park Law Group, P.A., Clearwater","mited liability company, Appellee. No. 2D2025-0618 February 20, 2026 Appeal from the Circuit Court for Pinellas County; Michael F. Andrews, Judge. Michael J. Park of Park Law Group, P.A., Clearwater, for Appellants. Dorothy DiFiore and Victoria Pineda of Quintairos, Prieto, Wood & Boyer, P.A., Tampa",2D2025-0618,https://www.courtlistener.com/opinion/10796829/x/,10796829,11263500,851,
zAO5V0Zmf6g,2D21 1734,2D2021-1734,True,ELENA CASSELLA  vs THE TRAVELERS HOME AND MARINE INSURANCE COMPANY,2023-01-13,affirm,Affirmed,False,False,,,True,,False,,Edward Nicholas,Manatee,"v. THE TRAVELERS HOME AND MARINE INSURANCE COMPANY, a foreign corporation; and PATRICK CASSELLA, Appellees. No. 2D21-1734 January 13, 2023 Appeal from the Circuit Court for Manatee County; Edward Nicholas, Judge. Brent Steinberg, Daniel L. Greene, and Jacob M. Schuster of Swope, Rodante, P.A., Tampa","ppellees. No. 2D21-1734 January 13, 2023 Appeal from the Circuit Court for Manatee County; Edward Nicholas, Judge. Brent Steinberg, Daniel L. Greene, and Jacob M. Schuster of Swope, Rodante, P.A., Tampa, for Appellant. Mihaela Cabulea and Matthew J. Lavisky of Butler Weihmuller Katz Craig LLP, Tampa",,,,,1366,
zHXBPHDM7pE,24 0924,2D2024-0924,True,"VEASEY, AS PERSONAL REPRESENTATIVE OF THE ESTATE OF RIVES v. AMERICAN EAGLE BRANDON, LLC, GREEN, et al",2025-01-22,affirm,Affirmed,True,True,,,False,,False,,,," GREEN & GREENBRIER SENIOR LIVING, LLC, Appellees. No. 2D2024-0924 January 22, 2025 Appeal pursuant to Fla. R. App. P. 9.130 from the Circuit Court for Hillsborough County; Christopher C. Nash, Judge. Thomas J. Seider of Brannock Berman & Seider, Tampa; and Scott Distasio of Distasio Law Firm, Tampa","pp. P. 9.130 from the Circuit Court for Hillsborough County; Christopher C. Nash, Judge. Thomas J. Seider of Brannock Berman & Seider, Tampa; and Scott Distasio of Distasio Law Firm, Tampa, for Appellant. James J. Maskowitz, Anne E. Semmons, and Kathryn Dunnam Harden of Hall Booth Smith, P.C., Tampa",,,,,1048,
zMyeg2DEO8k,2D21 3647,2D2021-3647,True,UNITED PROPERTY & CASUALTY INSURANCE COMPANY  vs ALAN MILLER AND LISA MILLER,2022-08-19,denied,Denied,True,False,,Northcutt; Casanueva; Khouzam,False,,False,,,,,,,,,,809,
zNHpSe5W38g,2D19-2694,,False,,,,,,,,,,,,,,,,,,,,,,
zOVSWpx4G4M,22 189,2D2022-0189,True,"ARTIS D. CARTER, II, AS THE PERSONAL REPRESENTATIVE VS BOARD OF TRUSTEES OF THE UNIVERSITY OF SOUTH FLORIDA, D/B/A UNIVERSITY OF",2023-10-04,affirm,Affirmed - Per Curiam Affirmed,True,True,,,False,,False,,Christopher C. Nash,Hillsborough," UNIVERSITY OF SOUTH FLORIDA, d/b/a UNIVERSITY OF SOUTH FLORIDA HEALTH, d/b/a UNIVERSITY OF SOUTH FLORIDA COLLEGE OF MEDICINE, Appellee. No. 2D22-189 October 4, 2023 Appeal from the Circuit Court for Hillsborough County; Christopher C. Nash, Judge. Thomas John Dandar of Dandar Law Group, P.A., Tampa","OF SOUTH FLORIDA COLLEGE OF MEDICINE, Appellee. No. 2D22-189 October 4, 2023 Appeal from the Circuit Court for Hillsborough County; Christopher C. Nash, Judge. Thomas John Dandar of Dandar Law Group, P.A., Tampa, for Appellant. Hala Sandridge and Chance Lyman of Buchanan Ingersoll & Rooney PC, Tampa",,,,,982,
zVu1S8J2pOk,22 3427,2D2022-3427,True,"JACKMAN, JACKMAN v. SCHWARZ, CEBRINK-SCHWARZ",2023-08-18,affirm,Affirmed - Per Curiam Affirmed,True,True,,,False,,False,,,," FLORIDA SECOND DISTRICT BRIDGET JACKMAN and KEIRON JACKMAN, Appellant, v. CATHERINE CEBRINK-SWARTZ, Appellee. No. 2D22-3427 August 18, 2023 Appeal pursuant to Fla. R. App. P. 9.130 from the Circuit Court for Sarasota County; Hunter W. Carroll, Judge. Allison M. Perry of Florida Appeals, P.A., Tampa","ellee. No. 2D22-3427 August 18, 2023 Appeal pursuant to Fla. R. App. P. 9.130 from the Circuit Court for Sarasota County; Hunter W. Carroll, Judge. Allison M. Perry of Florida Appeals, P.A., Tampa, for Appellants. John S. Jaffer, Sarasota, and Steele T. Williams of Steele T. Williams, P.A., Sarasota",,,,,870,
zYmkTHBYy80,23 987,2D2023-0987,True,PROGRESSIVE SELECT INSURANCE COMPANY v. WILKINS,2024-04-05,affirm,Affirmed - Per Curiam Affirmed,True,True,,,False,,False,,Kimberly Sharpe Byrd,Pasco,"ICT PROGRESSIVE SELECT INSURANCE COMPANY, Appellant, v. MONDAMIN WILKINS, Appellee. No. 2D23-987 April 5, 2024 Appeal from the Circuit Court for Pasco County; Kimberly Sharpe Byrd, Judge. Nicholas R. Consalvo of Boyd & Jenerette, P.A., Boca Raton and Kansas R. Gooden of Boyd & Jenerette, P.A., Miami"," No. 2D23-987 April 5, 2024 Appeal from the Circuit Court for Pasco County; Kimberly Sharpe Byrd, Judge. Nicholas R. Consalvo of Boyd & Jenerette, P.A., Boca Raton and Kansas R. Gooden of Boyd & Jenerette, P.A., Miami, for Appellant. Peter A. Sartes and JD Patel of Tragos Sartes & Tragos, Clearwater",,,,,875,
zamkndcWXSQ,2D20-1928,,False,,,,,,,,,,,,,,,,,,,,,,
zb-8ixOWy0I,22 1548,2D2022-1548,True,"FITZGERALD MOTORS, INC. D/ B/ A FITZGERALD'S COUNTRYSIDE HYUNDAI vs HYUNDAI MOTOR AMERICA CORPORATION",2023-03-15,affirm,Affirmed,True,False,,Casanueva; Kelly; Khouzam,False,,False,,,,"FITZGERALD MOTORS, INC., d/b/a FITZGERALD'S COUNTRYSIDE HYUNDAI, Appellant, v. HYUNDAI MOTOR AMERICA CORPORATION, Appellee. No. 2D22-1548 March 15, 2023 Appeal from the Department of Highway Safety and Motor Vehicles. John W. Forehand and R. Craig Spickard of Kurkin Forehand Brandes LLP, Winter Park","rehand and R. Craig Spickard of Kurkin Forehand Brandes LLP, Winter Park, for Appellant. Jessica L. Ellsworth and Danielle Desaulniers Stempel of Hogan Lovells US LLP, pro hac vice, Washington, D.C.; and J. Andrew Bertron and Ginger Boyd of Nelson Mullins Riley & Scarborough, LLP, Tallahassee, Tampa",,,,,1032,
zfP69d68l8o,2D18-530,2D2018-0530,True,LEONARDO DI GIOVANNI  vs DEUTSCHE BANK NATIONAL TRUST CO.,2020-11-25,reverse,Reversed and remanded,False,False,Morris,Morris; Northcutt; Lucas,False,,False,,,,"a ) LEONARDO N. DIGIOVANNI; RIVER ) CROSSING COMMUNITY ) ASSOCIATION INC.; UNKNOWN ) TENANT #1; UNKNOWN TENANT #2, ) ) Appellees. ) ) Opinion filed November 25, 2020. Appeal from the Circuit Court for Hillsborough County; Mark D. Kiser, Judge. Michael Alex Wasylik of Ricardo & Wasylik, PL, Dade City","INC.; UNKNOWN ) TENANT #1; UNKNOWN TENANT #2, ) ) Appellees. ) ) Opinion filed November 25, 2020. Appeal from the Circuit Court for Hillsborough County; Mark D. Kiser, Judge. Michael Alex Wasylik of Ricardo & Wasylik, PL, Dade City, for Appellant. Shaib Y. Rios of Brock & Scott, PLLC, Ft. Lauderdale",,,,,14693,
zhKUiMGWy9U,2D19-1233,,False,,,,,,,,,,,,,,,,,,,,,,
zixwHgl51Is,23 0586,2D2023-0586,True,"GINSBERG - KLEMMT, GINSBERG-KLEMMT v. SOUTH GATE COMMUNITY ASSOCIATION, INC.",2024-12-20,affirm,Affirmed,True,True,,Northcutt; Kelly; Khouzam,False,,False,,Kevin R. Bruning,Sarasota,"Appellants, v. SOUTH GATE COMMUNITY ASSOCIATION, INC., a Florida not-for-profit Corporation, Appellee. No. 2D2023-0586 December 20, 2024 Appeal from the Circuit Court for Sarasota County; Kevin R. Bruning, Judge. Valerie L. Leatherwood of Leatherwood Law Firm, P.A., Sarasota; and John S. Koda, Tampa","No. 2D2023-0586 December 20, 2024 Appeal from the Circuit Court for Sarasota County; Kevin R. Bruning, Judge. Valerie L. Leatherwood of Leatherwood Law Firm, P.A., Sarasota; and John S. Koda, Tampa, for Appellants. Brett M. Paben and Michelle A. Rowe of Law Offices of Lobeck & Hanson, P.A., Sarasota",,,,,1015,
zlHnYpXbkoA,2D21 2294,2D2021-2294,True,"ST. JOSEPH'S HOSPITAL, INC., D/B/A ST. JOSEPH'S HOSPITAL  vs KATHRYN D. WILSON AND TRAVIS W. WILSON",2022-03-18,denied,Denied,False,False,,Northcutt; Rothstein-Youakim; Stargel,False,,False,,,,,,,,,,1412,
znG6n-U6h8Y,23 2678,2D2023-2678,True,"YOKSICH v. PHILIP W. TALLY, MD, NEURO/SPINAL ASSOCIATES, PA",2025-04-25,affirm,Affirmed,True,True,,Kelly; Lucas; Labrit,False,,False,,Edward Nicholas,Manatee,," MD and NEURO/SPINAL ASSOCIATES, P.A., Appellees. No. 2D2023-2678 April 25, 2025 Appeal from the Circuit Court for Manatee County; Edward Nicholas, Judge. James M. Horne, Jr. of James Horne Law, P.A., Lakewood Ranch, for Appellant. Michael R. D’Lugo of Wicker Smith O’Hara McCoy & Ford, P.A., Orlando",,,,,841,
zo4nM6U1i6E,22 3484,2D2022-3484,True,KEYONDRA WALKER VS STATE OF FLORIDA,2023-12-01,affirm,Affirmed - Per Curiam Affirmed,True,True,,,False,,False,,"William H. Burgess, III",Pinellas,,"ee. No. 2D22-3484 December 1, 2023 Appeal from the Circuit Court for Pinellas County; William H. Burgess, III, Judge. J. Andrew Crawford of J. Andrew Crawford, P.A., St. Petersburg, for Appellant. Ashley Moody, Attorney General, Tallahassee, and William C. Shelhart, Assistant Attorney General, Tampa",,,,,826,
